:020000040800F2
:100000000080012095220208E9220208E922020864
:10001000E9220208E9220208E922020800000000A1
:10002000000000000000000000000000E9220208BB
:10003000E922020800000000453E0008E92202080B
:10004000E94B0008E9220208E9220208E922020835
:10005000E9220208E9220208E9220208E92202084C
:10006000E9220208E9220208E9220208E92202083C
:10007000E9220208E9220208E9220208E92202082C
:10008000E9220208E9220208E9220208E92202081C
:10009000E9220208E9220208E9220208E92202080C
:1000A000E9220208E9220208E9220208E9220208FC
:1000B000E9220208E9220208E9220208E9220208EC
:1000C000E9220208E9220208E9220208E9220208DC
:1000D000E9220208E9220208E9220208E9220208CC
:1000E000E9220208E9220208E9220208E9220208BC
:1000F000E9220208C13A0008E9220208E9220208BE
:10010000E9220208E9220208E9220208E92202089B
:10011000E9220208E9220208F1350008F53D00084D
:10012000E9220208E9220208E9220208E92202087B
:10013000E9220208E9220208E9220208E92202086B
:10014000E9220208E9220208E9220208E92202085B
:10015000E9220208E9220208E9220208E92202084B
:10016000E9220208E9220208E9220208E92202083B
:10017000E9220208E9220208E92202080000000040
:10018000E9220208E922020810B5054C237833B9A8
:10019000044B13B10448AFF300800123237010BD5A
:1001A0009002002000000000AC6B030808B5064B6D
:1001B0001BB106480649AFF300800648036813B137
:1001C000054B03B1984708BD00000000AC6B030865
:1001D000940200208C0200200000000070B56248EC
:1001E000624D2DED028B01F06FF800215E4801F0A9
:1001F000C3F85F4801F068F800215D4801F0BCF8E1
:10020000AC2023F07FF8044601F0F0F85421286870
:1002100002F074FC064618F0AFFF3146204601F0AC
:1002200093FE0821286802F069FC064617F012FCCC
:100230003146204601F088FE1421286802F05EFC59
:10024000064617F017FD3146204601F07DFE1021CD
:10025000286802F053FC06461AF08CFB3146204613
:1002600001F072FE012023F04DF8064612F0F4FD75
:10027000304602F05FFD012023F044F8064615F0F9
:10028000EDF9304602F056FD4421286802F036FCB4
:1002900006460EF0EDFA2046314601F055FE1821D3
:1002A000286802F02BFC054616F046FA294620463F
:1002B00001F04AFE282023F025F80021054617F01A
:1002C0003FFF2046294601F03FFE002213464DF233
:1002D000BD11606900F006FBB2EE040A00F0B8FF41
:1002E00000F032FFDFED237AB4EEE70AF1EE10FA08
:1002F000B0EE408A31DD042023F004F8DFED1E7AF1
:1003000028EE278A0546BCEEC88A002218EE101A8D
:1003100004F098FC2046294601F016FE606900F0C2
:100320009BFA94F8A830DB0703D50F48012101F0B0
:1003300023F8124C2368DA68986992F89C1107F048
:100340008DFB2368986A03F0C9FABDEC028B236821
:10035000BDE87040586A03F0E7B860680849036870
:100360009B689847DAE700BFAC0200201803002022
:10037000AE020020CDCCCC3D00247449C802002040
:10038000B8090308F8B50F4CFFF728FF00252746EA
:1003900010E06E1CC5F30031B6B200F0EDFF386816
:1003A000354600210A4601F0D5FD206803210022D0
:1003B00001F0D0FD2368044893F8A820D207E8D4C0
:1003C0001846EEE7C8020020AC02002010B5054C2C
:1003D0004C21204600F06CFFA01C4D21BDE81040D0
:1003E00000F066BFAC02002000487047D80903083F
:1003F00000487047E80903080D4B0F2810B41B682C
:1004000013DC03EB4002C1F30B01B2F8044104EB2F
:10041000C000013403EB4003A4B2072CA2F804414E
:10042000998084BF0023A2F804315DF8044B704723
:10043000B002002038B5094B04461C201C6022F095
:1004400061FF082205464FF47A7104F06DFC2846DE
:100450002560034904F068FD204638BDB002002045
:10046000F903000810B54879097920F053F90649D5
:10047000044621F0A9FE4FF6FF73B0F1FF3F14BF11
:100480002046184600B210BDCC5F030870B5044684
:10049000FFF7E8FF012201460646206804F0DAFC77
:1004A0000F28054600D970BD04EB001080350021EF
:1004B000102204EB4505043027F016FA00233146DC
:1004C0002068AB80012204F011FD20680121BDE805
:1004D000704004F063BD00BF88422DE9F8438046B8
:1004E000894629D0821C914226D0064636F8025F02
:1004F000B8F80030AB42144602F102070FD836F8C4
:10050000023C9D421AD2023A2380144632F8023D40
:100510009D42F9D34F4525800ED03A46E6E7C8EB19
:1005200006035B1004D05A00B81A414627F0C1F9FF
:100530004F45A8F80050F0D1BDE8F8831446E9E72C
:100540002DE9F00102F1FF3808EBD8784FEA68088E
:100550004145B8BF0C464CDA651C6C0004F10046FE
:10056000013E30F8257030F816C02646BC450644DA
:1005700000EB850504D9013C00EB440530F814700C
:10058000444526F8027CE7DBD60705D4023A02EBA5
:10059000D272B4EB620F20D0621E02EBD2728C4298
:1005A0004FEA620215DD30F81260B34206D810E05F
:1005B00030F81560B3420AD914462A46551E05EB99
:1005C000D575914220F814604FEA6505F0DB00EB29
:1005D00042052B80BDE8F00170470134640004F14E
:1005E0000042013A013C30F812202A8000EB440519
:1005F000D2E700EB41050C46C6E700BF2DE9F84FF6
:100600000B1A212B8246934640F39380002A6BD02D
:1006100000F102099B10BAF802403AF8132031F8B1
:10062000020C94420BF1FF3B44D2824246D38442F7
:1006300051D2BAF80050AAF8000021F8025CBAF8CA
:100640000260BAF80040A6420F464B461DD2023364
:10065000984633F8026BA642FAD3A542A7F10203EB
:1006600018D93B1F1F4633F80259A542FAD8B8459E
:1006700013D2434623F8025B3E80B8F80260BAF812
:10068000004037F8025CA642E1D3A5429846A7F1A4
:100690000203E6D81F46B845EBD340465A46FFF75B
:1006A000ADFFCAEB0803212B41DDBBF1000F1CD0CD
:1006B0004146AFE784420ED38242BAD3BAF8000073
:1006C000AAF800202AF81300BAF8026031F8025C98
:1006D000BAF80040B7E7BAF80060AAF80260AAF8D2
:1006E000004031F8025CAEE788465E10B41E64102C
:1006F000651C0AEB450500E0013C504621463246A8
:1007000035F8023DFFF71CFF002CF5D1BAF80020A8
:1007100038F8023C28F8022DCAEB08046210504653
:100720000021FFF70DFF032CF0DCBDE8F88FBDE8DA
:10073000F88FBDE8F88F00BF10B584B00446FFF70E
:1007400091FE0146206804F075FB72B604EB0013BD
:100750006C4653F8040F59689A68DB680FC462B698
:100760000622684604A9FFF749FF684604A9FFF777
:10077000B3FEBDF80410BDF80630BDF80820BDF882
:100780000A000B4413441844800804B010BD00BF95
:1007900001207047002070470120704710B5054BBD
:1007A0000360044640681FF0ADFE034B2360204603
:1007B00010BD00BF100A0308E810030810B5064B6F
:1007C0000360044640681FF09DFE044B23602046F2
:1007D00002F0B0FA204610BD100A0308E810030822
:1007E00038B540680D460A4926F050FC044670B101
:1007F000284627F03AFC012102462346284626F0E7
:1008000087FF0546204626F09FF9284638BD38BDAB
:10081000000A030810B503680A4A0446A3F10C0055
:10082000904282B002D1204602B010BD53F8042C91
:10083000511E002A43F8041CF5DC01A923F0B2F88C
:10084000F1E700BF980500200B460068114647F20B
:10085000693200F017BB00BF38B5046805462CB1FB
:10086000204600F0E1F9204602F064FA00232B60F4
:1008700038BD00BFF8B50C460546FFF7EDFF0C206C
:1008800022F040FD074600F093F92F606CB16C68D0
:10089000AE68B44209D0394600E0296854F8040B28
:1008A00003689B689847A642F7D1F8BD10B5046865
:1008B0004CB1204600F0E2F900B110BD064800F04E
:1008C00023FC0548F9E7054B05491B685868036890
:1008D0005B699847204610BDB4020020C802002082
:1008E000300A030800B583B0ADF800106946ADF8D2
:1008F0000220ADF80430FFF7D9FF03B05DF804FB28
:10090000F8B542680368D31A9B1004460F4605D019
:100910005A00934226D96FF0030600E004263046C1
:1009200022F0F0FC054694E809001B1A9B109A007F
:100930003968AF1807D045F8231094E809001B1A4E
:100940009B109A00AF1823B10146284626F0B1FF4C
:100950002068043708B102F0EDF92E44A66084E85F
:10096000A000F8BDB2F1804FD5D2DE00D7E700BFBE
:1009700038B543688468A342024606D009680BB1C3
:10098000196043680433536038BDFFF7B9FF38BDC1
:100990002DE9F0410646002384B043608360C360C4
:1009A000054646F8043B102022F0ACFC04AC80461F
:1009B0006E496F4F05F00AF944F8048D3046214620
:1009C000FFF7D6FF01AA6B49204623F085FA20469F
:1009D00003F0A6FC039BA3F10C02BA42804640F050
:1009E000B7802046B8F1000F5ED0624901AA23F01B
:1009F00073FA102022F086FC21465F4A804604F0FC
:100A0000C1FB039BA3F10C00B84277D1B8F1000FF2
:100A100005D030462146CDF80C80FFF7A9FF01AA8A
:100A20005649204623F058FA204603F079FC039BF0
:100A3000A3F10C02BA42804649D1B8F1000F1ED092
:100A40004E4901AA204623F047FA102022F05AFC12
:100A500021464B4A804604F095FB039BA3F10C0012
:100A6000B84240D1B8F1000F05D030462146CDF84C
:100A70000C80FFF77DFF284604B0BDE8F08101AA95
:100A80004049204623F028FA204603F049FC039B06
:100A9000A3F10C02BA4280464BD1B8F1000FEAD064
:100AA00001AA20463749CEE701AA374923F014FAB4
:100AB000204603F035FC039BA3F10C02BA428046AA
:100AC00027D1B8F1000FAAD020462F498EE753F85E
:100AD000041C481E002943F8040CAEDC104602A991
:100AE00022F060FFA9E753F8042C511E002A43F8B6
:100AF000041CB7DC02A922F055FFB3E753F8042C1D
:100B0000511E002A43F8041C80DC02A922F04AFF8F
:100B10007CE753F8041C481E002943F8040CD0DC81
:100B2000104602A922F03EFFB8F1000F3FF477AF64
:100B3000CAE753F8041C481E002943F8040CACDC37
:100B4000104602A922F02EFFB8F1000F93D0A7E7BC
:100B500053F8041C481E002943F8040C3FF741AF2A
:100B6000104602A922F01EFF3BE700BF6C0A0308F3
:100B700098050020740A0308840A0308A00A0308E1
:100B8000AC0A0308B00A03088C0A030810B5054C28
:100B9000204600F0A3FA20460349044ABDE810406D
:100BA00022F0D5BBB40200201508000888010020FF
:100BB0000022026042608260704700BF2DE9F04170
:100BC00090E86000B54282B080461CD0154F55F8C1
:100BD000044B3CB12368A3F10C02BA4215D1204664
:100BE00002F0A8F8AE42F2D1D8F800000023C8F80D
:100BF0000030C8F80430C8F8083008B102F09AF89C
:100C000002B0BDE8F0812846F0E753F8041C481E06
:100C1000002943F8040CE2DC104601A922F0C2FED0
:100C2000DDE700BF9805002010B50446FFF7C6FFBA
:100C3000206808B102F07EF8204610BD10B5436868
:100C400053F8044D436082B044B123680A4AA3F1CB
:100C50000C00904204D1204602F06CF802B010BDA6
:100C600053F8042C511E002A43F8041CF3DC01A99C
:100C700022F098FEEFE700BF98050020F8B590E855
:100C80005000B4420F4602D10DE0A6420BD054F8FA
:100C9000045B384605F10C01062226F0F2FD00281F
:100CA000F3D12846F8BD00252846F8BD2DE9F047C8
:100CB00090E8200145458AB00F4622D0012655F81C
:100CC000044BD7F80090E389B4F80CA00093238A72
:100CD000019322680292A37C0393E37C0493A068AF
:100CE00023F0F2FACDE906016268089253463246D3
:100CF000D9F8084004493846A047A84506F101063E
:100D0000DDD10AB0BDE8F087C00A0308F8B5426833
:100D10000368D31A9B1004460F4605D05A0093422D
:100D200026D96FF0030600E00426304622F0EAFAE6
:100D3000054694E809001B1A9B109A003968AF1801
:100D400007D045F8231094E809001B1A9B109A005D
:100D5000AF1823B10146284626F0ABFD20680437C2
:100D600008B101F0E7FF2E44A66084E8A000F8BDBA
:100D7000B2F1804FD5D2DE00D7E700BF2DE9F047B2
:100D800090E8A00084B0BD428146019124D08A46FB
:100D900001F10C0801E0AF421ED02E684046062249
:100DA00006F10C012C46043526F06BFD0028F2D12B
:100DB00056B13368184AA3F10C00904220D1304656
:100DC00001F0B8FFDDF804A0C4F800A0134826F035
:100DD000F1FE04B0BDE8F087D9F808309F420AD090
:100DE000019B17B13B60D9F804700437C9F804704F
:100DF00004B0BDE8F087484601A9FFF787FFE8E7A0
:100E000053F8042C511E002A43F8041CD7DC03A914
:100E100022F0C8FDD3E700BF980500201C0B030893
:100E2000F8B542680368D31A5B1004460F4605D034
:100E30005A00934221D96FF0010600E002263046A5
:100E400022F060FA054694E809001B1A5B105A006C
:100E50003988AF1818BF25F8131043B9023708B105
:100E600001F068FF2E44A66084E8A000F8BD0146AA
:100E7000284626F01EFD2068F0E7B2F1004FDAD2D6
:100E80009E00DCE72DE9F04190E89000BC4282B082
:100E9000884602D114E0A74212D054F8045B2E8A8F
:100EA0009642F8D1AE894645F5D159689868814295
:100EB00009D0881CED8901B10D80A7425860ECD1A2
:100EC00002B0BDE8F081184605F10E0101920093D1
:100ED000FFF7A6FF009B019ADDE700BF014B03600F
:100EE000704700BF500B030810B5034B0360044666
:100EF00001F020FF204610BD500B0308F0B50B6831
:100F00001A78232A87B00C4671D053F80C3C022B78
:100F10006DD9084600224749022322F0BAFC461C3C
:100F2000054664D023681B5C232B60D00223204637
:100F300040492A4622F078FC431C074653D03D49DD
:100F400020463A46022322F0A4FC064601302168DE
:100F500050D08B5D232B4DD051F80C2C9542C5EB16
:100F600007034DD82A46214602A822F071FF02A9A4
:100F700004A803F031F8142022F0C4F9054600F06B
:100F8000ADF8BDF81010BDF81220BDF81430A981DD
:100F90000120A874EA812B82721C05232046264971
:100FA00022F042FC421C226852F80C2C14BFC6EB03
:100FB00000030346964223D82146324603A822F076
:100FC00047FF284603A922F0D8FB039B1B4CA3F143
:100FD0000C00A04217D1029BA3F10C00A0421DD12E
:100FE000284607B0F0BD2168154826F02FFD0020E7
:100FF00007B0F0BD134826F029FD002007B0F0BD72
:10100000114822F0F6FF53F8042C511E002A43F831
:10101000041CE0DC01A922F0C5FCDCE753F8042C39
:10102000511E002A43F8041CDADC03A922F0BAFCA2
:10103000D6E700BF700B0308D00B0308980500200B
:10104000740B0308D80B0308B80B030838B5154612
:10105000FFF754FF044618B128462146FFF78EFEDD
:10106000204638BDF0B583B014460F4601AA194991
:101070001E46054622F030FF21463846FFF73EFF68
:10108000044660B1828933889A420BD02368124AA1
:10109000A3F10C00904212D1204601F04BFE2846ED
:1010A00003B0F0BDC28973889A42EFD1B388028A37
:1010B0009A42EBD12846214622F08DFEE6E753F80E
:1010C000042C511E002A43F8041CE5DC01A922F07F
:1010D00069FCE1E7283F03089805002010B50022CD
:1010E000074B03600021044681608274C2748281D0
:1010F000C28102824260034922F000FD204610BDF9
:10110000A4050020283F0308002282600022044931
:101110008274C2748281C2810282426022F0EEBC7B
:10112000283F0308837C10B5044633B9044B0549B6
:101130001B68586803689B689847204610BD00BF2D
:10114000C8020020040C0308F0B52DED028B837C4F
:1011500087B004460BB9C37C23BB0023214605A8F6
:10116000039322F02CFE04A805A903F017F8059BB1
:10117000214DA3F10C00A84233D1049E03A93046AF
:1011800027F01AFE039BB342B0EE408A10D9049BAD
:10119000A3F10C00A84219D1B0EE480A07B0BDEC8B
:1011A000028BF0BD90ED020A07B0BDEC028BF0BDE2
:1011B000124BE7891B68268A586822680168A38950
:1011C000009701968C680E49A047E0E753F8042C7D
:1011D000511E002A43F8041CDEDC05A922F0E2FBC4
:1011E000DAE753F8042C511E002A43F8041CC4DC2F
:1011F00002A922F0D7FBC0E798050020C802002012
:10120000600C030810B5044622F0D9FD204610BD3D
:1012100008B5837C0BB9C37C43B90749002203237B
:1012200022F002FB013018BF012008BD40680030E9
:1012300018BF012008BD00BF7C0D030807EE101A7F
:10124000F8EEC77A0122C0ED027A4160C27470479D
:10125000012280ED020AC274704700BF837C10B582
:1012600004461BB90123C37422F0B5FD204610BD0E
:1012700038B5044600781FF053F922780B4B61789B
:1012800053F822200125506805FA01F120EA0101F6
:1012900051602178627853F82130AA40D968032040
:1012A00000FA02F221EA0202DA6038BD800D03087A
:1012B00010B5C1F3031301F00F0104460370417030
:1012C000FFF7D6FF204610BD10B4094B01784278D5
:1012D00053F8213052001C6803219140012024EA78
:1012E000010100FA02F20A431A605DF8044B7047EC
:1012F000800D03080278124BF0B453F82220447892
:10130000176864000326A640012527EA060605FAA9
:1013100004F43443146051B90178427853F8213011
:101320004FF4803101FA02F29A61F0BC7047017803
:10133000427853F8213095409D61F0BC704700BF62
:10134000800D03080178044B427853F821300121C5
:1013500001FA02F29A617047800D03080178054B8B
:10136000427853F821304FF4803101FA02F29A6149
:10137000704700BF800D030810B40B4B047842780F
:1013800053F8243041B94FF4803000FA02F29A61E8
:1013900008465DF8044B7047012000FA02F29A619A
:1013A00008465DF8044B7047800D03080022026078
:1013B00042608260C2607047F8B5046900F10806B7
:1013C000B4420F464FF000050DD02069036839463E
:1013D0005B6998478542B8BF0546204622F032F83F
:1013E000B0420446F1D12846F8BD00BF2DE9F041D6
:1013F0002DED028BC64B0363436384B0044600F1BA
:10140000480300F1B401002243F80C2C43F8082CE7
:1014100043F8042C0C338B42F6D1BE4A94F8A83022
:10142000556F03F0D50343F04003AF0184F8A830B3
:1014300000F1D4816E0100F1CA81280100F1C08160
:10144000E90000F1B681AA0000F1AC816B0000F167
:101450009981002DC0F29F81AE4B5B6F13F000634A
:1014600005D194F8A82063F3861284F8A820A94A2D
:10147000A94B4FF08071516703A821211C60FFF731
:1014800017FF012103A8FFF735FF102021F03AFFD5
:1014900006460025FFF77CFA012130466661FFF71A
:1014A000E9F925601C2021F02DFF9C4901600346CD
:1014B00000F10802026142610572C56085619849C8
:1014C0006360012204F1300022F018FB954A606944
:1014D000D1684FF6FF030B4043F0BF6343F4003382
:1014E000D36046F20F612A462B46FFF7FBF92946E7
:1014F000FFF7A4FEFFF728FEBCEEC00A2A4610EE56
:10150000103A4CF6DF1184F8A93060692B46FFF7DA
:10151000E9F92946FFF792FEFFF77AFE94F8A83022
:1015200080F0010060F300032A4684F8A83048F2F6
:10153000AE012B466069FFF7D5F92946FFF77EFE1D
:10154000FFF766FE94F8A83060F382032A4684F819
:10155000A83043F666212B466069FFF7C3F994F87B
:10156000A810C1F38001FFF769FEFFF751FE94F860
:10157000A83060F345132A4684F8A83045F68B312D
:101580002B466069FFF7AEF90121FFF757FEFFF721
:101590003FFE94F8A83094F8A92060F30413012AC0
:1015A00084F8A83000F06B81C0F01F81022A00F09F
:1015B000C380206803689B689847282021F0A2FE1A
:1015C000054601F069FF2B6865629B6828469847CD
:1015D000442021F097FE054602F0DAF9A5624FF4A7
:1015E000927021F08FFE4F4D0646FEF723FFE9680B
:1015F0004D4BE6624FF6FF020A4042F0BF624FF0E9
:10160000200C4FF0400E60211026502042F4003292
:101610003027EA6083F837C3002283F82D6383F80C
:1016200036E385F8227083F8006383F8120383F8A9
:101630004D0383F8251383F8261383F83A1383F8B0
:1016400010136069134645F29E51FFF74BF9374975
:10165000FFF7F4FDFFF778FDBCEEC00A0022134649
:1016600084ED0E0A60694AF25D51FFF73BF90121F2
:10167000FFF7E4FDFFF768FDD4ED0E7AA06AB0EE47
:10168000408AB8EE670A02F043F9B0EE480AA06A51
:1016900002F062F9282021F035FE054606F0BCF97B
:1016A0002B68A5619B6828469847182021F02AFEE0
:1016B000054605F025FB2B68A5609B6828469847E2
:1016C0004FF4D07021F01EFE054609F099F82B6802
:1016D000E5609B6828469847042021F013FE0546E4
:1016E00001F0E2FB124B2B602846256219F088FBC3
:1016F000282021F007FE054606F06CFB256101203D
:1017000021F000FEE061204604B0BDEC028B11E048
:10171000A405002000380240C8020020B00D0308D4
:10172000380E030800ED00E000E100E0A0860100B3
:10173000904E0308BDE8F0812B4642F6AA2244F2FF
:10174000ED116069FFF7CEF84FF4E131FFF776FD58
:10175000FFF7FAFC5C4B4FF406711868B0EE408A54
:1017600001F0CCF9BDEEC88A4FF0FF330546009377
:101770008DED018A09210A22352305F0CFFB256072
:10178000284617E704F134005049102222F0A4FA49
:10179000002DBFF661AE04F134004D490A2222F05B
:1017A0009BFA59E604F134004A49152222F094FAD2
:1017B0004CE604F1340048490F2222F08DFA42E64B
:1017C00004F134004549092222F086FA38E604F192
:1017D00034004349042222F07FFA2EE604F134005B
:1017E00040490A2222F078FA24E62B4642F6AA2241
:1017F0006069354F44F2ED11FFF774F84FF4E131B1
:10180000FFF71CFDFFF7A0FC38684FF40671B0EE3F
:10181000408A01F073F9BDEEC88A4FF0FF3680466A
:101820008DED018A009609210A22352305F076FB09
:101830002B4642F6AA22C4F80080606944F2ED11FA
:10184000FFF750F84FF4E131FFF7F8FCFFF77CFCAD
:1018500038684FF40671B0EE408A01F04FF9BDEEE2
:10186000C88A0546334600968DED018A3521362219
:1018700005F054FB2B6828469B68984799E62B4651
:1018800042F6AA2244F2ED116069FFF72BF84FF4FB
:10189000E131FFF7D3FCFFF757FC0B4B4FF4067118
:1018A0001868B0EE408A01F029F9BDEEC88A0B2312
:1018B000054600938DED018A09210A220C2305F0CB
:1018C0002DFB2560284675E618030020180E030836
:1018D0002C0E0308000E0308F00D0308E40D0308A6
:1018E000DC0D0308D00D03082DE9F04F2DED048B1E
:1018F000BC4B0360B3B0074688464FF44C4044F6F7
:101900008A5100220DF1230301F078FC08B98DF80B
:1019100023003846B449012222F0DEF998F8A830B5
:101920009C0700F158819DF82320002A40F0768121
:10193000180740F1FF803846AC49042222F0CCF968
:10194000D8F80C3093ED448A8DED0C8AD3ED438AA0
:10195000CDED0D8AD3ED427ACDED0E7A93F8343089
:10196000DB0740F12B819FEDA29AC7EE897AC8EE82
:10197000898A88EE098A17EE900A22F0A5FC0446AF
:1019800018EE900A0D4622F09FFC02460B4618EE18
:10199000100ACDE90223CDE9004522F095FC12AEF4
:1019A000CDE90401934A8021304626F067FA924936
:1019B00004460622384622F08FF93146802C34BF87
:1019C0002246802222F088F9D8F80C1091F89C3138
:1019D000032B2EDD9FED868A03248B6891F834203B
:1019E00053F82430D3ED0B7A93ED087AF8EEE77ACA
:1019F000D007C7EE877A04F1010448BFC7EE887AA2
:101A000017EE900A22F060FC7C4ACDE900018021AB
:101A1000304626F033FA3146802834BF0246802211
:101A2000384622F059F9D8F80C1091F89C31A342AD
:101A3000D3DC0DF13C0948460CAA06F0E9FCD8F8C5
:101A40000C30DDED117A93F83430D90740F1A880DD
:101A50009FED678AC7EE887A17EE900A22F034FC71
:101A6000DDED107AC7EE887A04460D4617EE900A2F
:101A700022F02AFCDDED0F7A87EE888A82468B46BB
:101A8000CDE90045CDE902AB18EE100A22F01CFCAE
:101A9000584ACDE904018021304626F0EFF9584933
:101AA00004460622384622F017F9802C34BF22461D
:101AB0008022314622F010F9D8F80C40204606F07A
:101AC0004DFD94F83430DA0744BFDFED497A80EEFB
:101AD000270A10EE100A22F0F7FBCDE90001D8F832
:101AE0000C309FED487AD3ED567AC7EE277A17EE81
:101AF000900A22F0E9FB444ACDE9020180213046F8
:101B000026F0BCF93146802834BF02468022384690
:101B100022F0E2F898F8A840C4F38004BCB138463B
:101B20003A49022222F0D8F8384633B0BDEC048B93
:101B3000BDE8F08FD8F8180005F0A0FF002800F0ED
:101B4000C58138463249042222F0C6F8F8E64B46F1
:101B500022464AF616404BF2D3110F94109411947A
:101B600001F04CFB002840F06681DDF840800F9DBD
:101B7000454500F0BF81274A2C4605F11009631B3B
:101B8000143459F80330A3F10C00904240F0CC819A
:101B90004445F4D10F980028C1D001F0CBF8BEE73E
:101BA00017EE900A22F090FB044610980D4622F0A2
:101BB0008BFB9DED0F8A82468B4661E717EE900AFC
:101BC00022F082FB044618EE900A0D4622F07CFBC0
:101BD00002460B46DBE638460F49052222F07CF828
:101BE000AEE600BFA40500203C0E0308500E03081B
:101BF0003333CB41640E0308780E0308800E0308CC
:101C0000880E03080080BB45A80E0308C80E030811
:101C1000580E030898050020400E03083846B749BF
:101C2000042222F059F8D8F80C0009A906F0BEFBEE
:101C3000D8F80C00C36933B1036A09A91430012232
:101C40009847D8F80C0090F83430DDED097AD907C0
:101C500000F1238117EE900A22F036FB04460A9821
:101C60000D4622F031FB9DED0B8A02460B4618EE25
:101C7000100ACDE90223CDE9004522F025FB12AE82
:101C8000CDE904019E4A8021304626F0F7F89D49AF
:101C900004460622384622F01FF83146802C34BF15
:101CA0002246802222F018F8D8F80C1091F89C31C6
:101CB000032B2EDD9FED948A03248B6891F834204A
:101CC00053F8243093ED0B7AD3ED087AB8EEC77A47
:101CD000D207C7EE277A04F1010448BFC7EE887A1D
:101CE00017EE900A22F0F0FA884ACDE9000180212F
:101CF000304626F0C3F83146802834BF02468022A1
:101D0000384621F0E9FFD8F80C1091F89C31A34235
:101D1000D3DC0B98099B0A9C0F900DF13C094A46B5
:101D20000CA81193109406F073FBD8F80C30DDED7D
:101D30000E7A93F83430DB0740F1CE809FED728A43
:101D4000C7EE887A17EE900A22F0BEFADDED0D7A22
:101D5000C7EE887A04460D4617EE900A22F0B4FAD0
:101D6000DDED0C7A87EE888A02460B46CDE9022328
:101D7000CDE9004518EE100A22F0A6FA604ACDE936
:101D800004013046802126F079F861490446062294
:101D9000384621F0A1FF802C34BF224680223146F4
:101DA00021F09AFFD8F80C40D8F81830DFED597AB6
:101DB000D3ED088A94F83430DD0768EEA78A48BF6F
:101DC000DFED517A204648BFC8EEA78A06F0C6FB71
:101DD00094F83430DC0744BF9FED4B8A80EE088ACC
:101DE00018EE900A58BFB0EE408A22F06DFACDE9A5
:101DF000000118EE100A22F067FACDE90201D8F8C6
:101E00000C309FED457AD3ED567AC7EE277A17EE60
:101E1000900A22F059FA414ACDE904013046802166
:101E200026F02CF83146802834BF024680223846FE
:101E300021F052FF6EE6DDF83CA0DDF84080C2459F
:101E40005AD00AF1140455460AF1100BCAEB0503E7
:101E500054F8140C5BF8039022F036FACDE9000137
:101E600054F8100C22F030FA4B46CDE902012C4A0E
:101E70002021304626F002F81435202834BF0246CF
:101E800020223146384621F027FFA84504F11404EA
:101E9000DCD10F9DDDF840806AE69FED1B8AC7EE1E
:101EA000887A17EE900A22F00FFADDED0A7AC7EE73
:101EB000887A04460D4617EE900A22F005FADDED09
:101EC0000B7A02460B4687EE888AD0E638461549DB
:101ED000032221F001FFA6E617EE900A22F0F4F9A2
:101EE00004460D980D4622F0EFF99DED0C8A02464E
:101EF0000B463BE728464EE6454639E6480E0308C2
:101F0000640E0308780E03083333CB41800E0308B8
:101F1000880E0308000070420080BB45900E030845
:101F2000B80E0308600E030853F8041C01F1FF3ECD
:101F3000002943F804EC3FF72BAE3146079221F01D
:101F400031FD079A24E600BF08B50B6808469B6878
:101F5000984708BD2DE9F04F072983B08B4682468C
:101F600090463CD0012301930BEB4B0292000AF107
:101F70003C0188188C584668B4421CD0244F07EBAB
:101F8000CB02556805F001096D1006E0284457F8AA
:101F90003B2041469047A6420DD054F8040BB9F1BE
:101FA000000FF3D0415957F83B2028448A58414646
:101FB0009047A642F1D1BBF1070F02D003B0BDE8B4
:101FC000F08F9AF8A8309B0702D5019B002BF5D122
:101FD000DAF80C0003B0BDE8F04F06F019BD90F838
:101FE000A810D2F1010238BF002262F3410180F84B
:101FF000A81032B9C9B2080744BF62F3C3018AF816
:10200000A810DAF8180005F039FD0190ACE700BF20
:10201000800F030801EB410138B53C308B00C51837
:10202000C0586C68A0420DD00368934218BF031DCE
:1020300003D108E00168914205D0A342184603F19C
:102040000403F7D138BD011D8C4206D0631A9A10E3
:1020500003D0920025F02DFC6C68043C6C6038BD08
:1020600070B50C46064609B90AE02C463046E168D0
:10207000FFF7F6FFA568204600F05CFE002DF4D1C6
:1020800070BD00BF10B5054B044640F8043BE16845
:10209000FFF7E6FF024B2360204610BDB00D03089A
:1020A000E8100308074B10B5044640F8043BE1680C
:1020B000FFF7D6FF044B2360204600F03BFE20468E
:1020C00010BD00BFB00D0308E8100308F8B5426862
:1020D0000368D31A9B1004460F4605D05A0093425A
:1020E00026D96FF0030600E00426304621F00AF9F5
:1020F000054694E809001B1A9B109A003968AF182E
:1021000007D045F8231094E809001B1A9B109A0089
:10211000AF1823B10146284625F0CBFB20680437D1
:1021200008B100F007FE2E44A66084E8A000F8BDC8
:10213000B2F1804FD5D2DE00D7E700BF00B501EB8A
:1021400041013C3000EB810083B04368816801921B
:102150008B4207D00BB11A6043680433436003B06D
:102160005DF804FB01A9FFF7B1FFF8E730B4074AB7
:10217000074D084C0849C264002205654465816525
:1021800002704264826430BC704700BF012345671F
:1021900089ABCDEFFEDCBA9876543210F0B492B130
:1021A0000C460023A57894F801C0CF5CE6782D0496
:1021B00045EA0C253D4345EA0665C55004339A427D
:1021C00004F10404EED8F0BC704700BF30B492B103
:1021D000034600240D68055551F8045B2D0A5D7017
:1021E00031F8025C9D70043411F8015CDD70A2428C
:1021F00003F10403EED830BC704700BF2DE9F04F67
:10220000834695B004A840220BF1500494E83001B5
:10221000DBF84C90DFF8E0A3DB4FDC4EFFF7BEFFAE
:10222000DB4A0192DB4A0292049ADB4BDFF8CCC313
:10223000DFF8CCE3D948DA4991444B4428EA040258
:1022400005EA040942EA09094B4404EB736325EAF1
:1022500003020392059A9044039A03EA040942EAAE
:102260000909C244069ACA4403EB3A5A24EA0A0905
:102270000AEA0308154449EA0808AC44079AC4442A
:102280000AEBFC3C23EA0C080CEA0A051444A644B9
:1022900048EA0505089C0A9A75440CEBB5252AEA1C
:1022A000050E274405EA0C044EEA04043B4423448B
:1022B000099F05EB736303EA05043E442CEA030718
:1022C00056443C4306EB040E03EB3E5E25EA0E0645
:1022D00010440EEA0304344384440CEB04000B9CCA
:1022E0000D9FDDF838A00EEBF03023EA0006214404
:1022F00000EA0E04344329440C9E019D35440195A7
:10230000214400EBB121019AA64C2EEA010601EA14
:10231000000535431A442A44029BA34EA34D01EB0A
:1023200072621F4420EA020902EA0103BE4449EA3C
:102330000309F14402EB3959AAF5244E21EA090CAC
:1023400009EA0208AEF14F0E70444CEA08080F9FEC
:10235000974B804409EBF83822EA080E3B4408EA20
:1023600009004EEA0000194401441098059F08EB4B
:10237000B12C06440CEA080129EA0C00014332445E
:102380000A4411990CEB72630C4403EA0C0228EA2C
:1023900003010A43A144914403EB395E129A6FEAA8
:1023A0000E0404EA0C0115440EEA03020A43A84491
:1023B00090440EEBF836139D7E4A7F496FEA06087B
:1023C00006EA0E002A4408EA0305944405436544DE
:1023D00006EBB52505EA0E02394434400B4414439C
:1023E0000A987649764ADFF81CC21C44754B05EB07
:1023F000F46404EA0607034405EA080847EA080803
:102400009E440EEB08000F9B099F04EBF05000EA7E
:10241000050E194424EA05034EEA03030E44F1189D
:10242000049E00EBB14120EA0403324401EA0406B1
:10243000154446EA0302644B644E2A4401EB3232EF
:102440003B4402EA000E1C4421EA00034EEA030367
:10245000234402EBF36303EA0108D44422EA0104B3
:1024600048EA04046044204403EBF05E1398584D9E
:102470000D9FDFF894810EEA0204064423EA02006D
:10248000204331440E180899524C0EEBB64606EA2A
:1024900003000D442EEA03012A4440EA01051544D5
:1024A00006EB35353C4405EA0E0C234426EA0E04BF
:1024B0004CEA04041C444848129B079F4749484A79
:1024C00005EBF46404EA060C184425EA06034CEA1A
:1024D000030386440EEB030004EBF05000EA050E04
:1024E000394424EA05034EEA03030E44F1180C9B19
:1024F000119FDFF818C100EBB14101EA04061A444C
:1025000020EA0403154446EA0302364B364E2A44B9
:1025100001EB32323B4402EA000E1C4421EA000384
:102520004EEA03032344314D069C0B9F02EBF363F9
:1025300003EA010E254422EA01044EEA0404284479
:10254000051903EBF55505EA020EBC4423EA020027
:102550004EEA00006144014410980C9F05EBB14421
:10256000064425EA030104EA0300014332440A4415
:1025700009991F481F4EA1F5B82E04EB323284EAA8
:10258000050CAEF2BE6E43E0AF0F7CF52AC687475E
:10259000D8988069AFF7448B78A46AD7134630A8DF
:1025A000019546FD937198FD2211906B8E4379A69B
:1025B000BED75C892108B44962251EF6515A5E26B1
:1025C000AAC7B6E940B340C05D102FD681E6A1D8B6
:1025D000C8FBD3E7E6CDE121D60737C3870DD5F495
:1025E000ED145A4505E9E3A98A4C2A8DF8A3EFFCBE
:1025F00022619D6D44EABEA456B7C7E8DB70202473
:10260000EECEBDC15314440297FF2A43D9026F672F
:102610008CEA020C7344DFF838E3BA49634402EBF6
:102620003373BE4482EA040C8CEA030C754405EB58
:102630000C0E0F9D129F03EB7E5E284483EA020579
:1026400085EA0E05044460190EEB304039448EEAE9
:10265000030444400A441119059A089FAA4DAB4C43
:1026600000EB7121164480EA0E0C8CEA010C334415
:10267000A74EA84A634401EB33733E4481EA000C41
:102680000B9F8CEA030CB6440EEB0C0603EB76565C
:102690003A4483EA010E8EEA060E104400EB0E0265
:1026A00006EB3242554486EA0300504029440D1897
:1026B0001198049FDFF89CE2974902EB752582EAA6
:1026C000060C04448CEA050C1C44644405EB347489
:1026D000BE4485EA020C8CEA040C764406EB0C0E30
:1026E0008E48079E0A9F8E4B04EB7E5E304484EA40
:1026F000050686EA0E06024490190EEB3040394476
:102700008EEA040242400D44A9180D9A109F854E8E
:10271000854D00EB712180EA0E0C13448CEA010C0C
:102720002344634401EB33733E4481EA000C139F5E
:102730007E4A7F4C8CEA030CB6440EEB0C0603EB8E
:1027400076563A4483EA010E8EEA060E104400EBF8
:102750000E0206980B9FDFF800C2DFF800E206EBDE
:102760003242054486EA0300504029440D1804997A
:10277000704802EB75250C4465EA060151401C4483
:102780000C4405EBB464B84464EA020989EA05091B
:102790004644129F6849694BDFF8C4814E4404EBFC
:1027A000B656BC4466EA05076740624402EB070C74
:1027B000099A109FDFF8AC9106EB7C4C96446CEACA
:1027C00004027240754415440CEBF525384465EA63
:1027D000060282EA0C020444A018079C584F05EB3D
:1027E000B06060EA0C0221446A403144114400EBBD
:1027F000B151AAF5801A61EA0504AAF6833A444069
:10280000E244059EDFF860C1A24401EB7A4262EA2D
:10281000000433442B444C401E194A4B0293DFF80A
:102820004CA1494D494C02EBF6230C9E63EA010E84
:10283000B2448EEA020E5044139E704403EBB06023
:10284000B14460EA020A8AEA030A49440A9E5144F2
:1028500000EBB151B04461EA030989EA000942443E
:10286000119E4A4401EB7242B44462EA000888EACD
:1028700001086344089E434402EBF323374463EAB0
:10288000010C8CEA020C07EB000EE6440F98029F45
:10289000069E03EBBE6E07446EEA020058403944C0
:1028A00001440EEBB151354461EA030080EA0E00A9
:1028B0002A440D9FDBF84C60DBF85450024401EBD6
:1028C000724262EA0E003C44DBF8507048402344F8
:1028D000DBF8584003441744764407EBF3271544CC
:1028E0000C4404A8CBF84C60CBF85070CBF8545093
:1028F000CBF858400021402224F0F6FF15B0BDE887
:10290000F08F00BF0C38E5FD70BCBFBEC67E9B28B3
:10291000A9CFDE4B604BBBF6051D88048530EFD494
:1029200039D0D4D9E599DBE66556ACC4F87CA21F52
:10293000442229F4C3595B6592CC0C8FD15D848508
:10294000827E53F735F23ABDBBD2D72A91D386EBBC
:1029500081F67187FA27A1EAA72394AB39A093FCEB
:10296000144301A3E0E62CFEA111084E4F7EA86F90
:102970002DE9F843446C1746D20013199A42436478
:10298000836CC4F3C50488BF0133C4F1400603EB74
:102990005773B74205468846836409D20444601CD5
:1029A000002408EB04013A1BBDE8F84324F078BF8B
:1029B00020443246013005F1010924F071FFC4F1D1
:1029C000800449462846FFF719FCA74202D212E0CC
:1029D00026461C4608EB06012846FFF70FFC04F1CB
:1029E00040039F42F4D2484608EB04013A1BBDE87D
:1029F000F84324F055BF48463446D2E730B5037853
:102A000083B00446B3BB00F144052946684608225A
:102A1000FFF7DCFB626C1949C2F3C502372A94BF89
:102A2000C2F13802C2F178022046FFF7A1FF20462A
:102A300069460822FFF79CFF04F15C0004F14C0199
:102A40001022FFF7C3FB00214022601C24F04CFF42
:102A5000AB1C002284F844206A7003F8012B03F8B1
:102A6000012B03F8012B03F8012B03F8012B0121A3
:102A70001A702170204603B030BD00BF8C010020C9
:102A8000F0B50B788BB00746C3B10D4601AC09AE6B
:102A9000204695F85C200D49023425F021FAB44215
:102AA00005F10105F4D1002301A938466A468DF8E5
:102AB000243021F011FA38460BB0F0BD044901AAC8
:102AC00021F00AFA38460BB0F0BD00BFCC0E030867
:102AD000283F0308F0B4084C4160256802810027B4
:102AE0004FEA122C8F70CF7081F801C00A70056018
:102AF0002060F0BC704700BFCC0200208B0718BFDD
:102B000021F003012DE9F00118BF0431456801F1FE
:102B1000040C1FFA8CFC2B4610E093F801809A7885
:102B200041EA082141EA024141EA046161450A465D
:102B30001EDA018913446A18934215D8DA78197895
:102B4000D70902F07F041646E7D05E789C7841EA08
:102B5000062141EA044102F07F0241EA0262018952
:102B600013446A189342E9D90020BDE8F001704788
:102B700046F080068C45DE7027DA03EB0C02CCEBC6
:102B80000101D47803F80C1067F3C714C1F306668B
:102B900004F08004C1F307253443C1F307415570A5
:102BA0009170D470DC782CF0004C04F0800400218B
:102BB0004FEA1C2583F800C05D70DC709970446892
:102BC0000189121B8A4200DB00BE181DBDE8F0011E
:102BD000704700BF2DE9F00311F8013C11F8042CF7
:102BE00011F8034C11F8025C6FF3C71342EA042496
:102BF00044EA054403F07F020F1F44EA02643A19D5
:102C000001F8013CD378DD0926D145680689551BBA
:102C1000B54200F38D8017F804C092F801809678D1
:102C200011F8015C4CEA082242EA064203F07F03F5
:102C300042EA03631C44C4F3066325F07F051D4389
:102C4000C4F30722C4F3074301F8044C01F8015C04
:102C500001F8032C01F8023C45682B786E78AA78BD
:102C6000EC7843EA062343EA024304F07F0443EA94
:102C700004642A4615E00289964205EB020C54DAF8
:102C80001A7893F801809E78DC7842EA082242EABA
:102C9000064204F07F0452EA046446D0634544D2FD
:102CA0001A461319561BBB422644E4D1D378DE09D9
:102CB000C3F3C01539D111F8046C11F8039C11F855
:102CC000028C11F801CC46EA092646EA08460CF0C7
:102CD0007F0C46EA0C66344423F07F08C4F3066C8C
:102CE000C4F30726C4F307432E432B432C4348EA7F
:102CF0000C0C82F803C056709370147011F8042CF9
:102D000011F8036C11F8025C11F8014C4168038959
:102D100042EA062242EA054204F07F0042EA0062EB
:102D20007F1A3A449A4200DB00BEBDE8F0037047C8
:102D300000BE70E7094B1B68014613B90BE01B6826
:102D40004BB15A689142FAD3188902449142F6D2A3
:102D50001846FFF73FBF08461DF0D4BBCC02002049
:102D60002DE9F04F0B68446802899D68DFF8ACB02C
:102D700080460F4683B02549234638464FF0000968
:102D8000A847CA46D8F8046002E0042D34D92C4480
:102D90003B68E2789D681E4B1E49D20908BF5B461E
:102DA0000093237894F801E0A078E27843EA0E23B8
:102DB00043EA004302F07F0243EA02620192A31B4E
:102DC00022463846A84721786578E378A278D8F873
:102DD000046041EA052545EA024503F07F0245EA21
:102DE0000265DB09C6EB0402B8F808302A4408BFC4
:102DF000A9449A42AA44C8DB3B6807499C685246EA
:102E00004B463846A04703B0BDE8F08FE40E0308F8
:102E1000D40E0308040F0308280F0308DC0E030870
:102E20000246F0B45368158900201C4602E0042ACB
:102E300014D91344D9785F789E78CA091A7842EA7F
:102E4000072201F07F0142EA064242EA0162C4EB36
:102E50000301114408BF8018A942E8DBF0BC7047A9
:102E6000704700BF704700BF704700BF704700BF8A
:102E7000704700BF704700BF704700BF704700BF7A
:102E8000704700BF704700BF014B0360704700BF31
:102E9000500F030810B5034B03600446FFF74AFFC9
:102EA000204610BD500F0308014B0360704700BF60
:102EB000500F0308024B02461868FFF73FB900BFE6
:102EC000C8020020082810B40AD80F2908D8064BD9
:102ED000012453F8202004FA01F10A4343F820208A
:102EE0005DF8044B704700BFF4020020082810B4BE
:102EF0000AD80F2908D8064B012453F8202004FAD9
:102F000001F10A4343F820205DF8044B704700BFED
:102F1000D002002010B4084B4179027953F82130D7
:102F20000324D968520004FA02F221EA0202DA60AC
:102F30005DF8044B704700BFC80F03088279102169
:102F400002F0FE0201716FF3410200218271016003
:102F5000704700BF70B50D4682B004462C49284624
:102F600020F0B0FC30B9A37960F34103A37120468F
:102F700002B070BD02AEA3792D68002246F8042D80
:102F800043F00203A371314628460A2225F0B0FF20
:102F9000019BC0B2AB42607108D9082806D81D4A0F
:102FA00052F8202022601A782E2A0ED0A2791A4BCD
:102FB000236002F0FD02002363F30002102120468B
:102FC000A2716371217102B070BD5D1C0A2231468D
:102FD0002846019525F08CFF019AC0B295422071D8
:102FE000E4D20F28E2D8107850B9C0E7A37943F0B3
:102FF0000103A37113460132019258780028B6D01C
:103000002128F3D001F09EF80028B0D0019AF1E712
:10301000EC0F0308C80F03080000024038B583799D
:103020009B0704460CD54179064B027953F82130B1
:103030000125596805FA02F20A435A60FFF76AFF50
:10304000204638BDC80F03082DE9F0410D4682B077
:1030500004465049284620F035FC38B9A37960F37E
:103060004103A371204602B0BDE8F08102AEA3790E
:103070002D68002246F8042D43F00203A371314667
:1030800028460A2225F034FF019BC0B2AB42607192
:103090000CD908280AD81DF043FA3F4D6279019BEC
:1030A00055F8222022601A782E2A0FD0A2793B4BA5
:1030B000236002F0FD02002363F30002102120468A
:1030C000A2716371217102B0BDE8F0815F1C3146CD
:1030D00038460A22019725F00BFF019BC0B29F42A0
:1030E0002071E3D20F28E1D818780028BAD003263F
:1030F0004FF00208012710E06F281DD0762837D046
:103100005E2823D001F01EF80028ABD0019B1A46A0
:103110000133019350780028A4D04028F7D0EBD891
:1031200021280ED02D28EDD1A2799207EFD5204687
:10313000FFF7F0FE019BEAE72046FFF76FFF019BD8
:10314000E5E7A27942F00102A271E0E7A2799007D7
:10315000DDD56279217955F822204900D06806FA38
:1031600001FC20EA0C0007FA01F10143D160CEE72F
:10317000A2799107CBD56279217955F822204900AF
:10318000D06806FA01FC20EA0C0008FA01F10143BC
:10319000D160BCE7EC0F0308C80F03080000024031
:1031A00038B50346407919791DF0B4FA0849044648
:1031B0001FF00AF8013008D0142020F0A3F82146AF
:1031C00005461DF0B5FB284638BD002038BD00BFC0
:1031D000885B0308024A02600022C260704700BF99
:1031E000F80F030810B5044B036000230446C360C6
:1031F000FFF7A0FD204610BDF80F030870B586B09C
:10320000114E9DF81440ADF8080004F0FE041D4670
:10321000ADF80A10ADF80C2030680C4B049501AAEB
:103220006FF3410405218DF814400193FEF792FEDF
:103230009DF8142012F0010003D0930744BF049BB3
:103240002B6006B070BD00BFC8020020F80F030855
:1032500030B587B00E4C9DF81450ADF8080005F05D
:10326000FE05ADF80A10ADF80C202068094C049357
:1032700045F00205062101AA8DF814500194FEF7CD
:1032800069FE9DF8140000F0010007B030BD00BFDA
:10329000C8020020F80F030810B5034B0360044672
:1032A000FFF7F2FD204610BD0810030810B5054BCE
:1032B00003600446FFF7E8FD2046FFF73BFD20468C
:1032C00010BD00BF0810030810B50446FFF7ECFD61
:1032D000201DFFF733FE064B2360FF2100234FF034
:1032E000FF32E160226123766361204610BD00BF9A
:1032F00008100308002905DBC3689942A8BF1946D6
:103300000161704700210161704700BF036981F3CB
:103310000801002BC16004DB9942B8BF0B46036172
:103320007047002303617047C0687047837A4FF08D
:10333000FF3202619A070FD503F001038B42027A34
:10334000436804D0012101FA02F29A6170474FF4F8
:10335000803101FA02F29A61704700BF0269FF2AC8
:1033600030B4034621D86AB3FF2A3ED040691C7EA0
:10337000B0F5007FA8BF4FF400706FF0FF05A842C2
:10338000B8BF284658619CB902447F2A5A6129DC9B
:103390009A7A900709D502F00102A2421A7A5B6874
:1033A00018D0012000FA02F29A61084630BC70473A
:1033B000A2F5807210440028D8BF00245861D8BFFD
:1033C0001C76E5E7827A9507EFD512F0010F436886
:1033D000027AE6D14FF4803000FA02F29A61084690
:1033E00030BC704701241C76D2E7827A9407DCD582
:1033F00012F0010F4368027AD3D0EBE70321FFF705
:1034000059BD00BF10B504464068054B236008B1A4
:10341000FFF790FC2046FFF737FD204610BD00BFA8
:103420004010030838B5104D2B6893F8A830DB071F
:10343000044608D50D4B0E4819884A1CC1F30031CB
:103440001A80FDF799FF72B6636A53B1636A013B54
:10345000636262B6042128680022BDE83840FEF7A6
:1034600079BD62B638BD00BFC80200202403002029
:10347000AE02002010B504464068064B236008B138
:10348000FFF758FC2046FFF7FFFC2046FFF752FCF1
:10349000204610BD40100308F0B583B00446FFF786
:1034A00003FD194B194E002584E82800A560E5604E
:1034B00004F11800FFF742FD154A0195176C154BF2
:1034C00015481C6047F010071764126C134B144921
:1034D000DFF850C002F0100201920422019F1A602E
:1034E00032688068920BA1FB0261C0F818C189089C
:1034F000052741F6FF762046276161619E62D96209
:103500002262656203B0F0BD40100308D0010020C4
:10351000003802402003002000ED00E000100040D1
:10352000CDCCCCCCF1350008054B064A01204FF438
:103530008001D86051601A6802431A60704700BF6A
:103540000010004000E100E0074A084B1268920BAF
:1035500010B4B2FBF1F141F6FF7441619C62D96293
:103560005DF8044B02627047D0010020001000405B
:10357000F8B5446885684169AC42064602D112E05C
:10358000A54210D054F8043B5A69521A002A5A61D5
:10359000F6DA18691F6802445A6197B10020B847EB
:1035A000A5427169EED1336A591A0029316207DAEE
:1035B0000E4A736A1268013301EB92313162736211
:1035C000F8BD5A68002ADBD09F68D8683FB1C307AE
:1035D00007D402EB60000021B8477169D0E7C30748
:1035E000CED54310D018D358DF59F4E7D0010020CE
:1035F000034A044B6FF0010111611868FFF7B8BF6F
:10360000001000402003002038B5094D094B03602D
:103610000446024607212868FEF7FCFC286822467B
:103620000821FEF7F7FC2046FFF72EFC204638BDA8
:10363000C80200207810030810B50446FFF7E4FF25
:103640002046FFF777FB204610BD00BF012916D0AA
:1036500041B1CB0720D490F83830022202FA03F3AC
:10366000194219D0837E9A0716D513F0010F027EF6
:1036700043690CD1012101FA02F29A617047837EFD
:103680009A0709D513F0010F027E436905D14FF463
:10369000803101FA02F29A61704791409961704756
:1036A00001B17047837E9A070AD513F0010F027E9D
:1036B00043690CBF01214FF4803101FA02F29A6193
:1036C000038F6FF349230387704700BF2DE9F04153
:1036D000044625461E4617468846FFF7E5FB354B50
:1036E00045F8043B98E8030085E8030097E80300E9
:1036F00004F10C0383E8030096E8030004F11403CB
:1037000083E80300B3799F0703D570793179FFF718
:10371000D9FB0023E362228FA17E274E2748236333
:1037200063F34922228794F839206662002542F02B
:10373000040263F3C30265634FF07E538D0784F880
:103740003920A062236209D5227E6369C80754BF6D
:1037500001214FF4803101FA02F29A61A37A9907AC
:103760000AD513F0010F227A636814BF01214FF4C8
:10377000803101FA02F29A61A37C9A070AD513F00C
:10378000010F227CE36814BF01214FF4803101FA5C
:1037900002F29A61238F6FF30823238720460721C3
:1037A000FFF788FB20460821FFF784FB2046BDE891
:1037B000F08100BF78100308000048420000C07F7D
:1037C000D0ED0D7A10B580ED080A20EE270A0446E8
:1037D00021F03CFB2063E06210BD00BFD0ED087A11
:1037E00010B580ED0D0A20EE270A044621F02EFBCD
:1037F0002063E06210BD00BF036B80ED0D0A194429
:1038000001637047D0ED087A10B520EE270A044610
:1038100021F01CFB236BC01A10BD00BF38B5837E9E
:103820009A0704460D460FD54269017E1069C840CB
:1038300003F0010300F00100984205D0002B47D0AF
:10384000012303FA01F1916194F8393003F0010387
:10385000AB4215D0238FA27C65F308239007238702
:103860000BD502F00102AA42227CE36814BF0121B9
:103870004FF4803101FA02F29A6101201EF0F8FC47
:10388000A37A99070AD513F0010F227A63680CBF57
:1038900001214FF4803101FA02F29A6103201EF0F7
:1038A000E7FCA37A9A070AD513F0010F227A63681E
:1038B00014BF01214FF4803101FA02F29A61E26AE9
:1038C000002D0CBF01234FF0FF331344E36238BDDA
:1038D0004FF4803303FA01F19161B5E7F0B4094B7D
:1038E000094A0A4F01214FF400064FF40055002405
:1038F000D960F96056605560C4631A680A431A605B
:10390000F0BC70470014004000E100E000200040DF
:103910000E4B0F4A1B6880ED040A5B08A2FB0313E1
:10392000DB0807EE103AF8EEC77A10B587EE800A8A
:10393000044621F019FA074B0E21BCEEC00A84EDB3
:10394000050A996283ED0B0A10BD00BFD00100206B
:103950008988888800140040DFED0A7AC0EE277A53
:1039600008B5094B1B685B0807EE103AB8EE470A2A
:1039700020EE270A21F0F8F9044BBCEEC00A83EDD3
:103980000B0A08BD00247449D0010020002000402B
:103990002DE9F04383B00025294B2A4A0095456361
:1039A000C56310601A6C856042F020021A64D3F877
:1039B0004080DFF8A8E0244ADFF8A4C0234F244E5B
:1039C00024499FED250A08F02008CDF800804FF02B
:1039D0000408DDF80090CEF80080D2F808E00195E8
:1039E000CEF81CC1D3F840E04EF4807EC3F840E02E
:1039F0001B6C03F4807301930C23DDF804E03B603F
:103A00009368C3F8F460936804469963FFF780FFF6
:103A10002046B1EE040AFFF79FFF94F8403065633B
:103A200065F3440384F8403094F84030A56365F3AF
:103A30000003204684F8403003B0BDE8F08300BFA7
:103A4000003802402803002000ED00E00020004084
:103A5000C13A0008453E00080050C347001400402A
:103A6000F53D000870B490F84050C5F3430515B318
:103A7000002301244FF4803602E00133AB421ADA0E
:103A8000426B04FA03F11142F7D000F1180252F828
:103A90002320917A11F0020FEFD011F0010F117A6B
:103AA000526803F1010314BF04FA01F106FA01F1AF
:103AB000AB429161E4DB0023436370BC704700BFFD
:103AC000034A044B6FF0010111611868FFF7CABF88
:103AD00000200040280300202DE9F843856B002DCD
:103AE00053D090F84010C1F34301002947D0002380
:103AF0006C6D1E4601274FF4803C03E00133DBB2BE
:103B00008B4236DAC3EBC30204EBC202926A002A8C
:103B1000F4D000EB83022E6D926903F01F0992F836
:103B2000128007FA09F919EA060F0CBF4FF00009D5
:103B30004FF0010918F0020F08F001060BD092F8BF
:103B400010804E4514BF07FA08F60CFA08F6D2F8B2
:103B50000C80C8F81860168F69F308261687168F30
:103B60000133DBB246F400768B4216874FF0010634
:103B7000C8DB0023C3631EB10120BDE8F883C16325
:103B8000034B1B68986904F0C9F80020BDE8F8836E
:103B9000C80200202DE9F04F90F84030914D0646C4
:103BA000D80785B040F1E1802968039191F8A80019
:103BB000C0F34000002858D196F84080C8F343086D
:103BC000B8F1000F00F00781D6F838B0D6F83CA065
:103BD000DBF854900295074622E0DDE90023012A34
:103BE00073F100034DDBDCE90245DDE90023121926
:103BF00043EB05034FF0FF346FF0404594429D4185
:103C0000CCE9022344DB06EB80039C6994F839304D
:103C100013F0020F18BF01270130C0B240457CDA13
:103C2000C0EBC00C09EBCC0CDCF82830002BF3D037
:103C3000DCE90045DCE90423DCF83010121943EB21
:103C400005035145CDE90023CCE90023C5D1DBF8BC
:103C500044105145DBF8481000F09E805145BCD11E
:103C6000DCE90645CCE90445B7E796F84020002397
:103C70006FF3000286F84020F363B36305B0BDE83C
:103C8000F08F00220023CCE9002300224FF0804374
:103C9000003243F14043CCE90223DCF82C1006EB60
:103CA000800301319C69CCF82C10A37A9A070CD5BB
:103CB00013F0010F227A63680BBF01254FF48031A6
:103CC00005FA02F201FA02F29A6194F83930E26AD6
:103CD00013F0010F0CBF01234FF0FF331344E362D5
:103CE00094F839200628C2F3400278D8736B00F0AC
:103CF0001F01012505FA01F10B4373632AB1DCF8BA
:103D00002C20DCF828309A4280D10021CCF82810F1
:103D1000238F6FF34923238778E7029D736B0AF1A2
:103D20000102F26323B1304B1A6842F001021A60BB
:103D3000002FA3D1039AF763906903F0EFFF2B687C
:103D400006F13801986903F09FFF002839D196F8F1
:103D50004030B76367F3000386F84030234B4FF0E1
:103D600080525A6005B0BDE8F08F2B6806F138012B
:103D7000986903F089FF002880D03046FFF7ACFE39
:103D800096F8403060F3000386F8403096F84030F3
:103D9000D9073FF509AF71E7DBF84C40002200235B
:103DA000A142CCE90423BFF459AF5145CCF83010FF
:103DB0003FF456AFDCE90845CDE90045CCE90045C4
:103DC0000BE73046FFF788FE96F8403060F30003BB
:103DD00086F84030C2E74746D6F83CA09EE7044844
:103DE00020F007F9C80200200020004000ED00E0AC
:103DF000A8100308034A044B6FF001011161186811
:103E0000FFF7C8BE001400402803002010B490F84B
:103E10004020C2F34304631C03F00F0300EB84044F
:103E200063F3440280F84020581EA1615DF8044B02
:103E3000704700BF826808B512B1C368984708BDD3
:103E400020F0DAF808B5034B186883680BB1FFF768
:103E5000F1FF08BD28030020014B0360704700BF3D
:103E6000E81003080EB4002003B07047014B036054
:103E7000704700BFE810030810B5034B0360044609
:103E8000FEF758FF204610BDE810030810B5034B9D
:103E900003600446FEF74EFF204610BDE8100308FD
:103EA000084624F0E2B800BF0EB42DE9F04392B00A
:103EB00019AB02AE53F8049B019305464A463046BF
:103EC000402126F0C3FC471C3F2F04460ADC2B6828
:103ED00031465B6928469847204612B0BDE8F0435A
:103EE00003B0704738461FF00BFA39464A46019B2B
:103EF000804626F0ABFC2B6841465B692846984714
:103F0000B045E9D0B8F1000FE6D040461FF024FAE2
:103F1000E2E700BF0348044B0449054A03601FF071
:103F200016BA00BF2C030020C01003086D3E000825
:103F30008801002070B405682878F8B10024104E7C
:103F40002146084480FB0623C118C317C3EBE111C7
:103F5000C1EB0121411A0C4484FB0623E218E3174C
:103F6000C3EBE213C3EB032315F8010FE31A89B285
:103F70009CB20028E5D141EA042080B270BC7047B1
:103F80008180808070B402780AB30024114E2146EB
:103F90008D1885FB0623E918EB17C3EBE111C1EB84
:103FA0000121691A0C4484FB0623E218E317C3EBD2
:103FB000E213C3EB032310F8012FE31A89B29CB27A
:103FC000002AE5D141EA0424A0B270BC7047104633
:103FD000FBE700BF818080802DE9F04F0B6887B040
:103FE00053F80C3C01900027884607804780878063
:103FF000002B63D04E4CBA46012340464D495246F1
:104000001FF012FC4C4B0493431C05465DD0D8F8BE
:10401000003053F80C2C9245CAEB050379D805AE55
:104020005246304641461FF013FF04A831461FF0A8
:10403000A4FB059BDFF80891A3F10C0048455DD176
:10404000DDF810C09CF8003043B34FF0000B594628
:10405000604601EB030A8AFB04230AEB03014FEAE3
:10406000EA73C3EBE111C1EB0121C1EB0A018B44FF
:104070008BFB04230BEB03024FEAEB73C3EBE2125F
:10408000C2EB022210F8013FC2EB0B0289B21FFA09
:1040900082FB002BDDD141EA0B218BB2019AD35375
:1040A0006A1CACF10C001CD0484505F1010A33D163
:1040B000D8F8003053F80C3C9A4502D307B0BDE85D
:1040C000F08F0237062FF9D096E7D8F8003053F872
:1040D0000C3C53451DD305AE5246304641462B4657
:1040E000A1E74845EAD05CF8043C5A1E002B4CF886
:1040F000042CE3DC31461FF055FCDFE753F8042CB9
:10410000511E002A43F8041C9ADC03A91FF04AFC44
:1041100096E70A481FF06DFF5CF8043C5A1E002B1E
:104120004CF8042CC4DC31461FF03CFCC0E700BF57
:104130008180808008110308A4050020B80B0308C3
:1041400098050020202804D0B0F1090358425841B6
:1041500070470120704700BFF0B50F4E06600C6835
:1041600054F80C7C2744BC4283B0054601D10FE0D3
:104170002E6814F8010B25F041FAC0B256F80C1C59
:1041800000900022284601231FF08AFCA742EFD1AD
:10419000284603B0F0BD00BFA405002070B584B070
:1041A0000C4602AA1C49064603A81FF095FE039977
:1041B0000022204651F80C3C1FF06BFB421C18BF3C
:1041C00000250FD001460122144B009520461FF018
:1041D000A5FE0399204651F80C3C00221FF059FB24
:1041E000431CEFD10E4B039A21683160A2F10C0001
:1041F000A3F10C018842236002D1304604B070BDA7
:1042000052F8043C591E002B42F8041CF5DC02A9AC
:104210001FF0C8FBF1E700BF0C110308283F03089B
:10422000A405002070B50C46012384B00546214941
:10423000204600221FF0F8FA431C06461ED000223A
:10424000334602A821461FF003FE236853F80C3CB6
:10425000721C9A4220D8214603A81FF0F9FD20467F
:1042600003A91FF08AFA039B134AA3F10C009042A2
:1042700015D1029B2B60284604B070BD214603A8CF
:104280001FF09DFD20460D4900221FF037FC039BC7
:104290002B60284604B070BD09481FF0AAFE53F8F1
:1042A000042C511E002A43F8041CE2DC01A91FF073
:1042B00079FBDEE74812030898050020283F030831
:1042C000B80B030830B50D46012383B004461149ED
:1042D000284600221FF0A8FA431C0FD02B6853F881
:1042E0000C1C421C4B1C8A42C0EB03030ED829460F
:1042F00020461FF0ADFD204603B030BD20460649E4
:1043000001AA1FF0E9FD204603B030BD03481FF0AD
:1043100070FE00BF48120308283F0308B80B0308CB
:1043200000207047BFF34F8F054A064BD16801F458
:10433000E0610B43D360BFF34F8F00BFFDE700BFC9
:1043400000ED00E00400FA05F0B5A14D2B6885B042
:104350000C46074603F1300102A81FF030FD236828
:1043600053F80C2C002A00F09A8053F8042C002AF1
:1043700003DB20461FF07CFB23681A782F2A00F00D
:10438000CB80944D00220323214603A81FF060FD3B
:1043900003A891491FF096FA039BA3F10C02AA42CD
:1043A000064640F0C780002E37D1236853F80C3CF6
:1043B000022B40F2CC804FF0FF332146032203A8AA
:1043C0001FF046FD204603A91FF0D7F9039BA3F178
:1043D0000C00A84240F0BE8080494FF0FF3201231C
:1043E00002A81FF03BFA02A90346002203A81FF00F
:1043F0002FFD02A803A91FF0C0F9039BA3F10C0035
:10440000A842BFD053F8042C511E002A43F8041CC4
:10441000B8DC01A91FF0C6FAB4E700220223214646
:1044200003A81FF015FD03A86D491FF04BFA039B6D
:10443000A3F10C02AA42064640F0BA80002E35D005
:10444000029B53F8042C53F80C1C002A01F1FF3690
:1044500003DB02A81FF00CFB029B9B5D2F2B02A924
:1044600060D003A81FF0ABFC2F22012103A81FF08E
:104470006DFC03A821461FF006FC5A4A03683B6006
:104480000260039BA3F10C00A84240F08580029BD0
:10449000A3F10C00A84269D1384605B0F0BD2968E7
:1044A0004C4D303138461FF08AFCF0E7236853F852
:1044B0000C3C012B4BD94FF0FF332146022203A8BD
:1044C0001FF0C6FC204603A91FF057F9039BA3F178
:1044D0000C00A84255D141494FF0FF32012302A8F8
:1044E0001FF0BCF902A90346002203A81FF0B0FC8C
:1044F00002A803A91FF041F9039BA3F10C00A842F5
:104500009ED053F8042C511E002A43F8041C97DC5B
:1045100001A91FF047FA93E7324A3B60A2F10C056C
:104520002260B4E738461FF04AFC384621461FF0A7
:10453000AAFBACE753F8041C481E002943F8040CFE
:104540003FF731AF104601A91FF02CFA2BE72648A0
:104550001FF04FFD53F8042C511E002A43F8041C91
:104560003FF73AAF01A91FF01DFA35E753F8042CC5
:10457000511E002A43F8041C8EDC03A91FF012FA16
:104580008AE753F8042C511E002A43F8041CA2DCCD
:1045900001A91FF007FA9EE753F8042C511E002AC8
:1045A00043F8041C3FF773AF01A91FF0FBF96EE756
:1045B00053F8041C481E002943F8040C3FF73EAF93
:1045C000104601A91FF0EEF9002E7FF439AF6DE718
:1045D000C8020020980500202C110308380E03089B
:1045E00030110308A4050020B80B03082DE9F041A1
:1045F00091E81001444582B00746164621D012B317
:104600000834002301E09E4217D914F8082CFA540C
:1046100054F8040C5D1C1FF057FE731B07EB050ECE
:10462000CDE90001094A1946704623F027FCA04550
:1046300000EB050304F10804E5D1184602B0BDE81B
:10464000F0810020FAE71046F8E700BF34110308B4
:1046500030B585B00D46044603AA17491FF03CFC4F
:10466000052D23680CDC3435EDB253F80C1C009595
:104670002046002201231FF013FA204605B030BD6A
:1046800053F80C1C392300932046012300221FF00D
:1046900007FA2046094901221FF01EFB2B3503684B
:1046A000EDB253F80C1C0095002201231FF0F8F91D
:1046B000204605B030BD00BF3C11030808110308B7
:1046C00070B505461CF020FE074E044602E0306837
:1046D000FDF740FC1CF018FE001BA8424FF0030140
:1046E0004FF00002F3D370BDC80200204FF47A737C
:1046F00003FB00F0FFF7E4BFF8B542680368D31A84
:104700009B1004460F4605D05A00934220D96FF003
:10471000030600E0042630461EF0F4FD054694E84A
:1047200009001B1A9B109A003968AF1818BF39602E
:1047300043B9043708B1FEF7FDFA2E44A66084E8B9
:10474000A000F8BD0146284623F0B3F82068F0E742
:10475000B2F1804FDBD2DE00DDE700BFF8B5426882
:104760000368D31A9B1004460F4605D05A009342A3
:1047700021D96FF0030600E0042630461EF0C2FD8A
:10478000054694E809001B1A9B109A003968AF1877
:1047900018BF45F8231043B9043708B1FEF7CAFA29
:1047A0002E44A66084E8A000F8BD0146284623F008
:1047B00080F82068F0E7B2F1804FDAD2DE00DCE763
:1047C0002DE9F04742680368C3EB02095FEAA909D3
:1047D00082B007460E4648D04FEA4903994555D95D
:1047E0006FF0030948461EF08DFD97E83000291B45
:1047F000891000EB8103804600F1040A23B133687D
:10480000254A40F821303260AC4231D0231DC3EB41
:10481000050C4FEA9C0C04F108061F4806EB8C06B9
:10482000424622B153F8041C116043F8040C0433CF
:10483000B34202F10402F4D108EB8C0C174E0CF1D8
:10484000080A54F8043BA3F10C02B24212D1A5426B
:10485000F7D1386808B1FEF76DFA08EB0903BB60C1
:1048600087E8000502B0BDE8F0874FF00409B9E71A
:104870002046EFE753F8041C481E002943F8040CB7
:10488000E5DC104601A91FF08DF8E0E7B3F1804F99
:10489000A6D24FEAC909A5E7A40500209805002083
:1048A0002DE9F04FDFF80C81002385B082460F46DA
:1048B0001646036043608360A8F10C093B78B3425D
:1048C0004FD0002B4DD07B1C00E024B11D4613F8C7
:1048D000014BB442F9D1AF4254D0002F3CD0C7EBCA
:1048E000050B5846002101AA1FF00CF8BBF1010F7F
:1048F000044600F10C0328D13A7822734C452C4F22
:1049000044D1DAF80420DAF8081003938A4233D04D
:104910001AB11360274BCDF80C800432CAF804207A
:10492000A3F10C00B84238D12B786F1C002BC5D1F5
:10493000504605B0BDE8F08F2846294601AA1EF072
:10494000E1FFAB46044600F10C03184639465A46CF
:1049500022F0A6FF0346D1E7002DEDD016481FF048
:1049600042FBDAF80420DAF80810124B03938A426B
:104970003D46A3F10C07CBD1504603A9FFF720FF1A
:10498000039BCDE70B4BA3F10C07BAE70022C4F859
:1049900000B0A26003F80B20B3E753F8042C511EBB
:1049A000002A43F8041CBFDC02A91EF0FBFFBBE792
:1049B00098050020A405002040110308F0B585B03B
:1049C00004462C2201A8FFF76BFF019D029E0023E5
:1049D000B54223606360A3602BD055F8040B00211F
:1049E00024F0EAF96368A2688DED000A93421BD0B7
:1049F0001A1D0BB183ED000A6260AE42EDD1019841
:104A0000029E86420AD0114F054655F8043BA3F199
:104A10000C00B8420FD1AE42F7D1019808B1FEF7B1
:104A200089F9204605B0F0BD20466946FFF764FECF
:104A3000E3E72846F2E753F8042C511E002A43F816
:104A4000041CE8DC69461EF0ADFFE4E79805002091
:104A5000F0B585B00446174601A82C22FFF720FFC9
:104A6000019D029E0023B54223606360A3602AD0AB
:104A7000002155F8040B3A4624F03AFA6368A1681D
:104A800000908B421AD0191D03B118606160AE42CC
:104A9000EED10198029E86420AD0114F054655F884
:104AA000043BA3F10C00B8420FD1AE42F7D10198FC
:104AB00008B1FEF73FF9204605B0F0BD2046694633
:104AC000FFF74CFEE3E72846F2E753F8042C511EAB
:104AD000002A43F8041CE8DC69461EF063FFE4E7A3
:104AE0009805002002299ABF00EB810191ED000A90
:104AF0009FED010A704700BF0000C07F90ED015A92
:104B0000D1ED007AD1ED025A90ED027A91ED016A71
:104B1000D0ED006A27EEC51A26EE470A66EEE50AD2
:104B2000A5EE250A88B0A6EE261AE7EE270A08B0F9
:104B3000704700BF90ED010AD1ED015A90ED006A77
:104B4000D1ED006A90ED027AD1ED027A20EE250ACD
:104B5000A6EE260AA7EE270A704700BF90ED010ACD
:104B600090ED007AD0ED027A20EE000AA7EE070A57
:104B7000A7EEA70A704700BFD0ED010AD1ED016A88
:104B800090ED021A91ED027A90ED000AD1ED007AD3
:104B900070EEE60A31EE471A30EE670A88B008B0C8
:104BA000704700BFD0ED010A90ED021AD0ED007AF7
:104BB00060EE200A20EE011A27EE800A88B008B0C5
:104BC000704700BF01481DF09BBA00BF30030020B2
:104BD00008B50321FEF76EF90248BDE808401DF054
:104BE0008FBA00BF3003002008B5074B1B6893F84D
:104BF000A830DB0703D505480021FCF7BDFB0448BE
:104C00001DF086FA00BE08BDC8020020AC020020DC
:104C10003003002010B5034B03600446FEF734F95F
:104C2000204610BD7811030810B5054B03600446FB
:104C3000FEF72AF92046FEF77DF8204610BD00BF9A
:104C40007811030870B5054682B0214C1646FEF770
:104C50002BF9204B20492B604FF4C0727F2384E84E
:104C60000E00E360EEB91D4B01961A6C42F400622F
:104C70001A641B6C03F40063019320464FF4007325
:104C8000019A23611DF028FA20461DF039FA144AD2
:104C9000144B926814491164284601221A6002B02C
:104CA00070BD00220D4B0192196C226141F400622B
:104CB0001A641B6C03F4006301932046019B1DF0F2
:104CC0000BFA20461DF01CFA284602B070BD00BF4A
:104CD0003003002078110308002C00400038024007
:104CE00000ED00E000E100E0E94B00080D4B10B4DE
:104CF0001C680246E00610D4947C507CA04207D089
:104D00005474DA6A013C22F4700242EA0454DC6210
:104D1000044B9A6842F080429A6008465DF8044B62
:104D2000704700BF002001402DE9F04F04460025E8
:104D300083B0A5746574E574FF2100F8015B10224F
:104D400022F0D2FD1A4A0195D2F8449019491A4B23
:104D5000DFF87480DFF874C0184F194E194849F411
:104D60008079C2F84490526C02F480720192019AE8
:104D70004A686FF0784A42F4403B6FF0404940F295
:104D80000142C1F804B0C3F80CA0C3F81090C3F8F6
:104D900004809A60DCF808204FF48023C2F8880071
:104DA00020463B60A561346003B0BDE8F08F00BFD2
:104DB00000380240002301400020014000E100E0F3
:104DC00044030020294E00082001000400ED00E00B
:104DD00038B5144BD96C1A689206044615D4836909
:104DE000C07C23B1626901258540154215D101308F
:104DF000637CC0B28342E07406D80A4B1968002273
:104E000021F010011960E27438BD1968002221F008
:104E100032011960C27400BE38BD89B29847E07C87
:104E2000E5E700BF00200140014B1868FFF7D0BF45
:104E30004403002010B50446084605491DF0EEF96C
:104E4000431C1DBFC0F3C323E4186078FF2010BDCE
:104E5000CC5F0308F8B50C460646084621491546BE
:104E60001DF0DCF907460DB9FF20F8BDB37C0F2B10
:104E7000FAD8431CF8D0C4F303101BF051FB04F024
:104E80000F04026864000323A34013430360B07C53
:104E9000C7F3C327F219411C0528B174507007D815
:104EA000114A00EB8003516B9F400F435763F8BDDD
:104EB0000B2809D80C4A811F136B01EB810107FAFB
:104EC00001F119431163F8BD0F28CED8064AA0F1AD
:104ED0000C01D36A01EB810107FA01F11943D16298
:104EE000F8BD00BFCC5F03080020014038B5044680
:104EF00008460C4915461DF091F9431C0DD0C0F32E
:104F0000C320204443780F2B07DC0121626901FA9A
:104F100003F31DB922EA0302626138BD1A436261DC
:104F200038BD00BFCC5F030881617047F8B54268A7
:104F30000368D31A9B1004460F4605D05A009342CB
:104F400026D96FF0030600E0042630461EF0DAF999
:104F5000054694E809001B1A9B109A003968AF189F
:104F600007D045F8231094E809001B1A9B109A00FB
:104F7000AF1823B10146284622F09BFC2068043775
:104F800008B1FDF7D7FE2E44A66084E8A000F8BD66
:104F9000B2F1804FD5D2DE00D7E700BFF0B50446AE
:104FA00085B009B106780EB105B0F0BD234B1B6882
:104FB00018205D6A1EF0A6F90746FCF7F7F9204BAA
:104FC000204A1B6801979B0BA2FB03139B0900EE71
:104FD000103AB8EEC00A1FF0C7FE1B4B02930396AF
:104FE00004AB13E90300BDEEC00A07F108037C60BF
:104FF00087ED040A83E8030087ED050A72B62B6982
:10500000B3F57A7F0ED3AB68EA68934211D0019A68
:105010000BB11A60AB680433AB6062B60123237036
:1050200005B0F0BD4FF47A7129612846FEF78CFA7D
:10503000E9E7281D01A9FFF779FFEEE7C802002084
:10504000D0010020D34D6210ED4C00084FF0FF302E
:10505000704700BF704700BF014B0360704700BF3F
:10506000B011030810B5034B03600446FDF762FE60
:10507000204610BDB01103088088431A5842584199
:10508000704700BF10B583680C4A0D4901600446A3
:10509000A3F10C00904282B004D10A4B2360204659
:1050A00002B010BD53F8042C511E002A43F8041C12
:1050B000F3DC01A91EF076FCEFE700BF98050020A5
:1050C000D8110308500B030810B583680D4A0E4928
:1050D00001600446A3F10C00904282B007D10B4B53
:1050E00023602046FDF726FE204602B010BD53F88F
:1050F000042C511E002A43F8041CF0DC01A91EF008
:1051000051FCECE798050020D8110308500B030868
:1051100070B584B000F10801044602A81EF04FFEED
:1051200002A903A81EF04BFE03A8FFF7F9F8039BA2
:10513000134DA3F10C02AA4206460AD10EB1012377
:105140002373029BA3F10C00A8420ED1207B04B074
:1051500070BD53F8041C481E002943F8040CEDDC14
:10516000104601A91EF01EFCE8E753F8042C511E5E
:10517000002A43F8041CE9DC03A91EF013FCE5E750
:105180009805002038B50446084B0948A360206004
:1051900010460D46FEF7F6FE2946A08004F10800F1
:1051A0001EF019FE00232373204638BDA4050020FD
:1051B000D8110308F0B5A3B007460E46144601A85F
:1051C0001A4683211D4621F053FE30B322F04DFFD5
:1051D00022AB184410F8853C0A2B07D08CB928461E
:1051E00021F0CAFD0A2801D00130F8D101A822F02F
:1051F0003CFF01A9024630461EF080FC012023B08E
:10520000F0BD01A8232122F0FEFE0028E7D12146AF
:10521000BA68034822F01AFCE1E723B0F0BD00BFF2
:10522000F811030830B50B7B83B00D46044673B903
:105230000846FFF76DFF50B9094822F0BBFC204635
:10524000084901AA1EF048FE204603B030BD05F112
:10525000080120461EF0B3FD204603B030BD00BF5C
:1052600018120308283F03082DE9F043037B8BB095
:10527000054688469146002B76D008A84146FEF7A1
:10528000ABFE07A82946FFF7CDFF07987D497E4E64
:1052900021F0FCFE079B0446A3F10C00B04240F055
:1052A000E480A3899A062BD4784F05A92046049759
:1052B00021F074FD04A9284600222346FFF77AFF57
:1052C00006A9002859D0204621F068FD2B6807A8C0
:1052D000D3F81CC004AA08AB2946E0470798034648
:1052E00053F80C2DB34240F09880002A55D1049B0E
:1052F000A3F10C00B04240F0A080A3899B06D4D556
:10530000204621F021FC07A82946FFF78BFF0798CC
:105310005F4921F0BBFE079B0446A3F10C00B0429D
:1053200040F0978021460A2021F0DEFE2146D8F881
:10533000000021F037FF234609220121554822F0C1
:10534000E7F92146D9F8000021F02CFF234601217E
:105350001122514822F0DCF9204621F0F5FB01240E
:1053600020460BB0BDE8F083FFF7D2FE04460028CC
:1053700083D120460BB0BDE8F083049BA3F10C0061
:10538000B042BDD053F8042C511E002A43F8041C2F
:10539000B6DC07A91EF006FBB2E7D8F80020D9F862
:1053A000003052F80C0C059953F80C2C069B024463
:1053B0005B1A0332043B9342204612D221F0C4FB15
:1053C0000024049BA3F10C00B042C9D053F8042C74
:1053D000511E002A43F8041CC2DC07A91EF0E2FAA1
:1053E000BEE7002221F0FEFF2146D8F8000021F0A0
:1053F000D9FE2146202021F077FE2146D9F8000071
:1054000021F0D0FE234601210222244822F080F917
:10541000204621F099FB0124D3E750F8041C01F148
:10542000FF3E002940F804EC3FF75FAF184603A9A0
:1054300001921EF0B7FA019A57E753F8042C511E57
:10544000002A43F8041C3FF758AF07A91EF0AAFA38
:1054500053E753F8042C511E002A43F8041C3FF76D
:1054600061AF06A91EF09EFA5CE753F8042C511EAA
:10547000002A43F8041C3FF714AF06A91EF092FA65
:105480000FE700BF3812030898050020A40500208C
:10549000000A0308401203084C1203083C120308D8
:1054A0002DE9F0470C4684B09146434903AA0546CE
:1054B0001EF012FD237B002B48D003A82146FFF7E6
:1054C000B1FE03983D493E4E21F0E0FD039B80462E
:1054D000A3F10C00B04263D1B8F80C309A062ED478
:1054E000DFF8E0A019E0276803A8FF69B84728465D
:1054F00003A91EF042F90399A1F10C00B0422ED18C
:105500002B6853F80C3CABB9029BA3F10C00B042E2
:1055100030D1B8F80C309B0611D402A900224346C2
:105520002046CDF808A0FFF745FE02AA4B462146CB
:105530000028D8D1029BA3F10C00B04225D14046EF
:1055400021F002FB284604B0BDE8F0872046FFF7B3
:10555000DFFD0028B1D1284604B0BDE8F08751F83E
:10556000043C5A1E002B41F8042CC9DC01A91EF092
:1055700019FAC5E753F8042C511E002A43F8041CFD
:10558000C7DC03A91EF00EFAC3E753F8042C511E22
:10559000002A43F8041CD2DC03A91EF003FACEE76C
:1055A00053F8042C511E002A43F8041C94DC02A971
:1055B0001EF0F8F990E700BF283F0308004E0308EB
:1055C00098050020A4050020F8B5044608461546B5
:1055D0000E4622F04AFD0A4B23602B6853F80C1C40
:1055E0000746394420461EF02EFB31463A462046F7
:1055F0001EF072FB204629461EF045FB2046F8BDF2
:10560000A40500202DE9F04F89B093460546894650
:1056100007A8114605AA1EF05FFC07A8FEF780FE4A
:10562000079BDFF8F882A3F10C024245044640F0E4
:10563000378114B909B0BDE8F08F5846B149DFF899
:10564000E0A221F023FD0126074605E0049BA3F11B
:105650000C00404540F03181BB899B0600F103817D
:1056600008AC324644F810AD284621463B46013688
:10567000FFF7A0FD002800F0E7802B6821469B691A
:1056800028464A4698470028E0D082894AF6E61321
:105690009A42DBD107AA016805A81EF01DFC484606
:1056A000FBF7CCFA05A907A81EF089FB07A8FEF7AF
:1056B00037FE079BA3F10C024245044640F01581DA
:1056C000002C40F08480059B53F8042C002A03DB57
:1056D00005A81EF0CDF9059B1B782F2B0ED007A82F
:1056E000894905AAFFF770FF05A807A91EF045F82C
:1056F000079BA3F10C00404540F03C8106AC5946A5
:1057000007AA20461EF0E8FB2F214FF0FF3220466B
:105710001EF074F821460346002207A81EF098FBED
:10572000204607A91EF029F8079BA3F10C0040456D
:1057300040F0CF80214607A81EF041FB05A907A82D
:105740001EF0A1FA07A8FEF7EBFD079BA3F10C02E0
:105750004245844640F02881BCF1000F16D105AACD
:1057600007A86A49FFF730FF07A8FEF7D9FD079B96
:10577000A3F10C024245044640F0E38007A8002C48
:105780007CD0624905AAFFF71FFF07E0214607A862
:105790001EF015FB07A805A91EF075FA05A807A9B4
:1057A0001DF0EBFF079BA3F10C00404540F0D680B5
:1057B000069BA3F10C00404509D053F8042C511E60
:1057C000002A43F8041C02DC07A91EF0EBF805A927
:1057D00007A81EF0F4FA07A8FEF7A2FD079BA3F1A5
:1057E0000C024245044640F0D280002C41D005997D
:1057F000474822F02BF907A9384621F0CFFA414952
:1058000005983A4621F0DEFD28464946059AFFF7FD
:10581000F9FE3C4958463A4621F0D4FD384607A9DE
:1058200021F086FE059BA3F10C0040453FF40EAF2E
:1058300053F8042C511E002A43F8041C3FF706AF0E
:1058400007A91EF0AFF801E7049BA3F10C00404547
:1058500009D053F8042C511E002A43F8041C02DC22
:1058600007A91EF09FF8384621F06EF909B0BDE88F
:10587000F08F0599274822F0E9F8D3E705AA2649D1
:10588000FFF7A2FE07A8FEF74BFD079BA3F10C0252
:105890004245044646D1002C8AD007A81E4971E72C
:1058A00053F8041C481E002943F8040C3FF7C1AE0E
:1058B000104606A91EF076F8BBE653F8042C511EDC
:1058C000002A43F8041C3FF7C7AE07A91EF06AF888
:1058D000C2E653F8042C511E002A43F8041C3FF77B
:1058E00029AF03A91EF05EF824E753F8041C481EF4
:1058F000002943F8040C3FF7E3AE104606A91EF05A
:1059000051F8DDE6004E0308380E03086012030864
:105910006C1203088812030864120308980500201B
:10592000A405002053F8041C481E002943F8040C69
:10593000B1DC104603A91EF035F8002C3FF438AF57
:10594000ABE753F8041C481E002943F8040C3FF74A
:1059500015AF104603A91EF025F80FE753F8042CE5
:10596000511E002A43F8041C3FF722AF03A91EF082
:1059700019F81DE753F8042C511E002A43F8041CA3
:1059800006AC3FF7BCAE21461EF00CF8B7E653F864
:10599000041C481E002943F8040C3FF726AF1046AC
:1059A00006A91DF0FFFF20E753F8041C481E00293C
:1059B00043F8040C3FF7D0AE104603A9CDF804C05D
:1059C0001DF0F0FFDDF804C0BCF1000F3FF4C7AEDE
:1059D000DCE600BF30B5037B83B004460D4683B1DF
:1059E00001A82146FFF71EFC2046019A2946FFF731
:1059F00009FE019B0B4AA3F10C00904207D103B0B2
:105A000030BDFFF785FB0028EAD103B030BD53F865
:105A1000042C511E002A43F8041CF0DC69461DF0DA
:105A2000C1FFECE7980500208088431A584258418E
:105A3000704700BF00207047014B0360704700BFF4
:105A4000500B030810B5034B03600446FDF772F9D1
:105A5000204610BD500B03082DE9F0410F46C568E4
:105A60008168A94282B006462AD2A942DFF86C803A
:105A700023D20B780A2B01F1010408BF012204D1C3
:105A800006E014F8013B0A2B01D0AC42F9D1621AAE
:105A90006B4601A81EF035FA336830469B6901A9B0
:105AA0003A469847019BA3F10C0040450BD1F5689D
:105AB000AC4205D22146A942DBD30C460022E7E7DF
:105AC00002B0BDE8F08153F8042C511E002A43F8BF
:105AD000041CECDC69461DF065FFE8E79805002032
:105AE0002DE9F0470F4684B03649924603AA804616
:105AF0001EF0F2F9B968FE68B14248D2B142DFF84F
:105B0000C89032D20B780A2B01F1010408BF0122A0
:105B100004D106E014F8015B0A2D01D0B442F9D19A
:105B2000621A03AB02A81EF0ECF93B6803A8DD691A
:105B30003946534602AAA847404603A91DF01DFE58
:105B4000039BA3F10C00484525D1D8F8003053F849
:105B50000C3C6BB9029BA3F10C00484526D1FE68B2
:105B6000B44214D22146B142CCD30C460022D8E72D
:105B7000029BA3F10C00484509D053F8042C511E98
:105B8000002A43F8041C02DC03A91DF00BFF404669
:105B900004B0BDE8F08753F8042C511E002A43F8E6
:105BA000041CD2DC01A91DF0FDFECEE753F8042C45
:105BB000511E002A43F8041CD1DC03A91DF0F2FE9B
:105BC000CDE700BF283F03089805002010B5064B1D
:105BD000036004460846FEF7D5F9044A044BA0804A
:105BE000A260E360204610BDC012030888C7020807
:105BF000B709030810B504464068054B236008B197
:105C000020F0A2FF0022034B62602360204610BDFB
:105C1000E8120308E810030810B504464068074B73
:105C2000236008B120F090FF0022054B62602046FF
:105C30002360FDF77FF8204610BD00BFE81203087F
:105C4000E810030870B544680D4654B1084622F0C8
:105C50000CFA2346024601212846BDE8704021F097
:105C600057BD204670BD00BF0121FDF723B900BF1D
:105C700010B583680C4A0D4901600446A3F10C007D
:105C8000904282B005D12046FDF7FEF8204602B0D2
:105C900010BD53F8042C511E002A43F8041CF2DCFA
:105CA00001A91DF07FFEEEE798050020A817030864
:105CB00010B583680E4A0F4901600446A3F10C0039
:105CC000904282B008D12046FDF7DEF82046FDF76D
:105CD00031F8204602B010BD53F8042C511E002AA2
:105CE00043F8041CEFDC01A91DF05CFEEBE700BFEC
:105CF00098050020A81703082DE9F04F9DB051F832
:105D0000043B7C4C0E9305460FA81EF058F80FA9D3
:105D10000AA81EF054F8216891F8A8305E0618D43D
:105D200098077ED5DFF8ECB191F8A8300A9E43F0D1
:105D3000400381F8A830A6F10C00584540F0CE8011
:105D40000F9BA3F10C00584540F073861DB0BDE8D1
:105D5000F08F0A9E56F80C3C002B59D056F8043CA4
:105D6000002B03DB0AA81DF083FE0A9E3778242F40
:105D700000F0B180384621F00BFD8046002840F04D
:105D8000AA80472F73D04D2F71D0542F6FD0532F2F
:105D90006DD04E2F00F024823B2F00F09580282FED
:105DA00000F092800A2F00F08F800D2F00F08C8081
:105DB0000AA85149002204231DF036FDB8B1202F56
:105DC00013D00E984D4903685B6998470A9BDFF82A
:105DD00044B1A3F10C005845B2D053F8042C511E25
:105DE000002A43F8041CABDC80E00130E9D0062136
:105DF000434A2B7D16A822F041F816A822F035F967
:105E000016AA034600210AA81DF0B0FE0A9EA5E7C7
:105E10000E983C490368DFF8FCB05B6998470A9E1E
:105E200089E7343110A81DF0CAFF0E9D21682B6848
:105E3000DFF8E0B09F6816AE343130461DF0BFFF8A
:105E400028463149169AB847169BA3F10C005845CD
:105E500040F04086206807210022FCF77BF8109B69
:105E6000A3F10C00584540F0FB8621685CE76B68A5
:105E70004FF0000803F1010902230AA82349002278
:105E80001DF0D2FC431C11D003460AA9002216A81B
:105E90001DF0DEFF0AA816A91DF06FFC169BDFF8A7
:105EA00074B0A3F10C00584540F0E7866A680132EF
:105EB000B8F1000F01D191452ED00E981449036816
:105EC0009B6898470A9B82E70E980E4903685B69B6
:105ED00098470A9B7BE7DFF83CB02CE756F8043C78
:105EE0005A1E002B46F8042C3FF72AAF16A91DF0C6
:105EF00059FD25E7C80200207C1703088417030812
:105F0000941703086C4D030870130308CC1303089F
:105F100074170308980500204E2F4FF00002DFF899
:105F2000B08208BFC5F8049007920A9B53F80C2C66
:105F3000002A3FF44CAF022213460AA89A49DFF820
:105F400094A21DF071FC461C0746CDF82CA000F071
:105F5000458216AE3B460AA9002230460DF12C09B7
:105F60001DF076FF484631461DF007FC169BAAF14E
:105F70000C0BA3F10C00584540F0B2860A9B53F875
:105F80000C3C9F4200F2EC854FF0FF333A460AA9E1
:105F900030461DF05DFF0AA831461DF0EEFB169B52
:105FA000A3F10C00584540F0CE856B7DD80704D591
:105FB0002A690E9B9A4200F04C8418201DF0A2F929
:105FC000494601230E9A074606F010FA20683E7AE9
:105FD00090F8A830990729D5B207396804D540F25E
:105FE000E733994200F04985704B53F8042F9142F2
:105FF0001CD04345F9D190F8A8305B0740F13685B5
:106000000E986B4903685B6998472FB1384606F0D4
:10601000E5F83846FCF78EFEDFF8BCB10B9BA3F128
:106020000C00584540F082850A9E84E6730709D526
:106030007B68352B00F0FA81012B00F0A982032B3D
:1060400040F206823B7A98076FD53B68752B00F0CB
:10605000BF8300F23B811E2B00F08C8300F2FA819B
:10606000022B00F0A2821C2B5FD12FB1384606F024
:10607000B5F83846FCF75EFE0B9B53F80C3C032B3F
:1060800005F1080740F26C85494604224FF0FF33C2
:1060900010A81DF0DDFE0021464ADFF840B10423C0
:1060A00010A81DF063FD1CAE026846F8182D0346CB
:1060B00031463846C3F800A01DF05FFB169BA3F1E4
:1060C0000C00584540F0F984109BA3F10C00584592
:1060D00040F0E684A868384920F0D8FFE86000283E
:1060E00000F08B840E986E7D036834499B68AA6823
:1060F00046F001066E7598470E9B2B610B9BA3F132
:106100000C0058453FF411AF53F8042C511E002ADF
:1061100043F8041C3FF709AF16A91DF043FC04E740
:1061200040F2F512934200F0BC822068DFF8A8B07C
:106130003A460221FBF70EFF3B7ADA0640F15A811C
:1061400023680E9893F8A8305B07036848BF1C4982
:106150005B6958BF1B4998473A690E9852F80C3C46
:10616000002B00F0B181036817499B6898473B6991
:10617000002153F80C2C07F110000B461DF02CFCED
:106180000E98124903685B6998472068072100222E
:10619000FBF7E0FE002FB1D0384606F01FF8384676
:1061A000FCF7C8FDAAE700BFD013030804130308D7
:1061B0001C1403084814030850140308541403085B
:1061C000F816030800170308D04D03081417030836
:1061D0003C130308A4050020980500209805002022
:1061E00016AE43460AA90E9A304606F0FFF842461C
:1061F0003046394606F024F8BDEEC00A4246304625
:106200002A2110EE109A06F01BF89DF86030BDEEC2
:10621000C00A9A0710EE108A03D5169B6E2B00F069
:10622000BE83AD490AA8002201231DF0FDFA411CDE
:1062300000F04F8103460AA9002210A81DF008FEB5
:106240000AA810A91DF099FA109BDFF8BCB2A3F1BF
:106250000C00584540F0F7840A9A13782A2B00F076
:10626000448352F80C1C49B15018002101E08242CD
:1062700004D0594012F8013F2A2BF8D1C8EB01088D
:1062800000220F230AA895491DF003FB421C0A9B1C
:1062900000F0D78253F80C3C984200F26184024629
:1062A0004FF0FF330AA910A81DF0D2FD0AA810A9CB
:1062B0001DF063FA109BDFF850B2A3F10C005845B3
:1062C00040F0A884304605F089FFD5E5B3F5FB7FA3
:1062D00000F0438240F21C81B3F5FC7F00F0E181C5
:1062E000C0F0C881B3F57A7F7FF41FAF0B9B53F8E2
:1062F0000C3C042B40F2348416AE4FF0FF33494679
:10630000052230461DF0A4FD30460AA91DF0BBFC55
:1063100003680C93C0F800A0169BDFF8F0B1A3F15E
:106320000C00584518D000F0CEBC0C9B53F80C3C28
:10633000002B00F015844FF0FF330CA901223046EA
:106340001DF086FD0CA831461DF017FA169BA3F12F
:106350000C00584540F0B7840C9B53F8042C002ADD
:1063600003DB0CA81DF084FB0C9B1878FDF7EAFEFC
:106370000028DAD12FB1384605F030FF3846FCF757
:10638000D9FC0C9B53F80C3C002B40F0D5825449AF
:106390000DAA30461DF0A0FD52480E9A314616F067
:1063A000CFFC169BA3F10C00584540F07F840E985B
:1063B0004D4903685B6998470C9BA3F10C00584555
:1063C0003FF42CAE53F8042C511E002A43F8041C51
:1063D0003FF724AE31461DF0E5FA1FE60DF12C091A
:1063E0000AA948461DF0F7FC0AA83D4900221DF005
:1063F00085FBDAE5079A002A7FF4CCAEDE0700F1D0
:106400006E823A6952F80C3C002B40F059822368A6
:1064100093F8A830D80600F12681590700F12381AE
:106420000E98314903685B699847B3E60A9B53F8B5
:106430000C3C002B40F0F8802B7D032B00F20683F0
:106440007B60C26892F8341041F0080182F8341081
:106450002B75F7E5702B00F07181732B7FF465AE1F
:106460000E9DDFF8A4B02B6816A89E68F9F7BCFF54
:10647000814616A8F9F7BCFF1C4A2168D2F80080B3
:106480001B4C91F8A8E091F8A9701A4A1A490346E2
:106490001A48A4FB08C8002F0CBF07461746CEF3C6
:1064A000800E07244FEA98484A462846CDF80080D7
:1064B000CDF80CE0049701940294B0470E9810496F
:1064C00003685B699847A9E503680E495B699847CB
:1064D00056E64FF00008D3E6B8130308BC130308D0
:1064E000283F0308081603086C4D0308D00100205C
:1064F00083DE1B4340130308DC140308481303081E
:1065000000160308081703089805002098050020C6
:10651000B3F5FA7F7FF404AE23680121986901F096
:1065200069FB72B6984E99499948169620F0AEFDCF
:106530009849179016A8FDF7B7FC1798169608B15A
:1065400020F002FB08201CF0DDFE934B03600646A2
:106550008F4821F06FFD022170603A462068FE608E
:10656000FBF7F8FCF86810B103685B6898472FB137
:10657000384605F033FE3846FCF7DCFB62B6874947
:106580000E980368824A9B68DFF840B29847B5E5E9
:10659000079A002A7FF45CAF0E98814903685B6913
:1065A000984701227B68079249E54FF0010A16AE31
:1065B0000CAA7C4985F814A030460DF140091DF065
:1065C0008BFC534631464846774ADFF800B205F067
:1065D0000DFF169BA3F10C00584540F0E8820DF129
:1065E000340A206802214A46FBF7B4FC6F4909AA25
:1065F00050461DF071FC0123304651466A4A05F0B1
:10660000F5FE0D9BA3F10C00584540F0C482022119
:1066100032462068FBF79EFC304605F0DFFD484619
:1066200005F0DCFD206883E52FB1384605F0D6FD86
:106630003846FCF77FFB18201CF064FE0123074658
:106640000AA90E9A05F0D2FE0AA8594900221DF0A7
:1066500055FA3B7A5E0740F1F9817B68012B00F225
:10666000F5812068EDE60A9B53F80C3C002B7FF483
:1066700091ADD5E646484F4920F008FD002800F0CE
:10668000C48120F061FA0E984B490368404A9B6828
:1066900098473B7A2068DFF834B143F001033B723E
:1066A00046E516AE494630461DF089FB0DF140091E
:1066B0000AA930461DF0E7FA48463146FDF702FECA
:1066C000169BDFF808B1A3F10C00584540F0898211
:1066D000109B53F80C1C002940F0098148462C49B6
:1066E00013221DF00BFA3B68344A354840F2F5148A
:1066F000A34214BF04461446494630461DF05FFBD2
:10670000204631460E9A16F01BFB169BA3F10C0097
:10671000584540F0BF82109BA3F10C00584540F053
:1067200086822FB1384605F059FD3846FCF702FB4A
:106730000E981B4903685B6998476FE4206807213E
:106740000022FBF707FC23681E49586803685B6951
:106750009847002F7FF45AAC5EE40D481CF084F893
:106760002FB1384605F03AFD3846FCF7E3FA0E98AB
:10677000154906E7206890F8A83059073FF515AF8E
:10678000DFF848B0D4E400BFE8120308501403084F
:10679000281603083C160308100A030858160308B5
:1067A0006C4D0308881403082C0300208C14030884
:1067B000283F0308004E0308C016030850130308BF
:1067C00060130308901403088C1603089805002032
:1067D0000B9B53F80C3C032B40F2C28116AE4FF0DA
:1067E000FF334946042230461DF032FB30460AA9E9
:1067F0001DF049FA03681093C0F800A0169BDFF85B
:1068000024B3A3F10C00584540F0DF8143F6122079
:1068100044F24041002210ABFCF71AFD2FB138467C
:1068200005F0DCFC3846FCF785FA0E98B0490368A1
:106830005B699847109BA3F10C0058453FF4EEAB01
:10684000C0E5002153F80C2C0AA80B461DF0C4F833
:1068500038E503234946002216A81DF0F9FA16A8C8
:10686000A449DFF8C4B21DF02DF8169B0646A3F12B
:106870000C00584540F08381002E00F09F80EB68AB
:10688000002B00F0CF809C49012248461DF024FADD
:106890000B98EB6850F80C2C012120F039FF0B9B72
:1068A00053F80C3C98420E9800F0A180036893497D
:1068B0009B689847E86820F047F90023EB601DE4E7
:1068C0000E988F4903689B6898473B69002153F8ED
:1068D0000C2C07F110000B461DF07EF85AE40E98C0
:1068E000854903685B6998478BE50021C6E414314C
:1068F0003046CDF858A01DF0A6F914228149304643
:106900001DF0EAF9494630461DF0BDF948463146CA
:106910001CF033FF169BA3F10C0058453FF4E3AE87
:1069200053F8042C511E002A43F8041C3FF7DBAE39
:106930000DA91DF037F8D6E60DA80CA9FDF70CFC43
:106940000DA910A8FDF76EFC109C0DA930461DF096
:1069500036FA20460E9A314616F0F2F9169BA3F14C
:106960000C025A45044640F04881002C53D0109B3D
:10697000A3F10C00584540F0F6800D9BA3F10C00EC
:1069800058453FF414AD53F8042C511E002A43F827
:10699000041C3FF70CAD31461DF004F807E50E98D6
:1069A00053490368C5F804905B69DFF87CB19847E8
:1069B000304605F013FC0A9EFFF7BDB9E86820F0E9
:1069C000C3F86B7DAA68EE6066F300036B7505F192
:1069D00008003146334652F80C2C1CF0FDFF0E988F
:1069E0002E61036848495B699847FFF787BB0368D6
:1069F0003F495B699847FFF781BB0E98434903689D
:106A0000AA689B689847FFF777BB0E9840490368D0
:106A10005B6998473DE60E983E490368109A9B686B
:106A20009847A4E70E98324903685B699847FFF7D7
:106A300065BB53F8042C511E002A43F8041C3FF791
:106A400085A916A91CF0AEFFFFF780B92FB1384613
:106A500005F0C4FB3846FCF76DF90E982E49036823
:106A6000DFF8C4B05B699847FFF7D8BA0E982B4996
:106A700003685B699847FFF7C8BA07210122FBF753
:106A800069FA0E98264903685B6998470E98184979
:106A900003685B699847002F7FF4B8AAFFF7BCBA78
:106AA00053F8042C511E002A43F8041C3FF712AB84
:106AB00031461CF077FFFFF70DBB53F8042C511E35
:106AC000002A43F8041C3FF7FFAA0DA91CF06AFF37
:106AD000FFF7FABA53F8042C511E002A43F8041C9D
:106AE0003FF7B8A90DA91CF05DFFFFF7B3B900BFD0
:106AF0006C4D030838170308604103085417030856
:106B000030170308741603083C1703086C140308B5
:106B1000E0160308101603083414030830140308A1
:106B2000D4130308980500209805002053F8042C7E
:106B3000511E002A43F8041C3FF776AA16A91CF040
:106B400031FFFFF771BA53F8042C511E002A43F8A5
:106B5000041C3FF72AAA10A91CF024FFFFF725BA4E
:106B600066481DF046FA53F8042C511E002A43F8DB
:106B7000041C3FF702AF31461CF014FFFDE653F84A
:106B8000042C511E002A43F8041C3FF775AE10A9CF
:106B90001CF008FF70E653F8042C511E002A43F83D
:106BA000041C3FF734AD0CA91CF0FCFE2FE553F894
:106BB000042C511E002A43F8041C0DF1340A3FF73F
:106BC00010AD51461CF0EEFE0BE553F8042C511E9F
:106BD000002A43F8041C3FF719AE0DA91CF0E2FE91
:106BE00014E653F8042C511E002A43F8041C3FF706
:106BF0006FAD0DA91CF0D6FE6AE553F8041C481EC3
:106C0000002943F8040C3FF7B0AE104609A91CF068
:106C1000C9FEAAE653F8042C511E002A43F8041CAE
:106C20003FF750AB0DA91CF0BDFEFFF74BBB53F86F
:106C3000042C511E002A43F8041C3FF772AD314664
:106C40001CF0B0FE6DE553F8042C511E002A43F8E9
:106C5000041C3FF701AB0DA91CF0A4FEFFF7FCBA22
:106C600053F8042C511E002A43F8041C3FF7FDA8DA
:106C700031461CF097FEFFF7F8B853F8042C511E6C
:106C8000002A43F8041C3FF711A910A91CF08AFE42
:106C9000FFF70CB953F8042C511E002A43F8041CCA
:106CA0003FF739AD0DA91CF07DFE34E553F8042CF7
:106CB000511E002A43F8041C3FF779AB10A91CF0C1
:106CC00071FEFFF774BB53F8042C511E002A43F8E1
:106CD000041C3FF741AB10A91CF064FEFFF73CBB5E
:106CE00053F8042C511E002A43F8041C3FF746A910
:106CF00010A91CF057FEFFF741B900BFB80B0308FD
:106D000010B50446FCF7D0F8627D074B23600023E2
:106D10000648237563F300024FF0FF31A0606275EF
:106D200023616160204610BDA8170308A405002058
:106D300000B50B4683B04968024618686B4603C32A
:106D40000B46D90708D55B100099D0584158D01888
:106D5000884703B05DF804FB02EB630000998847A5
:106D600003B05DF804FB00BF08B580681BF09AFB18
:106D7000002008BDA0F10400FFF7F6BF10B5044ADB
:106D8000044B044680E80C00FCF77EF8204610BD5A
:106D9000E0170308E8100308A0F10400FFF7EEBFB6
:106DA00010B5064A064B044680E80C00FCF76CF868
:106DB0002046FBF7BFFF204610BD00BFE0170308C9
:106DC000E8100308A0F10400EAE700BF2DE9F04154
:106DD000074600F20F2684B080681BF05BFBD7F8F3
:106DE00010C2C0F101003118614507F1100551D002
:106DF000644600220AE00A2B00F087800134A64294
:106E000038BF2C468C4202F1010243D023780D2B6F
:106E1000F1D10A232370D7F810323D4901919D42E8
:106E2000039104D213F8011C0A2900D000BE9C4231
:106E300033D80DF1040807F504721946D21A4046FA
:106E40001CF04AFF40462946621B1CF045FF4146A4
:106E500003A81CF0C0FF2F4B02AA186801213B1D9C
:106E600002930134FBF776F897F81532A64238BF43
:106E70002C46C7F8104213B197F81432A3B9039BFC
:106E8000254CA3F10C00A04229D1019BA3F10C00D9
:106E9000A0422FD104B0BDE8F0810DF104081946DD
:106EA00040461CF019FFD2E7B8681BF0F3FAD7F898
:106EB0001032C0F1010216449E4223BF00F1FF30A0
:106EC000C5EB03031B18C6EB0303B3F5807FD6DDC8
:106ED000002387F81432F868FAF740FACFE753F83E
:106EE000042C511E002A43F8041CCEDC69461CF019
:106EF00059FDCAE753F8042C511E002A43F8041C1C
:106F0000C8DC69461CF04EFDC4E7634685E700BF58
:106F1000A4050020C8020020980500202DE9F04EAD
:106F200082B004461D468A469146BDF928B0FBF75B
:106F3000BBFF1A4B236004F110023C336360C4F8BA
:106F400010224FF4A2701CF0DDF9002706462B46F4
:106F500051464A46CDF800B001971BF065FAA6608D
:106F600030460B991BF092FA6B1C08D184F815720D
:106F70000023204684F8143202B0BDE8F08E0220CF
:106F80001CF0C0F929460646FAF792F9E660304649
:106F9000FAF7E4F9012384F81532E9E7E01703086A
:106FA00010B5044680681BF075FAD4F81032221A26
:106FB00002F504729A420BD304F1100201389B1AB5
:106FC0000344B3F5807F02DC94F8153213B910BD89
:106FD0009B1AF6E7E068FAF7B5F9012384F8143252
:106FE00010BD00BFFFF7DCBFFFF7DABFFFF7D8BF68
:106FF0002DE9F84F8C688A468046934601F10409D2
:10700000BCB1176800E02C462669BE428BBFA5685C
:10701000E56801230023002DF5D15BB9B742254671
:1070200016D80023C8F8004088F804304046BDE870
:10703000F88F4C46DAF80C50A54209D020461CF0D7
:1070400014FADBF800700669B74225460446E8D911
:1070500055B3A94526D0DBF800602B699E422CBFB2
:107060000026012614201CF04DF9044638B10023F7
:1070700043608360C360DBF8002002610370304628
:107080002A464B4621461CF0F2F9DAF81430C8F8CB
:10709000004001330122CAF8143088F80420404629
:1070A000BDE8F88F0126DDE72C46BAE770B53C4A0B
:1070B00083688AB00446002A60D0002847D00026A2
:1070C0000492059604AA03CA364DC3F8F800C3F823
:1070D000FC10C3F8F440C3F8F060C3F8085103F1A2
:1070E00018000122022119F05FFF2F4AA368002A2D
:1070F00051D000260692079606AA03CAC3F810418B
:10710000C3F81401C3F81811C3F82451C3F80C6173
:1071100003F118000122032119F046FF234AA36856
:10712000AAB100260892099608AA03CAC3F82C41FE
:10713000C3F83001C3F83411C3F84051C3F82861D3
:1071400003F118000421012219F02EFFA36818464C
:1071500004F110014FF400721BF0A0F92046002149
:10716000FBF7A8FE124B1B6859680434043102A8CF
:1071700001AA0194FFF73CFF0AB070BD0A4A1AB198
:107180000028E4D0074DB4E7084A002ADFD00028E1
:10719000DDD0044DC5E7054A002AC2D1D7E700BFBC
:1071A000ED6F0008316D0008E96F0008E56F000819
:1071B000C80200200B4B0C4A1B689B6A10B510706C
:1071C00018690A4C1DF080F802460B461DF0D0F8F5
:1071D00002460B46002006491DF0F4F9C4E90001FF
:1071E00010BD00BFC802002050030020480300204B
:1071F0000000D04390F858206FF3820270B5034628
:10720000044680F8582000211C3043F8041B8342B8
:107210004FF00002F9D194F85800B4F85A10656D97
:107220002B4EE26100F0FE0062F3410084F858004A
:1072300094F85800626420F0200084F8580094F814
:107240005800A26462F3041084F8580094F85800BF
:107250002265002320F0400062F30B01E26484F811
:107260005800A4F85A1023626362A362E3622363A6
:10727000A36323646663F5B1164D2D78D5B1616DB6
:10728000C5EBC50500202031ED0004460022002397
:107290003830A84241E9082341E9062341E90423A3
:1072A00041E90223C1E900238C60CC600C6101F14B
:1072B0003801EDD170BD074D2B78C3EBC300C00082
:1072C0001CF01EF860650028D7D100BED5E700BFCE
:1072D0000000C8425003002010B500230446036597
:1072E0004365FFF787FF204610BD00BF00B5D0ED16
:1072F0000B7A90ED107AF4EE477AF1EE10FA83B043
:107300000CD090F858309B0704D4B4EEC07AF1EE5C
:1073100010FA08DCF0EE477A80ED0B7AB0EE670ADF
:1073200003B05DF804FB90ED0D7AD0ED0A7AB1EE72
:10733000477A37EE077A67EEC77AE0EE007AB1EE69
:10734000E70AB4EE400AF1EE10FA0BD1D0ED107A54
:10735000B4EEE70AF1EE10FAD8BFF0EE407AC0EDD5
:107360000B7ADBE7B0EE670A01901EF027F8019870
:10737000ECE700BF00B590F858309A0683B029D4E6
:1073800090F858309B0704D590ED090A03B05DF8DA
:1073900004FB90ED0D7A90ED0A0AD0ED0B7AB1EE78
:1073A000477A37EE077A20EE470AA7EEA70AF1EEF2
:1073B000C07AF4EE677AF1EE10FA10D190ED090A76
:1073C000F4EEC07AF1EE10FAD8BFB0EE670A03B05F
:1073D0005DF804FB90ED0C0A03B05DF804FB01902E
:1073E0001DF0ECFF0198F0EE407AE7E7D0ED097A66
:1073F00090ED107AD0ED0B6AF4EEC07AF1EE10FA4F
:1074000058BFF0EE407AF4EEC77AF1EE10FAD8BF2A
:10741000B0EE677AB4EEE67AF1EE10FA07D890F89B
:10742000583080ED0B7A6FF3000380F85830FFF787
:10743000A1BF00BF000000002DE9F04F724B90ED9E
:10744000077A2DED048BD3E90045F8EE477A89B031
:107450008146B7EE009A10EE100A10EE906A89EE9F
:10746000279A1CF031FF22462B461CF081FFCDE904
:10747000060130461CF028FF0B46024629462046EE
:107480001CF076FF614B1B78CDE90401002B00F066
:10749000B080013B5E49D9F85420D1F800B0DFED4F
:1074A0005D9ADBB209EB830702F12008A9F1040A17
:1074B0003D4642E09DED067B8DED007BC8F8103027
:1074C00032463B46DDE900011CF052FF41EC100B57
:1074D0001DF092FA51EC100B1DF054FA32463B4667
:1074E00048E90401DDE904011CF042FF41EC100B06
:1074F0001DF082FA51EC100B1DF044FAD9ED0F7A11
:1075000068EEA78A404261EB410188EE888A48E92B
:10751000020128EE298A18EE100A1CF0D5FE41EC73
:10752000100B1DF069FA51EC100B1DF02BFAC8E995
:107530000001AA4508F138085BD05AF8043FC8F8A2
:107540000830002BF5D007EE903AF8EE678A002459
:1075500068EE898A18EE900A1CF0B6FEDBF8283037
:1075600006460F46D9F8380093ED048A1CF0ACFEAD
:1075700032463B461CF0FCFECDE9020118EE100A33
:107580001CF0A2FE02460B46DDE902011DF01AF8CE
:107590000022214B1CF0ECFE41EC100B1DF02CFAEC
:1075A00051EC100B1DF0EEF9D9F84C20D9F844300D
:1075B000C8F80C4048E90801541C0020002148E9A3
:1075C0000601C8F81040002B7FF474AFD9F848309A
:1075D0000498009023B9059901F1004101916FE7EA
:1075E0009FED077B9A4218BFC8F810308DED007BE5
:1075F00066E709B0BDEC048BBDE8F08FAFF3008007
:10760000000000000000000048030020500300209C
:10761000C80200200000805E0000D043AFF300806D
:1076200010B52DED0C8B90F858309B060446F0EE0B
:10763000609A02D5BDEC0C8B10BD90ED099A90EDCF
:10764000076AD0ED0D8AD0ED0A6AD0ED087A80EE97
:1076500089AA80EE099AB8EE467A27EE8AAA67EEE2
:10766000288A27EE899AC8EEA68A6AEE0A7AB6EECA
:10767000000AE9EE097A27EE800AA7EE280AF1EE61
:10768000C07AF4EE677AF1EE10FA40F0938094ED50
:10769000088AF4EEC87AF1EE10FA6ADC77EEC9CA0D
:1076A0007AEE67AAB1EE687AC4ED0F7A8CEEA8BACA
:1076B000CAEE87AAB0EE678A67DC9FED41DA414BDC
:1076C0001B689B6AD3ED048A2BEE280A1DF04CFB45
:1076D000BCEEC0CA2AEEA80A1DF046FB7BEE2AAA21
:1076E000FCEEC0BA3AEE8D0A20EE280A1DF03CFBF3
:1076F000F8EE4C7AB8EE6B7AC7EEA87A94F8582078
:1077000042F0400284F85820C7EE288ABCEEC00A36
:10771000F5EEC07AF1EE10FAF5EEC08A10EE103AEE
:107720001BEE900AC8BF8CEEA70AC0EB0301E3640E
:10773000A1642046D8BF9FED220A84ED11CAF1EE64
:1077400010FAC8BF38EE4A8A84ED0E9AC8BFC8EE58
:10775000280AC4ED0C9AD8BFDFED190AFFF76CFEBA
:10776000BDEC0C8B94F8583023F0400384F858306B
:1077700010BD78EE49CA7AEE48AAF1EE687A8CEE2E
:10778000A8BACAEEA7AA84ED0F8AD4ED076A39EE2B
:10779000086AB6EE007A27EE466AF8EE667A7AEE66
:1077A000086AE6EE0B7A27EE667AE7EE2A7A87EE2B
:1077B00088DA84E71DF002FEF0EE407A67E700BF4A
:1077C00000000000C8020020002282604260816840
:1077D00002600261C1607047002310B501698360D7
:1077E0004360826803600446C26019B1034B1868A5
:1077F000FBF7F0F900232361204610BD1803002099
:10780000006820B1013188428CBF084600207047D3
:10781000006808B109B1481E70470138704700BFC1
:10782000426800695C2101FB0200704782680069C0
:107830005C2101FB0200704703695C2000FB013002
:10784000704700BF036805E081689A4228BF0022A4
:10785000914207D142680132002BF5D181681A4666
:107860009142F7D0426823B101329A4234BF1346A5
:1078700000234360704700BF426883689A4203D088
:10788000036882680BB983607047013293428CBFF2
:1078900013460023F7E700BF0368426823B10132B3
:1078A00093428CBF134600238068C31A5842584144
:1078B000704700BF42688068131A584258417047A9
:1078C0002DE9F843426883689A4204460F4602D085
:1078D0000020BDE8F883C1B972B6426883689A4255
:1078E00003D062B60020BDE8F88300238360036004
:1078F000436062B6016919B11E4B1868FBF76AF95B
:10790000002323610120BDE8F883DFF868905C2143
:10791000D9F8000001FB07F1FBF7F0F880460028DA
:10792000D6D006467D1E3046013DFFF7D5FC6B1CC8
:1079300006F15C06F7D1216972B66268A3689A42C3
:1079400006D062B6D9F800004146FBF743F9BFE71D
:107950000023A360C4F810802760636062B631B171
:10796000D9F80000FBF736F90120BDE8F8830120C3
:10797000BDE8F8831803002038B503210446154DEF
:10798000FBF798FA20460721FBF794FA2B680022B0
:1079900058694EF295211346F8F7A4FF2021F9F714
:1079A0004DFCF9F7D1FB2B68BCEEC00A00225869E8
:1079B00084ED070A134644F2E761F8F793FF642168
:1079C000F9F73CFCF9F7C0FBBCEEC00A84ED060AEF
:1079D00038BD00BFC802002010B5054B044640F872
:1079E000043BFFF7F9FE2046FBF74EFA204610BD98
:1079F0004018030810B5074B044640F8043BFFF756
:107A0000EBFE2046FBF740FA2046FBF793F92046B1
:107A100010BD00BF4018030810B50446FBF744FA38
:107A200020460D4B40F8043BFFF7CEFE94F824307F
:107A30006FF3000384F8243094F824306FF341038B
:107A400084F8243094F8243000226FF382032262F9
:107A500084F82430204610BD4018030810B50446B1
:107A60000846FFF7A7FB201DE169FFF729FF94F8FF
:107A7000243043F0010384F8243010BD08B50430ED
:107A8000FFF718FFC8B10D4B1B68DA689368D1681F
:107A90008B420FD01A6892F83900C0F3400058B9F1
:107AA000043305E053F8042B92F83920920704D4EC
:107AB0009942F7D1012008BD002008BDC80200206E
:107AC00070B5041D06462046144DFFF7E5FE68B16B
:107AD000286890F8A8309A0718D403213246FAF79C
:107AE00039FA2046FFF7D8FE0028F1D12B680B4D5C
:107AF00093F8A8309B0709D42046FFF7A3FE286817
:107B000008210122BDE87040FAF724BA2046FFF7A9
:107B100087FEBDE87040FFF76DBB00BFC8020020C4
:107B2000F8B5224D2B68DA0704460F4615D5204ECE
:107B3000251D2846FFF7BEFE68BBDFB119F0E4FB48
:107B400094F8243030605B0706D494F8243043F076
:107B5000020384F82430F8BDF8BD28461BF0E6FB8C
:107B60000028E4D019F0D0FB114E306028461BF0FD
:107B7000EBFBDDE72846FFF78FFE0028DED119F08A
:107B8000C3FB3268A3694FF47A71801A01FB03F3D7
:107B90009842D3D2F8BD94F824306FF3410384F8AF
:107BA000243019F0B1FB3060F8BD00BF5403002051
:107BB0005803002010B590F82430DB07044615D494
:107BC000E26823699A4206D004342046FFF772FE29
:107BD00010B100BE10BD10BD2046FFF727FEFFF715
:107BE00009FB2046BDE81040FFF746BE0021FFF725
:107BF00097FFE5E7F8B590F82430154E6FF30003D2
:107C000004460F4680F82430051D07E02046FFF7A4
:107C100087FF306803212246FAF79CF92846FFF7D0
:107C200049FE01210028F1D05FB1094D02E028682A
:107C3000FAF790F92046FFF721FF0321224600289A
:107C4000F5D094F8243043F0010384F82430F8BDD3
:107C5000C802002038B504460D4601B138BD90F881
:107C6000243061F3410380F8243090F8243043F04D
:107C7000040380F82430FFF7BDFF94F8243065F347
:107C8000820384F8243038BD90F8243070B504465F
:107C900058070E460DD52269A3689A4209D0251DC2
:107CA00021692846FFF7ACFD20612269A3689A424A
:107CB000F6D1194B00221B68226293F8A83099076D
:107CC00008D42269A3689A4204D094F82450C5F3DA
:107CD000400515B90025284670BD2169201DFFF714
:107CE000ABFD90F858305A06F4D490F858305B0742
:107CF00000D400BE90F85830426A43F0200380F868
:107D0000583090F858306FF3000380F858302262F2
:107D10003060284670BD00BFC802002010B5044680
:107D200004302169FFF76CFD206110BD90F824300C
:107D30006FF3410380F8243090F8243010B543F0FD
:107D40000403044680F824300021FFF753FF94F821
:107D500024306FF3820384F8243010BD38B5194DF8
:107D60002968002213460446486941F29371F8F7E6
:107D7000B9FD9FED150AF9F76BFAF9F7E5F92B68EC
:107D800084ED070A00224BF66D4158691346F8F757
:107D9000A9FD9FED0E0AF9F75BFAF9F7D5F92B6803
:107DA00084ED080A002242F2C35158691346F8F7DD
:107DB00099FD9FED070AF9F74BFAF9F7C5F984ED3C
:107DC000090A38BDC8020020CDCC4C3D0000C07F60
:107DD0000000000010B5002104461C221FF084FDA5
:107DE0002046FFF7BBFF204610BD00BF2DE9F8433A
:107DF0002F4B1B689E69B468371D2DED028B8146A1
:107E00002146384699ED098AFFF716FD05463846A2
:107E1000FFF750FD002849D1F3689C4217D095F830
:107E20005830DB0713D52846B0EE480AFFF75EFA54
:107E300021463846B0EE408AFFF7EAFC0446214668
:107E40003846FFF7F9FCF368A3420546E7D1284618
:107E5000FFF790FAB368A342B0EE408A01D125E063
:107E6000454621463846FFF7CBFC044621463846B6
:107E7000FFF7E2FCB0EE480A8046FFF7B7FA284663
:107E8000B0EE408AD8ED0B0A95ED0B0AFFF7C8FB60
:107E9000B368A342E4D1BDEC028B404698ED0B0AD7
:107EA000D9ED090ABDE8F843FFF7BABBA846F2E7E7
:107EB000C80200202DE9F04F2DED048B87B09E4FB6
:107EC0009DF8504004943C680293A4698146201DAB
:107ED00090460C46B0EE409AB0EE608AF0EE418AD1
:107EE000F0EE619AFFF79CFC90F858306FF3C303F3
:107EF000834680F85830B8F1000F00F0CC814FF085
:107F0000000A0126CDF80CA0051FCDF814901CE046
:107F10000BF1500E0AF01F01DEF80000012303FAF6
:107F200001F120EA0100CEF8000089EAE972A2EB33
:107F3000E972BAF1020F45F8042F02D0002A18BFE7
:107F400000260AF1010AC2452FD23A68B4EC010AB0
:107F5000D268926852F82A00FBF754FC8146002848
:107F6000D6D0754814ED010A0168C9688868494689
:107F700050F82A00FBF740FCBAF1060F05D89BF831
:107F8000581041F008018BF85810B9F1000F0AF0B1
:107F90001F0180F28F81DBF85000012303FA01F109
:107FA0000843CBF850000393BFE7DDF81490DBF8EB
:107FB0000830039C002B08BF0026002C00F06281D3
:107FC0009FED5E0A29EE800A1CF072FFBCEEC00A2B
:107FD000BBF85A209BF85830049C10EE100A60F34E
:107FE0000B0264F30413ABF85A20D9ED079A8BF80F
:107FF0005830002E40F09680CBED0D8A5B460BF199
:108000001C00DBF8002003E019688A4238BF0A46EA
:1080100004339842F8D1B5EEC08AF1EE10FACBF8ED
:108020001C208BED0A8A4FF0000340F3268107EEF7
:10803000102AF8EE477A8BED099A27EE899A89EE95
:10804000088A8BED088A029B99ED098A002B00F0C3
:1080500011813B68384C98690430FFF72BFC0028ED
:1080600072D0D9ED097AF1EE688A78EEA88A9BED94
:108070000A0A8BED108A20EE680AA7EEA70AF1EE35
:10808000C07AF4EE677AF1EE10FA40F00E819BEDC3
:10809000097A9BF85830B4EEE78AF1EE10FAB4EEA4
:1080A000E77AC8BFB0EE678AF1EE10FA94BF43F0EA
:1080B00002036FF341038BF858309BF858308BED77
:1080C0000B8A43F001038BF85830029B002B00F021
:1080D000E680029C1A68A1685B68E068C9F80C0039
:1080E000C9F80020C9F80430C9F80810226963698A
:1080F000A169C9F81810C9F81020C9F81430484609
:10810000FFF774FE9BF858303A6843F00403906917
:108110008BF85830FFF7D4FC012007B0BDEC048B7E
:10812000BDE8F08FD9ED087AF4EE677AF1EE10FA37
:1081300078BFF0EE679A5FE7C802002000000045B4
:1081400072F97F3F72F97FBF23689C69A16804348C
:108150002046FFF75DFB01462046FFF76DFBF5EE7D
:10816000C09AF1EE10FA7FF77CAF90F858209BF898
:108170005830C2F3C002C3F3C0039A427FF471AF18
:1081800090ED096AB5EEC06AF1EE10FA7FF769AFBB
:10819000029CD9ED017AD4ED014A99ED005AD4ED53
:1081A000005AD9ED026A94ED027A64EEE77AB8F1EA
:1081B000030FE5EE657AE6EEC77A0DDD09F10C01F5
:1081C00004F10C020323F1EC016AB2EC017A0133F1
:1081D0004345E6EEC77AF6DB1FED277AF4EEC77A61
:1081E000F1EE10FA3FF63DAF9BED098A1FED2B7AB9
:1081F000B4EEC86AF1EE10FAF4EEC77AD8BFB0EE6A
:10820000468AF1EE10FAFFF62CAFB7EE007A77EE61
:10821000677AB6EE007A27EE870AF1EEC07AF4EEBE
:10822000677AF1EE10FA4FD1DBED0D6A90ED0D7A21
:10823000F4EEC76AF1EE10FA48BFB0EE667A29EEA6
:10824000870AB7EE007A20EE270A77EE677A80EE8B
:10825000270AB1EEC07AB4EE477AF1EE10FA2ED1C9
:10826000B4EE487AF1EE10FAD9ED097A48BFB0EED3
:10827000478AF8E6F0EE487AF5E6CBF82430CBF8FA
:108280002030E0E65846FEF7B5FF012007B0BDEC10
:10829000048BBDE8F08F0126CDF80C8087E60299AB
:1082A00048461C221FF020FB29E71DF087F8F0EE5E
:1082B000407AECE601230BF1500E03932CE61DF0FF
:1082C0007DF8B0EE407ACBE701901DF077F8019889
:1082D000F0EE407AA8E700BF014B0360704700BF93
:1082E00078180308002070470020704710B5034B32
:1082F00003600446FAF71EFD204610BD78180308F7
:108300002DE9F0470446D0F8F800D4F8E830984258
:1083100027D0D4F8FC30D4F80421984223D0A0F11F
:108320000C0310F80C8C10F80B7C10F80A6C10F889
:10833000095C50F808AC50F8049CC4F8F83094F884
:10834000343084F8A48065F3410366F3820367F355
:108350000003C4F84491C4F840A184F83430BDE867
:10836000F087BDE8F08752F8043C93F8EC8193F86D
:10837000ED7193F8EE6193F8EF51D3F8F0A1D3F8D3
:10838000F491FAF7D7FCD4F804311A1FC4F8042189
:1083900053F8043CC4F8FC3003F5FC7203F5F673A3
:1083A000C4F80021C4F8F830C9E700BF836840680A
:1083B00030B51D685C689B6895ED0B6A94ED0B7A8F
:1083C000D3ED0B7AD4ED085AD3ED086A95ED085A2F
:1083D0000468B8EEC66AB8EEC77AF8EEE77A86EEB9
:1083E000056A89B000230A46049305930693079310
:1083F00001A9E36887EE257AC7EEA67A8DED016ABA
:108400008DED027ACDED037A984709B030BD00BFFB
:1084100030B491F8A44092ED022AD2ED012A92EDF7
:10842000003AD1ED2A3A91ED2B4AD1ED2C4A91ED4B
:10843000335AD1ED325A91ED316A01F1380504EB2E
:10844000440405EB8403D3ED026AD3ED017A93ED86
:10845000007A72EE666A72EEE77A33EE477A76EE6B
:10846000A36A77EE847A37EE247A76EEC56A77EEE1
:10847000E57A37EE467AC0ED026A80ED007AC0ED0B
:10848000017A30BC704700BF2DE9F0432DED028B1F
:1084900090F89C2185B00646002A3DD0DFF8888000
:1084A000002402E00134A24236D9B36853F82450C4
:1084B00095F839301B07F5D4D8F80070D5ED087A57
:1084C00095ED098A97ED0E7A27EE888AB8EE470A6D
:1084D000B4EEC08AF1EE10FAE4DD80EE270A1CF05B
:1084E00043FC18EE100A85ED090A10EE109A1BF0F5
:1084F000EBFE7D682F68CDE9000148461BF0E4FEE5
:10850000CDE902012246BB6806492846984796F8FD
:108510009C210134A242C8D805B0BDEC028BBDE855
:10852000F08300BFD8180308C802002090F89C11FF
:10853000032910DD82680320083202E00130814205
:1085400009DD52F8043F93F8393013F0080FF5D0E5
:108550005B07F3D570470020704700BF054B1B68D1
:108560009B681B7D013B022B8CBF90ED500A90ED68
:10857000510A7047C802002010B5022982B00C468B
:1085800002D9002002B010BD4FF44C4044F68A518D
:1085900000220DF10303FAF731FE0028F1D09DF817
:1085A0000320002AEDD14FF44C4048F2150101ABF5
:1085B000FAF724FE0028E5D002AB1C4414F8040CA2
:1085C000E0E700BF10B5846814B1C368984710BDD8
:1085D0001BF012FD2DE9F04F2DED028B9FB0884668
:1085E000079299468346002900F09080042900F004
:1085F000FE80052900F0C48008A9FFF7D7FEDBF84C
:108600001C302BB108A90BF114000122FFF7DAFF8F
:10861000B8F1010F00F00981B8F1020F00F02F81CD
:10862000B8F1030F00F05F8100220DF1380A0798BE
:1086300051461BF051FB9BF89C21032A25DDA8F134
:108640000206F6B20BF58A770C254124B9F1000F2A
:1086500006D0DBF808305B5993F839301B070AD491
:10866000B8F1000F39D0B8F1040F3DD0B8F1010FC7
:108670003CD0012E0ED9A4F13D03934207F104072B
:1086800005F1040504F10104E0DB1FB0BDEC028B31
:10869000BDE8F08FDBF808305B5993ED0B7AD3ED32
:1086A000087AB8EEC77AC7EE277A17EE900A1BF061
:1086B0000BFEA64ACDE900012346504640211FF09B
:1086C000DDFB402888BF402057D902465146079815
:1086D0001BF002FB9BF89C21CDE797ED007A57ED4C
:1086E000187A77EE277AE0E73868E0E7DBF80830B9
:1086F00057ED187A5B5993ED0B7AD3ED086AB8EE13
:10870000C77A87EE267A77EE277ACEE7D0F810215F
:10871000D0F80831D0F80C410E920DF1380A5946C4
:1087200052460BA810930F94FFF772FE9BF834305B
:10873000DDED0D7AD90741D417EE900A1BF0C4FD88
:1087400004460C980D461BF0BFFD9DED0B8A0646B6
:108750000F4618EE100ACDE90045CDE902671BF07F
:10876000B3FD7B4ACDE90401504640211FF086FB52
:10877000402834BF0246402259E70028AAD0A4E787
:10878000D0F824011BF0A0FDCDE90001DBF82801A1
:108790001BF09AFDCDE90201DBF82C011BF094FDE2
:1087A0000DF1380ACDE904016A4A504640211FF014
:1087B00065FB402834BF0246402238E79FED668AB9
:1087C000C7EE887A17EE900A1BF07EFDDDED0C7A7D
:1087D000C7EE887A04460D4617EE900A1BF074FD2A
:1087E000DDED0B7A06460F4687EE888AB1E7D0F8B2
:1087F00008011BF069FDCDE90001DBF80C011BF05D
:1088000063FDCDE90201DBF810011BF05DFD0DF108
:10881000380ACDE90401514A504640211FF02EFB91
:10882000402834BF0246402201E70A99089B099C70
:108830000E910DF1380A52460BA8594610930F9429
:10884000FFF7E6FD9BF834309DED0D7ADA0731D461
:1088500017EE100A1BF038FD04460C980D461BF06D
:1088600033FDDDED0B7A02460B4617EE900ACDE99B
:108870000223CDE900451BF027FD394A72E708982D
:108880001BF022FDCDE9000109981BF01DFDCDE98B
:1088900002010A981BF018FD0DF1380ACDE9040118
:1088A000304A504640211FF0E9FA402834BF0246C2
:1088B0004022BCE69FED288A87EE087A17EE100A60
:1088C0001BF002FDDDED0C7AC7EE887A04460D46FA
:1088D00017EE900A1BF0F8FCDDED0B7A02460B4612
:1088E000C7EE887AC1E7DBF8083093E8240092ED00
:1088F0000B7AD2ED087A9C68EF6AE66AB8EEC77A1E
:108900000DF1380AC7EE277A17EE900A1BF0DCFC4F
:10891000CDE9000107EE907AB8EEE77AD5ED087A56
:10892000C7EE277A17EE900A1BF0CEFCCDE90201C4
:1089300007EE906AB8EEE77AD4ED087AC7EE277AA8
:1089400017EE900A1BF0C0FC074A0BE7B4190308A6
:1089500058190308541903083333CB413C19030851
:108960006C190308841903089C19030830B5C369FE
:1089700080ED420A89B0054680ED490AC0ED430A00
:10898000C0ED4A0A80ED441A80ED4B1A2BB1143029
:1089900005F584710122FFF715FE6868036801AAD6
:1089A0009B6805F5927198470024AB6801AA2244A0
:1089B000185992ED000A0434FAF710FF0C2CF4D188
:1089C00009B030BD90ED490AD0ED4A0A90ED4B1A3E
:1089D000FFF7CCBF00EB81020229034682ED490A72
:1089E0000BDD90F89C01814200DB704782ED420A6A
:1089F0009B6853F82100FAF7F1BEFFF7E3BF00BF11
:108A0000826808B512B1C368984708BD1BF0F4FA34
:108A10002DE9F0432DED028B90F89C2189B004469E
:108A2000002A7BD0856801AE043D06EB8202334606
:108A300055F8040FD0ED0B7A90ED087AF8EEE77A4E
:108A4000C7EE877AE3EC017A9342F1D1606803685C
:108A500004F592753146DB682A46984704F584711F
:108A60002A686B68A868EF68C4F808214B608860C2
:108A7000CF606B692A69A86988610A614B61E36903
:108A800023B104F114000122FFF79CFD6068036824
:108A900029469B68324698470025A36872195859A1
:108AA00092ED000A0435FAF799FE0C2DF5D194F8F1
:108AB0009C31032B2ADD04AF04F59876032504F1DD
:108AC0002408A368B7EC018A53F8253093F83920BD
:108AD000120740464FEA85091DD5E26ADAB1FFF771
:108AE0008FFF88EE008AA36853F8093057ED017AAA
:108AF000A6EC018A184606ED088AB0EE670AFAF776
:108B00006DFE94F89C310135AB42DADC09B0BDEC66
:108B1000028BBDE8F083F0EE487AE9E701AE95E715
:108B200070B506460D460024B5EC010AB4EE400AC5
:108B3000F1EE10FA03D6B3681859FAF74FFE043471
:108B40000C2CF1D13046BDE87040FFF761BF00BF8B
:108B50002DE9F04F2DED048B93B002AF90F89C21DE
:108B600093000A3303F4FF63ADEB030D0DF1080A24
:108B7000ADEB030D04460DF1080892004046F0EEFF
:108B8000408A1EF08DFEE3692BB104F114004146CA
:108B90000022FFF717FD94F835305D072DD504F559
:108BA000C876C14600252046E9B2FFF7E5FCE8B1EA
:108BB00056ED037AF4EE677AF1EE10FA07D699EDE6
:108BC000007AF4EEC77AF1EE10FA00F34881D6EDA0
:108BD000007AF4EE677AF1EE10FA07D699ED007A92
:108BE000F4EEC77AF1EE10FA00F139810135032D68
:108BF00006F1040609F10409D5D194F89C51002D21
:108C000000F01C8104F592737B609FEDBB0A7868CD
:108C10000023AD001E4641465246B1EC017AF0EC0D
:108C2000017A77EE677A0433F5EE407AF1EE10FAC6
:108C30001CBFA7EEA70A0126AB42E2EC017AECD1F9
:108C4000002E00F0FB80B1EEC09AB4EE499AF1EE2E
:108C500010FA40F04C81DFEDA97AB4EEE79AF1EE1C
:108C600010FA00F1EB800023E218D2ED5D7AF5EE08
:108C7000C07AF1EE10FA0AEB030103F1040310DDF0
:108C800091ED007A87EE097A27EE287AB0EEC77A5E
:108C9000F4EEC77AF1EE10FA44BFC7EE877A68EEB9
:108CA000A78A082BE0D1D4ED607AF5EEC07AF1EE18
:108CB00010FA06DDF4EE687AF1EE10FA48BFF0EE35
:108CC000678A94F834309A0640F1E880D8F8042096
:108CD000D8F80010D8F80830BA6294F89C2179626C
:108CE000FB62032A25D907F130060C254FF0030B50
:108CF00004F1240908EB0500A36800685B593060A3
:108D000093F839301B0748460BD5E36A4BB1FFF7A0
:108D100077FED6ED007A94F89C2127EE800A86ED46
:108D2000000A0BF1010B5A4505F1040506F1040692
:108D3000E0D89FED717A42B151460023F1EC017AFF
:108D400001339342A7EEA77AF8D3B1EEC70AB4EE87
:108D5000400AF1EE10FA40F0C380002A00F0A8802B
:108D6000920007F10803D118FAEC017AC7EE807A75
:108D7000E3EC017A8B42F7D1A06894ED578A07F1B2
:108D8000240304381A4450F8041FB3EC017AD1EDDF
:108D90000D7A77EE677AF0EEE77AF5EE407AF1EE4B
:108DA00010FA20D091F839506D071CD5C9EE277AFA
:108DB000D1ED096A91ED0A7A67EEA66AF4EE668A49
:108DC000F1EE10FAB4EE477AC8BFF0EE668AF1EE23
:108DD00010FA08D667EE877AF4EE487AF1EE10FAC8
:108DE00048BFB0EE678A9342CDD1454E336806E066
:108DF000F9F7B0F8336893F8A82092071ED493F8D7
:108E0000A8502D0718464FF003012246F0D494F8DD
:108E10003510186994F89C21D4ED581AC1F3400319
:108E20000093B0EE680AF0EE490AB0EE481A07F176
:108E3000240107F10803FFF73DF838B90024204664
:108E40004437BD46BDEC048BBDE8F08F94F89C21FF
:108E50007868920041461EF023FD0124EFE794F864
:108E60003540C4F3C00434B3254E3368586893F8D2
:108E7000A820036854074CBF224923495B699847DF
:108E8000336822495868036805F158029B6898477F
:108E9000306807210022F9F75DF8CFE760680368C2
:108EA00007F124029B684146984794F89C2118E7F3
:108EB00094ED578A99E7124E3368586893F8A820C2
:108EC000036851074CBF0F490F495B6998473368E6
:108ED0000F495868036805F158029B689847AEE748
:108EE000B0EE470A1CF06AFA94F89C2135E71CF0B2
:108EF00065FAB0EE409AAEE600000000ACC5273738
:108F0000C8020020F816030800170308BC1903085C
:108F1000FC1903082DE9F047274B2DED028B1B6848
:108F200093F8A840C4F3400400AF06460D46B0EEE7
:108F3000408A914664BBB5EEC00AF1EE10FA27D91B
:108F400090F89C2193000A3303F4FF63ADEB030D0B
:108F500000F58478920068464146EA461EF0A0FC7F
:108F6000B9F1000F0DD04FEA89026B4693ED007AFC
:108F7000F5EC017A043477EE277A9442E3EC017A37
:108F8000F4D1B0EE480A30465146FFF7E1FD28B96A
:108F90000020BD46BDEC028BBDE8F08796F89C2111
:108FA0004046920051461EF07BFC0120BD46BDECC0
:108FB000028BBDE8F08700BFC80200202DE9F04F0A
:108FC0002DED0C8B85B0D0ED519AD0ED567AC9EECF
:108FD000A79A00AF044697F86860BA6008469846BA
:108FE000B0EE40DAF5EEC09AF1EE10FA40F25E8192
:108FF00094F83520D7F808A094F83610C2F301157C
:10900000A800920908EB000C04EB8505504493007E
:1090100001F00301D0ED007A95ED59AADCED00AA2C
:1090200008EB03090AEB810E04EB810199ED00BA0C
:10903000DEED00CAD1ED596AB4EE67AA04EB8202F4
:109040005344F1EE10FAB1EE6A8AF1EE4B8A93EDD9
:10905000007AD2ED59BA7CEEE6CA40F0F880F4EE20
:1090600047BAF1EE10FA40F0F2809FEDBE9ADFEDC4
:10907000BE7A002E18BFB0EE679A29EE0D0AF0EE08
:10908000EC0A1AF06BF9DFEDB97AB4EEE70AF1EE0B
:1090900010FAF0EE40DA00F10281D4ED547A94ED4A
:1090A000537AF5EEC07AF1EE10FAB0EE47CA07DD5A
:1090B0003DEE0DDAF4EECD7AF1EE10FA00F13581E5
:1090C000DFEDAB7AB4EE67CAF1EE10FAB6EE00DA75
:1090D00048BFB0EE4DCA8DEE8C0A1BF045FEBCEECB
:1090E000C00A10EE109A1FFA89F94B46012BC7F8F7
:1090F0000C9040F2188107EE109AF8EEC77A94F8B7
:109100009C21C7F804D089EE279A93000A3303F410
:10911000FF63ADEB030D920004F5847168464FF0D8
:109120000009DFF858A2EB464E460125CCEEA7CA4F
:109130001EF0B6FB94F8362002F0030204EB820125
:109140000DEB8202D1F8081111602DEE49DAB7EE6D
:1091500000CAADEE09CA3FE068EE8C7A29EE687A63
:10916000E8EE097A94F83520A8EE0C7AC2F30112E1
:109170005FFA8CF99200F0EE678AB0EE478A3AEE19
:109180002A7A5A4437EE087A7BEE8B7A82ED007A9F
:1091900094F8352077EEA87A92090BEB8202C2EDA3
:1091A000007A94F8362002F003020BEB8202D2ED33
:1091B000007A77EEAC7A2046C2ED007A5946B0EEDE
:1091C000690AFFF7C5FC0135FB68AAB2002E08BF8B
:1091D00006469A4280F08B80DAF8002092F8A820A8
:1091E000C2F340024FFA89F109F1010C002A40F064
:1091F0009180D4F870018142AEDB07EE105AB8EED0
:10920000C78A914628EE098AB0EE480A1BF068FD2D
:10921000B0EE40DAB0EE480A1BF074FE94F8351058
:10922000C1F301128909920008EB8101D1ED008A96
:1092300008EB0200D0ED007A28EE808A68EECD8A35
:10924000F1EE677AA7EE8D8AE0EE278A97E777EE50
:10925000CA7A37EE6B7A77EEEA7A37EE4B7A27EEF8
:10926000E80A68EE870AA8EE070AE8EE270A1BF06C
:1092700087FE94F8363003F00303012B08BF86F015
:109280000106B0EE409AB5EEC00A46B3F1EE10FA10
:109290007FF7F3AEDFED337A30EE679AEDE600202C
:1092A0001437BD46BDEC0C8BBDE8F08F0B7A314A0C
:1092B0003149F5EE409AF1EE10FA43F0100308BF81
:1092C0001146037214BF0D22132210301AF016FC3F
:1092D00000201437BD46BDEC0C8BBDE8F08FF1EEDD
:1092E00010FA44BFDFED1F7A30EE279AC5E6D7F8B3
:1092F00004A0D546B9682046B0EE690AFFF728FCFD
:1093000000280CBF304601201437BD46BDEC0C8B45
:10931000BDE8F08F7B6800209D461437BD46BDEC4C
:109320000C8BBDE8F08F0026E4E73DEE67DA67EED0
:109330008D7AB1EEE70AB4EE400AF1EE10FA09D1E7
:1093400070EE006AF4EE476AF1EE10FAC8BFB0EEB4
:1093500066CAB5E6B0EE670A1CF030F894ED537AB1
:10936000EEE700BFDB0FC940DB0FC9C0BD37863554
:1093700017B7D138301A0308441A0308C80200206E
:109380002DE9F041144690F835209DF818800546E7
:10939000C2F30110920904EB800004EB820290ED0D
:1093A000000AD2ED000A1E460F4619F0D7FFB8F1A9
:1093B0000302534253410693284639463246234618
:1093C000BDE8F041FFF7FABD2DE9F04F2DED048B1C
:1093D000B5EEC00A87B0F1EE10FAB0EE408A00AFE9
:1093E00004460D469246B0EE609A40F2D48092ED6B
:1093F000015AD0ED437AD2ED005AD0ED426A92ED97
:10940000026A90ED447A75EE677A75EEE66A27EEA9
:10941000A70A36EE477AA6EEA60AA7EE070AF1EEED
:10942000C08AF4EE688AF1EE10FA40F01281DFEDA6
:109430008B7AF4EEE78AF1EE10FA00F1E380B4EEF5
:10944000499AF1EE10FA17D62B7A590714D56B68A2
:10945000012B11D1C8EE287A4AF676504EF28901D6
:10946000002207F1100387ED049AC7ED057AF9F79A
:10947000EFFE002840F0DD8094F83430C3F300188C
:10948000B8F1000F40F0AA805A0640F1C380D4ED35
:10949000557AB7EE009AF4EEC97AF1EE10FA40F37D
:1094A000968088EE880A27EE800A1BF0C9FBB4EE8E
:1094B000C90AF1EE10FA40F39180BCEEC00A10EE3A
:1094C000106AB6B2FE60FB68012B40F2878094F808
:1094D0009C21C7F804D093000A3303F4FF63ADEB7B
:1094E000030DC7F808D004F5847BADEB030D9200A3
:1094F000684659461EF0D4F994F89C316D46B3B1D4
:10950000D7ED037AB868F8EEE76A5946D4464FEAD1
:10951000830B0022BCEC017AF1EC017A77EE677ADA
:109520000432C7EEA67A5A45E0EC017AF2D1DFF8B0
:109530003891D9F8002092F8A820C2F34002002AFE
:109540007CD1934601267BB1B8682946002391ED72
:10955000007AF0EC017A77EE277A0133E1EC017AB8
:1095600094F89CE17345F2DB20462946B0EE480AA8
:10957000FFF7EEFAFB680136BBF1000F08BF834628
:109580009E425ED0D9F8003093F8A8309B0755D49E
:1095900094F89C31D7E70B7A314A3249B5EE400A4C
:1095A000F1EE10FA43F0100308BF11462B7214BFFE
:1095B0000D22132205F110001AF0A0FA4FF0000856
:1095C00040461C37BD46BDEC048BBDE8F08F94EDE2
:1095D000520AB5EE400AF1EE10FA35D14FF0000B09
:1095E0005146B0EE480A2046FFF7B2FA94F83430FC
:1095F00000286FF3C3030CBFD8464FF0010884F86E
:109600003430DDE720465146B0EE480AFFF7A0FAB5
:109610008046D5E72846582102F0FEFD00287FF459
:1096200036AF2846592102F0F7FD00287FF42FAF0E
:10963000D4E7D7ED057A28EE278A1DE77B689D469B
:10964000BEE77B689D46CBE788EE800A1BF0F8FA00
:1096500033E71BF0B3FEF0EE408AE8E6ACC52737EF
:10966000301A0308441A0308C80200202DE9F04FFD
:109670002DED028B8DB0CB4B9FEDCB8A02AF054613
:109680000E467A600FCB07F1180888E80F00002417
:1096900004F158095FFA89F94946304602F0BCFDE9
:1096A000002840F033810134032CF1D100239FEDD9
:1096B000BE8AFB603B617B6107F10C09492430469F
:1096C000214602F0A9FD002840F012810134E4B2E5
:1096D0004C2C09F10409F2D195F89C2193000A332E
:1096E00003F4FF63ADEB030D0DF1080905F5847379
:1096F0001946920048463B601EF0D2F895F8343087
:109700001C0700F11381C3F34003002B00F08A8093
:10971000D7ED067AF4EE677AF1EE10FA13D695F8E3
:10972000A430D5ED2A6A95ED337A03EB430305EBBC
:10973000830393ED106A77EE867A77EEE67A77EE1A
:10974000877AC9ED007AD7ED077AF4EE677AF1EE01
:1097500010FA13D695F8A430D5ED2B6A95ED327A30
:1097600003EB430305EB830393ED0F6A77EE867AF1
:1097700077EEE67A77EE877AC9ED017AD7ED087A47
:10978000F4EE677AF1EE10FA13D695F8A430D5ED21
:109790002C6A95ED317A03EB430305EB830393EDDC
:1097A0000E6A77EE867A77EEE67A77EE877AC9EDFB
:1097B000027A3046452102F02FFD00284ED19FED60
:1097C0007B8A95F89C31032B6ADD05F58A7B09F1CC
:1097D0000C08032408E095F89C210134A2420BF107
:1097E000040B08F104085BDD04F13E025FFA82FA23
:1097F0005146304602F010FD0028ECD030460022E1
:10980000514602F01DFD95F8342090074BBF5BEDEB
:10981000187ADBED007A30EE670A37EE800A88EDC1
:10982000000AD8E708EB0302D2ED007AF4EE677A7B
:10983000F1EE10FA05EB030207D692ED427A77EECD
:10984000877A09EB0302C2ED007A04330C2BE9D1CD
:109850003046452102F0E0FC0028B0D02846FEF753
:1098600065FE452104460022304602F0E9FC002C4A
:10987000B0EE408AA3DDB4EE400AF1EE10FA9ED6B7
:1098800095F834305B0740F1B68005EB8403D3EDE7
:10989000427A09EB840484ED008A38EE678A90E707
:1098A0003046462102F0B8FCA0B17A68012A304661
:1098B0004FF046014FF0000200F0A88002F0C0FC1B
:1098C00095F83430DA0744BFDFED377A20EE270A07
:1098D00085ED510A3046532102F09EFC002874D1D8
:1098E0007A68531E032B78D8DFE803F05834646499
:1098F00030462146002202F0A3FC95F83430DB0705
:1099000048BF20EE080A89ED000ADFE6002249463A
:10991000304602F095FC95F83430DA0748BF20EE67
:10992000080A08EB840383ED000ABCE6002308EB79
:109930000302D2ED007AF4EE677AF1EE10FA78BF06
:1099400009EB030203F1040378BFC2ED007A0C2B8C
:10995000EDD12EE795ED510AD5ED567A3146F0EE70
:10996000480A80EE270A28464A46FFF72DFD04469E
:109970004B4607CBC5F86401C5F86811C5F86C21E2
:1099800034B195F89C213868920049461DF088FF53
:109990002C37BD46BDEC028BBDE8F08F95ED500A2B
:1099A000DAE700BF901803083333CB410000C07FD3
:1099B0003333CB417B680093314607F10C022846D4
:1099C0004B46FFF7DDFC0446D2E730465321002228
:1099D00002F036FC85ED580A82E7B9E807002C371B
:1099E000C5F86401C5F86811C5F86C21BD46BDEC29
:1099F000028BBDE8F08F05EB8403D3ED427A78EE5D
:109A0000277A09EB8404C4ED007ADAE602F018FC48
:109A100095F83430D90744BF5FED1B7A20EE270A52
:109A200085ED500A56E700BF70B50646006868B17C
:109A3000756A74690435AC4206D254F8040BF9F720
:109A400079F9A542F9D83068F9F774F9304670BD54
:109A500010B50E4B044640F8E03BFFF7E5FFE36A24
:109A600023B104F12400014603229847E36923B19E
:109A700004F11400014603229847A06808B1F9F7E1
:109A800059F92046F9F700FA204610BDA818030836
:109A900010B5104B044640F8E03BFFF7C5FFE36A02
:109AA00023B104F12400014603229847E36923B15E
:109AB00004F11400014603229847A06808B1F9F7A1
:109AC00039F92046F9F7E0F92046F9F733F920464D
:109AD00010BD00BFA8180308F8B542680368D31A80
:109AE0009B1004460F4605D05A00934226D96FF0CA
:109AF000030600E00426304619F004FC054694E80D
:109B000009001B1A9B109A003968AF1807D045F856
:109B1000231094E809001B1A9B109A00AF1823B178
:109B2000014628461DF0C5FE2068043708B1F9F744
:109B300001F92E44A66084E8A000F8BDB2F1804F80
:109B4000D5D2DE00D7E700BF30B5184D2B6883B003
:109B50000446986A0191FAF759F994F89C31062B5A
:109B600006D92B681249586803689B68984700BE5D
:109B7000E3682269934211D0019A13B11A60E36835
:109B8000019A0433E36094F89C3182F8383094F8F9
:109B90009C01431C84F89C3103B030BD04F10800E3
:109BA00001A9FFF799FF019AEDE700BFC802002065
:109BB000541A03082DE9F04F2DED048B054640683B
:109BC000ABB010B103685B6898472F4EDFF8C480D4
:109BD0003368002258694FF221411346F6F782FE9E
:109BE00008AA044629490AA81AF076F920460AA9C3
:109BF000F7F734FB014611A8F7F704FB11A8FAF7B1
:109C000099F9119B0446A3F10C00404540F0A28451
:109C100009AB03930A9BA3F10C00404540F08D84EF
:109C200041F6AE439C4200F0DC834EF29C539C42D2
:109C300000F0D7834EF29D639C4200F00B8445F206
:109C400008139C4236D041F293139C4232D041F625
:109C50000C339C422ED0B4F5F47F2BD041F2DE13AE
:109C60009C4200F0258445F60F539C4200F02A8464
:109C70004EF686639C4200F03084042019F042FBCB
:109C8000034B036068601EE0C8020020881A0308C6
:109C9000D01D030898050020000070420000C84253
:109CA000000000000AD7233C00606A47000096438A
:109CB000000070C2402019F025FB33680446596942
:109CC00003F092F86C6033681FED0D8A586900222A
:109CD000134641F6E911F6F705FE1FED100AF7F7F6
:109CE000B7FAF7F731FA336885ED510A00224BF6DF
:109CF000FD0158691346F6F7F5FD1FED180AF7F751
:109D0000A7FAF7F721FA336885ED500A002247F2E7
:109D1000E05158691346F6F7E5FD1FED1F0AF7F706
:109D200097FAF7F711FA336885ED520A002243F6E5
:109D30005A7158691346F6F7D5FD1FED270AF7F754
:109D400087FAF7F701FA336885ED550A002243F6E2
:109D50006E4158691346F6F7C5FD1FED2F0AF7F758
:109D600077FAF7F7F1F9336885ED530A00224DF6DB
:109D7000A36158691346F6F7B5FD1FED360AF7F7EC
:109D800067FAF7F7E1F9336885ED540A002258695C
:109D900041F2D2311346F6F7A5FD0521F7F74EFA49
:109DA000F7F7D2F93368BDEEC00A00224FF6A7518B
:109DB00085ED5C0A58691346F6F794FD1FED460AD7
:109DC000F7F746FAF7F7C0F980EE080A3368002281
:109DD00040F6A8615869134685ED5D0AF6F782FDE5
:109DE0001FED4F0AF7F734FAF7F7AEF980EE080ADD
:109DF0003368002241F6A9615869134685ED5E0A71
:109E0000F6F770FD1FED570AF7F722FAF7F79CF9FE
:109E100080EE080A336800224CF6B951586913469F
:109E200085ED5F0AF6F75EFD1FED5F0AF7F710FAA2
:109E3000F7F78AF980EE080A33680022586948F279
:109E40005B71134685ED600AF6F74CFD0121F7F7CB
:109E5000F5F9F7F7DDF995F834303168002260F351
:109E6000861385F834304869134645F6E271F6F7F3
:109E700039FD0021F7F7E2F9F7F7CAF995F8343020
:109E80003168002260F3C71385F8343048691346FF
:109E900045F6E011F6F726FD336893F8A810C1F3F4
:109EA0008001F7F7CBF9F7F7B3F995F8353060F3A0
:109EB000000385F8353033680022586942F27F711B
:109EC0001346F6F70FFD039AD549044611A81AF078
:109ED00003F811A92046F7F7C1F9014607A8F7F7DB
:109EE00091F9119BA3F10C00404540F01A830799AA
:109EF00051F80C3C002B40F07B8233689FEDC99AEF
:109F00005869DFEDC98A9FEDC98A0022134644F6DD
:109F1000D631F6F7E7FC9FEDC60AF7F799F9F7F7A0
:109F200013F9002185ED580A622211A81DF0DCFC0E
:109F30004DF64F2148F6E2024BF27A534BF6BB77CF
:109F40004BF6566445F26260ADF84610ADF8482015
:109F500046F6E47148F27872ADF84A3043F2106385
:109F6000ADF84C70ADF84E404EF6511743F6EB7419
:109F7000ADF85200ADF8541040F2C9404BF24C51CC
:109F8000ADF85620ADF8583046F2DF6248F277134C
:109F9000ADF85A70ADF85C4049F2B87748F65324F2
:109FA000ADF86000ADF8621044F6D0704FF6531172
:109FB000ADF86420ADF866304AF2E6324EF67E0324
:109FC000ADF86870ADF86A404EF2BF274FF25A14F0
:109FD000ADF86E00ADF8701048F6C16044F644016B
:109FE000ADF87220ADF8743040F2D7124EF66F33F0
:109FF000ADF87670ADF8784042F2B0274FF24B449E
:10A00000ADF87C00ADF87E1048F67A7049F2FC019C
:10A01000ADF88020ADF8823049F290024CF62873FA
:10A0200042F6CC4BADF88470ADF88640ADF88A00AE
:10A03000ADF88C10ADF88E20ADF844B0ADF890308E
:10A04000336842F269374DF604044FF4AE41586963
:10A05000ADF8927000224DF28227ADF89440ADF831
:10A06000981044F616544AF6AD511346ADF89A705E
:10A07000ADF89C404EF6EE27ADF89E104BF2896489
:10A0800046F2EE21ADF8A070ADF8A240F6F72AFC3A
:10A090009FED680AF7F7DCF8F7F756F811AB029373
:10A0A000DDF80C9085ED570A10AB002701930AA844
:10A0B000F8F744FF0CA8F8F741FF0EA8F8F73EFFA9
:10A0C000DDF808A000950AAC5946336800225869AB
:10A0D0001346F6F707FC05AA8346574908A819F066
:10A0E000FBFE08A95846F7F7B9F801464846F7F7C6
:10A0F00089F820464946F8F7A7FF8179099B11F0B6
:10A10000020FA3F10C0204F108044FF0010E10D06D
:10A1100090F804C0016803250CFA0EF0D1F800C0D5
:10A1200005FA00FB0EFA00FE2CEA0B0040EA0E00D6
:10A130000860424540F0DC81089BA3F10C004045DB
:10A1400040F0E381019DAC4202D03AF8021FBCE727
:10A150009DF82E30009D9A0774D59DF836309B07E8
:10A1600070D53C2019F0CEF80AA904460CAA0EAB13
:10A17000F9F7ACFA28462146FFF7E6FCB84240F072
:10A180005081C7EBC70B2AAB03EB4B0B3368AC68B2
:10A190003BF85E1C586900220FFA87FA134654F800
:10A1A0002A40F6F79FFB022F0CBFB0EE680AB0EE14
:10A1B000490AF7F74DF8F6F7C7FF2046F9F700FB15
:10A1C0003268AB6850693BF85C1C53F82A400022A7
:10A1D0001346F6F787FB9FED190AF7F739F8F6F7FC
:10A1E000B3FF80EE080A3268AB6850693BF85A1C2E
:10A1F00053F82AA000221346013784ED090AF6F726
:10A2000071FB9FED0F0AF7F723F8F6F79DFF072F75
:10A210008AED0A0A19D0029B33F80EBF029346E773
:10A22000283F03080000A0420000204500007042C3
:10A23000CDCC4C3F0000C842EC0F03080060EA465A
:10A240000000C07F022F40F20F812846FEF71CF964
:10A25000AB689B68D3ED0A7AF4EE677AF1EE10FAF8
:10A2600080F10D816868036805F584719B680AAA0E
:10A2700098470024AB680AAA2244185992ED000AB4
:10A280000434F9F7ABFA0C2CF4D195F89C31032B7C
:10A290000ED905F58A770324AB68B7EC010A53F8A9
:10A2A0002400F9F79BFA95F89C310134A342F3D8C6
:10A2B000336847F2693241F21D3158690023F6F7DD
:10A2C00011FB0021F6F7BAFFF6F7A2FF95F835303B
:10A2D00060F3820385F83530336841F2AA3241F2E7
:10A2E0001D3158690023F6F7FDFA0121F6F7A6FFA4
:10A2F000F6F78EFF95F8353060F3C30385F83530F7
:10A30000336841F21D3146F21D1258690023F6F7F9
:10A31000E9FA1FED350AF6F79BFFF6F715FF3368EC
:10A3200085ED610A41F21D3146F21E625869002333
:10A33000F6F7D8FA1FED3E0AF6F78AFFF6F704FFA4
:10A34000336885ED620A41F21D3146F61F325869C5
:10A350000023F6F7C7FA1FED460AF6F779FFF6F77E
:10A36000F3FE336885ED630A41F21D3145F61F3275
:10A3700058690023F6F7B6FA1FED4F0AF6F768FFA3
:10A38000F6F7E2FE336885ED640A41F21D3146F2CC
:10A39000200258690023F6F7A5FA1FED570AF6F7D1
:10A3A00057FFF6F7D1FE336885ED650A41F21D319E
:10A3B00046F2215258690023F6F794FA1FED600A1D
:10A3C000F6F746FFF6F7C0FE079B85ED660AA3F198
:10A3D0000C00404540F0CD802BB0BDEC048BBDE8B7
:10A3E000F08F042018F08EFF684B036068606AE409
:10A3F00011A8FAF7E3FA1198129B1B1A9B10032B72
:10A4000005D000283FF479ADF8F794FC75E50368B2
:10A41000C5F8A8304368C5F8AC308368C5F8B030DB
:10A42000EFE733685A495C68256802463B46AD68E9
:10A430002046A847079BA3F10C004045CCD053F819
:10A44000042C511E002A43F8041CC5DC0AA919F08B
:10A45000A9FAC1E70C2018F055FF33680446596982
:10A4600002F058FA6C602EE433684A495868036871
:10A4700007F158029B68984785F89C71DAE73368C2
:10A4800000224EF6C84158691346F6F72BFA9FEDA5
:10A49000420AF6F7DDFEF6F757FEB4EE400AF1EE9B
:10A4A00010FABFF5DFAEAB689B6883ED0A0AD9E608
:10A4B0000C2018F027FF33680446596904F064F84B
:10A4C0006C6000E4282018F01DFF336804465969C9
:10A4D00003F05AFB6C60FFF7F6BB282018F012FF60
:10A4E00033680446596903F06BF86C60FFF7EBBB07
:10A4F00053F8041C481E002943F8040C3FF71CAE17
:10A50000104606A919F04EFA16E653F8042C511E0F
:10A51000002A43F8041C3FF715AE494619F042FAE9
:10A5200010E653F8042C511E002A43F8041C3FF790
:10A53000DEAC0AA919F036FAD9E453F8042C511EFE
:10A54000002A43F8041C3FF76BAB11A919F02AFA53
:10A55000FFF766BB53F8042C511E43F8041C002A75
:10A5600009AB03933FF756AB194619F01BFAFFF7F7
:10A5700051BB53F8042C511E002A43F8041C3FF72A
:10A580002BAF039919F00EFA26E700BF101E03083F
:10A59000C01A0308941A03080000C07F10B50221F6
:10A5A0000446F8F787FC2046BDE81040FFF702BBE1
:10A5B0002DE9F04780464068D8F80020304B821AD9
:10A5C000921003FB02F30C46002B4FD05A0093422B
:10A5D0004ED96FF00307384618F094FED8F804609F
:10A5E000D8F800C0CCEB060323F00303C3180546DC
:10A5F00000F10C091CBF94E8070083E80700B4458C
:10A6000027D063462A4605F1040A05F10809511BC3
:10A6100001EB0A0449442AB11868106058682060A8
:10A62000986808600C33B34202F10C02EFD10CF1D0
:10A630000C09C9EB0303134A9B0802FB03F929F039
:10A64000404909F1010909EB490905EB890909F1BB
:10A650000C09BCF1000F02D06046F8F76BFB2F44E9
:10A66000C8F8087088E82002BDE8F0870C27B2E738
:10A6700005498A42ADD802EB83039F00ABE700BFD8
:10A68000ABAAAAAAABAAAA2A5555551570B50C466D
:10A69000064609B90AE02C463046E168FFF7F6FFA6
:10A6A000A5682046F8F746FB002DF4D170BD00BF29
:10A6B0002DE9F8430B468168064600F1040800299D
:10A6C00051D01A7847460C46237C934224D2E46842
:10A6D000002CF9D13C46F368D6F81490A34235D04B
:10A6E000A74208BF4FF0000901D112E02C462046D6
:10A6F00018F0A8FE41460546204618F014FFF8F76A
:10A7000019FB7369BD4203F1FF337361EED1C3EBF3
:10A7100009094846BDE8F88304D92746A468002CF7
:10A72000D2D1D7E7A068E36838B1057C95422ABF4B
:10A730000446C06880680028F7D1002BCBD0187C75
:10A7400090428ABF1F46DB689B68F6E7B845C7D1D1
:10A750003046FFF79BFF0023C6F80C80C6F8108038
:10A76000B3607361D5E74746B4E700BF2DE9F84F02
:10A77000224D4FEA510AA5FB0A35AD080646E81CF2
:10A78000082838BF082070608000894618F0BAFD9C
:10A790007368306001355B1B4FEA530B00EB8B078E
:10A7A00007EB8505AF42804638BF3C4607D24FF4E1
:10A7B000FC7018F0A7FD44F8040BA542F7D87761A8
:10A7C00058F82B300D48F36003F5FC712A1FA0FBED
:10A7D0000A4A316172622A214FEA9A0A55F8042C1A
:10A7E000F26101FB1A9909EB490902F5FC7102EBD0
:10A7F0008902B3603162B261BDE8F88F310CC330B9
:10A800002DE9F04380468BB0002400F13809F8F7B9
:10A810004BFB744BC8F800306C2221464846C8F800
:10A820000840C8F80C40C8F81040C8F81C40C8F8E8
:10A830002C401DF059F80023C8F8C430C8F8C830BF
:10A84000C8F8CC30C8F8D430C8F8D830C8F8DC30F4
:10A850002146684688F8A44088F8D04000940194C6
:10A86000029403940494059406940794089409941C
:10A87000FFF77CFFC8F8E040C8F8E440C8F8E840BB
:10A88000C8F8EC40C8F8F040C8F8F440C8F8F84000
:10A89000C8F8FC40C8F80041C8F80441214608F156
:10A8A000E000FFF763FF009D7DB302AB0FCBD8F84C
:10A8B000F060D8F8E840D8F8EC70049608F1E80C9D
:10A8C000D8F8F46002948CE80F000AAC14E90F0089
:10A8D0000596D8F8FC60079608F1F80CD8F80061E6
:10A8E000D8F8F8400896D8F8046109968CE80F006B
:10A8F0000397D8F8E0200694C8F8E050D8F8E43080
:10A900000199C8F8E4108DE80C006846FFF78CF850
:10A9100098F8341098F8352098F836300124022041
:10A9200001F0FE0102F0CF0260F3010364F387122D
:10A9300041F0060188F8363088F8341088F8352060
:10A9400000211C2208F584701CF0CEFF1C2208F5A3
:10A95000927000211CF0C8FFD8F81C50224AC8F899
:10A96000582100230024C8F8CC30C8F8C830C8F8F3
:10A97000C430C8F8044045B108F114000146032270
:10A98000A847C8F81C40C8F82040D8F82C304BB174
:10A9900008F124000146032298470023C8F82C3010
:10A9A000C8F830300023484608F1A40283604360B1
:10A9B00040F80C3B9042F9D108F1A80000211C227C
:10A9C0001CF092FF98F8343003F0E7036FF345135F
:10A9D0000022404688F8343088F89C210BB0BDE84E
:10A9E000F08300BFA8180308000070422DE9F84367
:10A9F00090E80C00456A0E46A91AA3EBA1010129B3
:10AA0000044615D94FF4FC7018F07CFC6860A3690B
:10AA10001BB196E8070083E80700636A1A1D6262AB
:10AA20005B68E36103F5FC72A3612262BDE8F88311
:10AA30004169C1EB05084FEAA80808F1010808F1CF
:10AA40000107B3EB470F31D8002B3FD05B009D1CB3
:10AA5000B5F1804F45D2A80018F054FC636A6169D3
:10AA60000433EF1B5B1A7F089A10814600EB8707BF
:10AA700003D0920038461CF01CFF2068F8F75AF902
:10AA8000C4F80090656067613A68E26008F180434D
:10AA9000013B07EB830502F5FC726562226157F802
:10AAA0002330E36103F5FC732362ABE7DF1B7F0810
:10AAB00002EB87070435B942C1EB050508D9AA1096
:10AAC000E1D0920038461CF0F4FEDCE70325C2E733
:10AAD000AD10D8D0AA0007EB8800801A1CF0E9FE60
:10AAE000D1E719F07DFA00BFF0B5D0F8001190F869
:10AAF0003420D0F8F840D0F84051D0F8447185B0F7
:10AB00000C39C2F340060346029590F8A4008DF874
:10AB10000760C2F380058C42C2F300028DF8065034
:10AB20008DF8052003978DF804000CD034B104ADE6
:10AB300015E9070084E80700D3F8F8400C34C3F89F
:10AB4000F84005B0F0BD03F1E00001A9FFF74EFFAA
:10AB5000F7E700BF2DE9F04F0D462DED048B097A84
:10AB6000C1F3800697B00446002E00F0D0806A68DA
:10AB70005C2A00F2BB80DFE812F06F016301720112
:10AB80009D017302B900B900B900B900B9005D00B8
:10AB9000B900B900B900B900B900B9008501740164
:10ABA000C802C102BA02B900B900B900B900B900BF
:10ABB000B900B900B900B900B900B900B900B900CD
:10ABC000B900B900B900B900B900B900B900B900BD
:10ABD000B900B900B900B900B900B900B900B900AD
:10ABE000B900B900B9009F019F019F019F019F011A
:10ABF0009F01B900B900B900B900B900B900B900A6
:10AC0000B900B900B900B900B900B900B900B9007C
:10AC1000B900B900B900B900B900B900B900B9006C
:10AC2000B900B900B900B900B900B900B90096017E
:10AC3000B401BD0128464C2101F0EEFA002855D0A0
:10AC400028464C21002201F01FFB022806D028468E
:10AC50004C21002201F018FB142847D1284650212E
:10AC600001F0DAFA002841D028465021002201F0F4
:10AC70002FFB002840F0D08694F8A430082B35D85C
:10AC800003EB430304F1380202EB830628464C2110
:10AC9000002296ED029AD6ED018A96ED008A01F027
:10ACA000F3FA142801F0EA8094F83470C7F34007EF
:10ACB00028465821002F01F0778001F0ADFA0028D6
:10ACC00041F015812846592101F0A6FA002841F0EB
:10ACD000328128465A2101F09FFA002841F019815B
:10ACE00086ED029AC6ED018A86ED008A94F8353029
:10ACF0006FF3410384F8353094F834306FF3C303B5
:10AD000084F8343017B0BDEC048BBDE8F08F8F07AA
:10AD1000ECD52A68782A00F0F68435D9D32A00F0D9
:10AD2000198579D8CB2A00F0148240F25F84CC2AAE
:10AD300000F06884CD2AD9D12846582101F06CFA58
:10AD4000002840F07A8728465A2101F065FA002849
:10AD500040F05C872846532101F05EFA0028C5D0F8
:10AD600028465321002201F06BFABA4BDFEDBA7A84
:10AD70001B68B4EE670AF1EE10FA1B6948BFB0EE2B
:10AD8000670A83ED090AB1E7522A00F0B48419D8A2
:10AD9000112A00F0D78140F23084122A00F070842A
:10ADA0001E2AA3D1AB4B1B6893F8A83059079DD539
:10ADB00094F8342042F00202002384F8342084F80E
:10ADC000A43093E7542A00F0B181C0F04D855C2A8D
:10ADD00000F0F984722A89D116AEA04F46F8187D8A
:10ADE000012349093246FDF7F5FB314605F1100014
:10ADF00018F049FF109B0C3FA3F10C00B84281D022
:10AE000053F8042C511E002A43F8041C3FF77AAF74
:10AE10000DA918F0C7FD75E7B2F5FA7F00F0F881CB
:10AE200000F27383DC2A00F07284B2F5C87F7FF4ED
:10AE30005DAF884B1B6801219869FCF7DBFE55E785
:10AE4000022294F8353066F34103294684F8353000
:10AE50002046FEF70BFC4FE700260122F1E7032214
:10AE6000EFE790F8352090F8363002F0CF0202205C
:10AE7000012160F3871261F3010384F8352084F81F
:10AE8000363033E790F8352090F8363002F0CF02B4
:10AE90000120022160F3871261F3010384F8352059
:10AEA00084F8363022E790F8343043F0060380F817
:10AEB00034301BE70422C4E7363AD2B280F8A4202B
:10AEC0006B683B2B7FF412AF2B7A5B093FF40EAF1C
:10AED0001344DBB2082B7FF672AF082380F8A4304E
:10AEE00004E790F8343003F0FD036FF3820380F839
:10AEF0003430FBE6C1F34213073303F00703012BA1
:10AF000040F2FC82284601F007FA002800F0F682A1
:10AF10002B7A5B09042B00F0AD86032B00F05985DA
:10AF2000D4F81021D4F80C61D4F8083110920DA88F
:10AF3000214610AA1196129394ED2A9AD4ED2B8AE9
:10AF400094ED2C8AFDF764FA2846582101F064F943
:10AF5000002840F08E852846592101F05DF900282F
:10AF600040F0728528465A2101F056F9002840F039
:10AF7000568584ED2A9AC4ED2B8A84ED2C8A2B7A8F
:10AF80005B097FF4BFAE2846452101F045F9002852
:10AF900000F09C862046FDF7C9FA061E1EDD2846F5
:10AFA000452101F039F9002840F0A7869FED2A8A53
:10AFB00004EB860383ED498A83ED428AA268E36A43
:10AFC00052F82660002B00F0948604F12400FDF76F
:10AFD00017FD28EE000A3046F8F700FC2B7A5B09D3
:10AFE000002B7FF48FAE284601F096F900287FF7FA
:10AFF00089AE94F89C31032B7FF784AE04F58A78F0
:10B00000032606F13E07FFB239462846002201F02A
:10B0100017F9A36853F8263093F839301B07B0EEC0
:10B02000408A2846394604D5B5EE400AF1EE10FABA
:10B0300008D101F0F1F828B1D8ED007A38EE678A2E
:10B0400008ED188A94F89C310136B34208F10408DF
:10B05000D7DC57E6C802002000000000A40500204D
:10B060002846502101F0D8F8002800F0BD82654B39
:10B070001B6893F8A820C2F3800228465021002ABA
:10B0800000F0FF83002201F0DBF8DFED5F7A20EEB5
:10B09000270ABCEEC00A10EE106A2846532101F0C0
:10B0A000BBF8002840F0A380002E3FF41FAE554DA2
:10B0B0002B6801219869FCF79DFD16F025F94FF4E6
:10B0C0007A73074603FB06F608E02868F6F742FFA6
:10B0D0002B6893F8A8309A073FF514AE16F014F9D0
:10B0E000C01BB0424FF003012246EED3FEE590F8BC
:10B0F00034306FF3000380F83430F7E590F83430E3
:10B1000043F0010380F83430F0E590F8352090F8F2
:10B110003630012161F30512022161F387126FF3CA
:10B12000010380F8352080F83630DFE5354D2B6897
:10B1300001219869FCF75EFD286808210022F6F7D6
:10B1400009FFD3E52F4B082118680122F6F702FF0B
:10B15000CCE5284601F0E0F8002840F09D83074642
:10B160005826A146A846D8F80C4098F8082023682D
:10B1700052099D6840F0808309EB0703D3F87401FE
:10B1800019F0A2F83246CDE90001013620461F49E8
:10B19000A8475B2E07F10407E5D198F808305B0952
:10B1A000012B4C46454640F0DC8399F89C31032B3B
:10B1B00040F2E483032603E00136B34240F2DE832B
:10B1C000A26852F8262092F839100907F4D4506A80
:10B1D000EF6819F079F83B68CDE9000106F13E020D
:10B1E0009B680A493846984794F89C31E4E728461A
:10B1F0005321002201F048F84FF47A7303FB0066F4
:10B2000052E700BFC802002000007A44001B030878
:10B21000E8689F4903685B69984794F89C31002669
:10B22000FBB1A26852F8261091F83920170715D4FF
:10B23000022E086AEF68D4BF06F1580806F13E08EE
:10B2400019F042F83B68CDE900015FFA88F89B6885
:10B25000904942463846984794F89C310136B342AB
:10B26000DFDCE8688C4903685B699847EE68D4F8CE
:10B270005C01376819F028F8BF680B460246874919
:10B280003046B84794F89C31002643B3A26852F880
:10B29000261091F8392010071ED4D1ED0A7A022E1B
:10B2A000F4EE677AD4BF06F1580706F13E07F1EED7
:10B2B00010FAFFB217EE900A0ED619F005F8EB68F7
:10B2C000D3F800E0CDE900013A461846DEF80870F0
:10B2D0007049B84794F89C310136B342D6DCE8682F
:10B2E0006D4903685B6998476D4BD5F80C801A6807
:10B2F000D8F80030D2F810A0D3F80890DAF81C0083
:10B3000018F0E2FFDAED087AF4EE677AF1EE10FA5F
:10B3100006460F4680F1368517EE900A18F0D4FFE6
:10B32000CDE90001DAF8240018F0CEFF32463B46A2
:10B33000CDE9020140465B49C847D4F87401D5F80D
:10B340000C8018F0C1FF0646D4F87801D8F80090B8
:10B350000F4618F0B9FFCDE90001D4F87C0118F0D0
:10B36000B3FFCDE90201D4F8800118F0ADFFCDE9BB
:10B37000040132463B46D9F808604B494046B04785
:10B38000E8684A4903689B68984794F89C3100260E
:10B39000FBB1A26852F8261091F83920120715D493
:10B3A000022E486AEF68D4BF06F1580806F13E083D
:10B3B00018F08AFF3B68CDE900015FFA88F89B68C6
:10B3C000344942463846984794F89C310136B34296
:10B3D000DFDCE868304903685B6998470DF1440990
:10B3E000002260681292CDF84C90CDF8509003681E
:10B3F0008DF844200DF1400815925B69414698474D
:10B4000028B3159B1BB3E868294903689B689847D4
:10B41000139E4E4518BFA24614D07069EF6896F887
:10B4200010B03C6818F050FFCDE900015A46A368FF
:10B43000204938469847304617F0F1FF4845064600
:10B44000EBD15446E868144903685B69984794F85F
:10B450003530DB0700F1388394F83430DB0947D00E
:10B46000D4ED2A7A94ED2B8AF5EE407AF1EE10FABB
:10B4700040F01483B5EE408AF1EE10FA40F00E83EE
:10B48000D4ED2C8AF5EE408AF1EE10FA30D013E0BC
:10B49000881B0308C81B030860410308A01B03089E
:10B4A000C8020020D41B0308441C03088C1C03089A
:10B4B000741D0308B81C030817EE900A18F004FF67
:10B4C000064618EE100A0F4618F0FEFEED68D5F895
:10B4D0000090CDE9000118EE900A18F0F5FECDE9D4
:10B4E000020132463B46D9F80860BB492846B047BE
:10B4F00040461299FFF7CAF8FFF7F8BB04F1A8001D
:10B5000000211C221CF0F0F939E540F2F7139A42B1
:10B510003FF47EAE40F299239A427FF4E7AB0DF1FF
:10B52000400816AE4046294601F02AF8532306F893
:10B53000243D40463146FFF7BBF85523314640468F
:10B540008DF83430FFF7B4F8159B002B40F058838A
:10B5500040461299FFF79AF80DF1440900226068FD
:10B56000CDF84C90CDF850901292036815925B691B
:10B5700041469847E0B1139E4E4519D0A2467069E6
:10B58000EF6896F810B03C6818F09EFECDE9000117
:10B590005A46A3689149384698472B7A43F00103ED
:10B5A00030462B7217F03BFF48450646E7D154461C
:10B5B0002846532100F030FE0646002800F09F8107
:10B5C00028460022532100F03BFEED6884ED550A29
:10B5D00010EE100A18F078FE024628680B468668BE
:10B5E0007F492846B04783E7064656E5792A7FF427
:10B5F0007DABFCF785FEFFF779BB022A3FF4D8ABA1
:10B60000FFF774BB2846532100F006FE002840F0E7
:10B61000E68294F89C31002B3FF468AB9FED718A71
:10B62000002605E094F89C310136B3427FF75EAB0B
:10B63000A26852F8262092F8392012074FEA8607AE
:10B64000F2D4022ED4BF06F1580806F13E085FFA84
:10B6500088F82846414600F0DFFD0028E2D0414648
:10B660002846002200F0ECFDA368B5EE400AF1EE9A
:10B6700010FADB5998BFB0EE480A83ED0A0AD1E709
:10B68000284600F049FE00287FF750AD94F89C71E1
:10B69000B7B1002637464FF00208022ED4BF06F19C
:10B6A000580106F13E01C9B2284600F0B5FD08FA7E
:10B6B00006F3013600B11F4394F89C31B342ECDC31
:10B6C0002846452100F0A8FD40B12046FCF72EFF9A
:10B6D000002803DD022303FA00F00743424D2B68E4
:10B6E00001219869FCF786FA28683A460821F6F79E
:10B6F00031FCFFF7FBBA90F8343043F0040380F8D4
:10B700003430FFF7F3BAFFF7EFF9FFF7EFBA284647
:10B71000532100F081FD002800F00F8128465321BD
:10B72000002200F08DFDF2EE047AB4EEE70AF1EEAD
:10B7300010FA00F19C82DFED2D7AB4EEE70AF1EE0B
:10B7400010FAC8BFB1EE080A40F3578484ED560AD8
:10B75000FFF7CCBA2846532100F05EFD002840F0E8
:10B76000A081E86894F835700368214E214A9B68EF
:10B77000214917F0040F08BF3246984704F5C877EF
:10B78000582657ED037AF4EE677AF1EE10FA80F15D
:10B79000FD82F7EC017AF4EE677AF1EE10FA80F1AF
:10B7A000FC82A6F15801C9B22046FCF7E5FE00284C
:10B7B0006BD001365B2EE4D1E868104903685B6901
:10B7C0009847FFF793BA90F89C31002B47D09FED34
:10B7D0000C8A00261BE000BFD41C0308E81C0308E9
:10B7E000F41C03080000C07FC802002000007A4457
:10B7F000F41A0308EC1A0308141B03086041030839
:10B800003333CB4194F89C310136B34227DDA26833
:10B8100052F8262092F8392012074FEA8607F3D40F
:10B82000022ED4BF06F1580806F13E085FFA88F8E8
:10B830002846414600F0F0FC0028E3D0A3682846E3
:10B8400041460022DF5900F0FBFC94F83430D80761
:10B8500048BF20EE080A3846F7F7B2FFD2E7204685
:10B86000FCF712FEFFF74EBA90F8343066F382030D
:10B8700080F83430FFF73ABAD9F80830DB59586A03
:10B880007EE400F001FD064607E4E868A04903688D
:10B8900032469B6898478CE758272846394600F07F
:10B8A000BBFC002840F08880043601370C2EFFB224
:10B8B000F3D12B7A5B09012B66D194F89C31032BD1
:10B8C00075D9032602E00136B34269D9A26852F85D
:10B8D000262092F83970C7F3C0074FEA8608002F78
:10B8E000F1D106F13E095FFA89F94946284600F090
:10B8F00093FC002840F0F28194F89C31E3E728465D
:10B90000552100F089FC00283FF4F2AD324628466C
:10B91000552100F095FC0023ED68C4F8543110EE79
:10B92000100A84ED520A18F0CFFC024628680B4634
:10B93000866878492846B047DAE59FED777AD4EDF6
:10B94000567AED68C7EE277A17EE900A18F0BCFC1D
:10B95000024628680B46866870492846B047FFF7BC
:10B96000C5B9D8F80C60D9F88001376818F0ACFC7C
:10B97000BF6802460B4630466949B8472B7A43F008
:10B9800001032B72FFF7B2B92846532100F044FCA3
:10B9900030B128465321002200F052FC84ED600AA9
:10B9A0002B7A5B0900F0B281012B7FF49FA920461E
:10B9B000FCF76AFDFFF79AB928463946002200F0E5
:10B9C0003FFC2B7A5B0940F07981A31983ED5D0A76
:10B9D0006AE72846582100F01FFC002840F0CA8181
:10B9E000DFED508A2846592100F016FC002840F06F
:10B9F000B9819FED4C8A28465A2100F00DFC0028A1
:10BA000040F0AA819FED470AC4ED2A8A84ED2B8A73
:10BA100084ED2C0AFFF7B3BA431EFFF72FB90022BB
:10BA200028465A2100F00CFC94F83430DA0744BF61
:10BA3000DFED3D7A20EE270ADDED0D7A70EE677AB4
:10BA400038EE278AFFF795BA59212846002200F0E0
:10BA5000F7FB94F83430D90744BFDFED337A20EE9A
:10BA6000270ADDED0E7A70EE677A78EEA78AFFF787
:10BA700079BA28465821002200F0E2FB94F83430CD
:10BA8000D80744BFDFED287A20EE270ADDED0F7AD4
:10BA900070EE677A39EE279AFFF75DBAD4ED2C8AFB
:10BAA0000AE528463246532100F012FCB0F1010E9F
:10BAB00094F83530DEF1000050EB0E0060F38203A5
:10BAC00084F83530FFF712B9E868184903685B69F4
:10BAD0009847EE6894F8A41033680DA89F68F8F7AB
:10BAE000B7FD0D9A12493046B8470D9B114AA3F194
:10BAF0000C00904240F0938204F1A403099304F1F6
:10BB0000440904F13C0601270A94CDF82C804EE04C
:10BB1000541B03081C1D03080080BB456C1B030855
:10BB20000C1B0308000000003333CB41C41C030886
:10BB3000D04D030898050020D6ED007AF5EE407A46
:10BB4000F1EE10FA3FD059F80CBC17EE90AAEC6851
:10BB500023680DA8791ED3F80880F8F779FD18EE50
:10BB6000100A18F0B1FBCDE90001504618F0ACFB0B
:10BB7000CDE90201584618F0A7FB0D9A0692CDE9CF
:10BB800004013A462046B149C0470D9BB04AA3F193
:10BB90000C00904240F03782099A06F108039A425D
:10BBA00007F1010709F10C0906F10C065AD096EDD0
:10BBB000018AB5EE408AF1EE10FABDD0D6F800A0A9
:10BBC00059F80CBCC3E719ED037AB5EE407AF1EEF3
:10BBD00010FAE1D017EE10BA17EE90AAB7E7284690
:10BBE0005321002200F02CFBF7EE007AB4EE670A36
:10BBF000F1EE10FA48BFB0EE670A84ED570A08E587
:10BC00006068036841461B699847A1E428465A21A9
:10BC1000002200F015FB8F4BDFED8F7A1B68BFEE23
:10BC2000007AB4EE470AF1EE10FA1B6998BFB0EE45
:10BC3000670A83ED080AFFF78DB8284658210022CD
:10BC400000F0FEFA834BDFED857A1B68B4EE670ADD
:10BC5000F1EE10FA1B6948BFB0EE670A83ED070AE0
:10BC6000FFF771B80A9CDDF82C80FFF7F5BB9FED5C
:10BC70007C0A6BE52846582100F0CEFA002840F0F7
:10BC8000C7802846592100F0C7FA002840F0B2804A
:10BC900028465A2100F0C0FA00283FF470A96D4BE5
:10BCA0001B6828465A210022DE6800F0C9FA304697
:10BCB00086ED4B0AFCF786FEFFF761B9012B7FF496
:10BCC000F3ADA3689B5983ED090AEDE5284600F022
:10BCD00023FB00283FF45EA9FFF780B949463A46A6
:10BCE000284600F0ADFAA36853F8083083ED090A3E
:10BCF00002E6B0EE480AFFF76EB928464521002259
:10BD000000F09EFAB0EE408AFFF752B92846412172
:10BD100000F082FA002800F08980E8685149036841
:10BD20005B699847002606F14107FFB2394628466D
:10BD300000F072FA28B90136032EF4D12B7A5B0990
:10BD400032E639462846002200F07AFAA36853F812
:10BD5000263083ED090AEEE728465A21002200F03A
:10BD60006FFA51E628465921002200F069FAB0EE38
:10BD7000408A40E628465821002200F061FAF0EEA1
:10BD8000408A2FE600203849FFF7CABAE8683749E9
:10BD9000036832469B689847FBE4E86834490368C7
:10BDA00032469B689847FCE400F036FA002840F0E1
:10BDB000E6802846592100F02FFA002840F0CD8077
:10BDC00028465A2100F028FA00283EF489AF284678
:10BDD0005A21002200F034FA94F83430DD0746BFCF
:10BDE000DFED247A60EE277AF0EE407A38EE278A8B
:10BDF000FEF776BF174B1B68284659210022DE68E4
:10BE000000F01EFA304686ED4A0AFCF7DBFD3FE7FC
:10BE1000104B1B68284658210022DE6800F010FAFB
:10BE2000304686ED490AFCF7CDFD2AE72846422137
:10BE300000F0F2F900287FF470AF2846432100F0AB
:10BE4000EBF900287FF469AF78E700BFA41D030871
:10BE500098050020C80200200000C07F00000000FC
:10BE600000001644401D03080000F0BF2C1B03080F
:10BE7000401B03083333CB410080BB45D4F810216D
:10BE8000D4F80C71D4F8083110920DA8214610AAEC
:10BE900011971293FCF7BCFA2846582100F0BCF920
:10BEA000002840F094802846592100F0B5F9002878
:10BEB00077D128465A2100F0AFF900283EF410AFA0
:10BEC00028465A21002200F0BBF994F834309DED49
:10BED0000D7ADD0746BF5FED197A60EE277AF0EE46
:10BEE000407A77EEC77A38EE678AFEF7F9BE2846C1
:10BEF0005821002200F0A4F994F83430D80748BF44
:10BF00005FED247AB0EE409A48BF20EE279AFEF704
:10BF1000D9BE002228465A2100F092F994F8343014
:10BF2000DA07B0EE408A7EF5DBAE5FED2E7A20EECA
:10BF3000278AFEF7D5BE59212846002200F080F955
:10BF400094F83430D90748BF5FED367AF0EE408A76
:10BF500048BF60EE278AFEF7BCBE28465921002262
:10BF600000F06EF994F83430DF0746BF5FED3F7A9A
:10BF700060EE277AF0EE407A78EEA78A20E73A461C
:10BF80002846582100F05CF994F83430DB0746BFAE
:10BF90005FED487A60EE277AF0EE407A39EE279A24
:10BFA00007E728465921002200F04AF994F8343076
:10BFB0009DED0E7ADF0746BF5FED527A60EE277A7D
:10BFC000F0EE407A77EEC77A78EEE78A71E7284696
:10BFD0005821002200F034F994F834309DED0F7AA6
:10BFE000DB0746BF5FED5D7A60EE277AF0EE407AC0
:10BFF00077EEC77A39EE679A55E75FED617A87EE9B
:10C00000800AFFF7A3BB53F8042C511E002A43F803
:10C01000041C3FF7C1AD0CA917F0C4FCBCE553F8F4
:10C02000042C511E002A43F8041C3FF765AD0CA9EF
:10C0300017F0B8FC60E500BF2DE9F0478046406886
:10C04000D8F80020304B821A921003FB02F30C4602
:10C05000002B4FD05A0093424ED96FF00306304662
:10C0600017F050F9054698E881003B1A23F00303C6
:10C07000EB1805F10C0905D022681A6062685A6055
:10C08000A2689A60B8422BD003462A4605F10409FB
:10C0900005F1080C511B01EB090461444AB1D3F8C6
:10C0A00000A0C2F800A0D3F804A0C4F800A09C68C7
:10C0B0000C600C33BB4202F10C02EBD100F10C0915
:10C0C000C9EB0303114A9B0802FB03F929F040491D
:10C0D00009F1010909EB490905EB890909F10C0985
:10C0E00008B1F6F727FE2E44C8F8086088E8200259
:10C0F000BDE8F0870C26B2E705498A42ADD802EBCD
:10C1000083039E00ABE700BFABAAAAAAABAAAA2AE8
:10C11000555555152DE9F0410023036043608360B8
:10C1200091F8A43007EE903A84B08846F8EE677A2A
:10C130000546294B0293002201A908F1A40708F142
:10C140003804CDED037A0192FFF776FFBC426B68AD
:10C15000AE680BD0B3422BD01BB194E8070083E844
:10C1600007000C336B600C34A742F3D1D8F8B02031
:10C17000D8F8AC00D8F8A8100192B342029003910D
:10C180001DD023B11A60029A5A60039A9A600C3348
:10C190006B60B3421AD02BB108F1C40898E80700CD
:10C1A00083E807000C336B60284604B0BDE8F081DB
:10C1B00028462146FEF7FCF96B68AE68D3E701A973
:10C1C0002846FFF739FF6B68AE68E2E708F1C40163
:10C1D0002846FEF7EDF9E7E70000104110B50446E8
:10C1E000406982B008B114F08DF92369094AA3F1BE
:10C1F0000C00904202D1204602B010BD53F8042C2E
:10C20000511E002A43F8041CF5DC01A917F0CAFBF3
:10C21000F1E700BF9805002038B5456928460C466F
:10C220001BF023FF2B46284403E013F8012BA24206
:10C2300003D08342F9D1002038BD012038BD00BFB2
:10C2400070B582B000234469019323780D461646E9
:10C250001BB910E0637801346BB1AB42FAD1013401
:10C26000204601A91CF0A8FD019B06B13360A34242
:10C27000F0D902B070BD0EB1002333609FED010A0A
:10C2800002B070BD0000000070B582B000234469A8
:10C29000019323780D4616461BB911E063780134EB
:10C2A00073B1AB42FAD10134204601A90A221CF035
:10C2B0001FFE019B06B13360A342EFD902B070BDEF
:10C2C0003046002EFAD00020306002B070BD00BFB2
:10C2D00070B582B000234469019323780D46164659
:10C2E0001BB911E06378013473B1AB42FAD1013468
:10C2F000204601A90A221CF081FE019B06B1336091
:10C30000A342EFD902B070BD3046002EFAD0002013
:10C31000306002B070BD00BF38B54569047A284668
:10C320001BF0A3FE84F008040146C4F3C0040020FF
:10C3300008E02B5DA3F14102192A02D8542B18BF43
:10C34000013001348C42F4D338BD00BF30B583B026
:10C3500000230D46472101930446FFF75DFF237A32
:10C3600000282FD160F38203237220464D21FFF76E
:10C3700053FF237AE0B960F341032372237A5A070B
:10C3800001D49B0708D5019810B103782E2B23D038
:10C39000237A6FF34713237245B1019830B11BF034
:10C3A00049FE0546606914F0ADF8656103B030BD23
:10C3B00043F00203237220464D2101AAFFF764FFD8
:10C3C0002060DBE743F0040323722046472101AAE3
:10C3D000FFF75AFF6060C8E7013001A90A221CF08C
:10C3E0000DFE237A60F347132372D5E770B5044638
:10C3F0000D48206108681D4616461BF01BFE237A77
:10C40000606103F01E03002060F3041323722060B8
:10C410006060E66020462946FFF798FF237A65F3BF
:10C42000C3032372204670BDA40500202DE9F84304
:10C430008C6880469146BCB1167800E01C46257C8D
:10C44000B5428BBFA368E36801270027002BF5D115
:10C450005FB9AE42234615D80023C8F80040C8F89B
:10C4600004304046BDE8F8830C1DCB68A3420FD0D2
:10C47000204616F0FAFF99F80060057CAE4223468C
:10C480000446E9D9002288E80C004046BDE8F8835C
:10C49000002388E81800E4E72DE9F047064682B05B
:10C4A00018200D461F4616F02DFF044648B13A6885
:10C4B0000023037043608360C3601378037400211A
:10C4C0004161371DAF4204F1100A31D094F8108059
:10C4D00095F81090C8451DD2F068A84209D02846AA
:10C4E00016F0C3FF037C434529D2C368002B2ED02E
:10C4F0002846002D2DD0002833D001203B462A4667
:10C50000214616F0B4FF736920460133736102B00F
:10C51000BDE8F0871ED93069A84218D0284616F029
:10C520007EFF037C43450AD9EB682BB30546E0E761
:10C53000736923B13069237C027C9A4207D3684631
:10C5400052463146FFF772FF9DE82100D1E70546CC
:10C5500038B905462046F6F7EDFB284602B0BDE89F
:10C56000F087AF42C9D094F8108095F81090C1457B
:10C5700094BF00200120C1E7002DF8D1EAE700BFF9
:10C580002DE9F0474C690E7A002300F1040984B0CC
:10C59000C0F80C90C0F810900371836043610746A7
:10C5A000204688461BF061FD86F00806C6F3C006EB
:10C5B00086420DF10B0528D2A25D8DF80B20A2F169
:10C5C0004103192B1BD8542A19D0BB68CA4603B3A0
:10C5D0001C7C94422ABF9A46DB689B68002BF7D1EB
:10C5E000D14516D09AF81030934212D811464046E1
:10C5F0000022FFF725FED8F814408AED050A2046F0
:10C600001BF033FD01368642D6D3384604B0BDE870
:10C61000F08702AB514600933846044A039503ABBA
:10C62000FFF73AFF9DF80B108246E0E7C41D0308B0
:10C630002DE9F8438C6880469146BCB1167800E03D
:10C640001C46257CB5428BBFA368E3680127002701
:10C65000002BF5D15FB9AE42234615D80023C8F8A8
:10C660000040C8F804304046BDE8F8830C1DCB6894
:10C67000A3420FD0204616F0F8FE99F80060057C22
:10C68000AE4223460446E9D9002288E80C00404621
:10C69000BDE8F883002388E81800E4E72DE9F047B7
:10C6A000064682B018200D461F4616F02BFE0446A3
:10C6B00040B13A680023037043608360C36012781E
:10C6C00002744361371DAF4204F1100A31D094F86F
:10C6D000108095F81090C8451DD2F068A84209D086
:10C6E000284616F0C2FE037C434529D2C368002BBE
:10C6F0002ED02846002D2DD0002833D001203B46D7
:10C700002A46214616F0B3FE736920460133736151
:10C7100002B0BDE8F0871ED93069A84218D028467B
:10C7200016F07DFE037C43450AD9EB682BB3054622
:10C73000E0E7736923B13069237C027C9A4207D316
:10C74000684652463146FFF773FF9DE82100D1E766
:10C75000054638B905462046F6F7ECFA284602B0F9
:10C76000BDE8F087AF42C9D094F8108095F81090DA
:10C77000C14594BF00200120C1E7002DF8D1EAE7B0
:10C780002DE9F0474C690E7A002300F1040984B0CA
:10C79000C0F80C90C0F810900371836043610746A5
:10C7A000204688461BF061FC86F00806C6F3C006EA
:10C7B00086420DF10B0528D2A25D8DF80B20A2F167
:10C7C0004103192B1BD8542A19D0BB68CA4603B39E
:10C7D0001C7C94422ABF9A46DB689B68002BF7D1E9
:10C7E000D14516D09AF81030934212D811464046DF
:10C7F0000022FFF749FDD8F81440CAF8140020467B
:10C800001BF033FC01368642D6D3384604B0BDE86F
:10C81000F08702AB514600933846044A039503ABB8
:10C82000FFF73CFF9DF80B108246E0E7C41D0308AC
:10C830000B6813604B6853608B689360704700BF50
:10C840000B6813604B6853608B689360704700BF40
:10C85000014B0360704700BF7818030810B5034B05
:10C8600003600446F6F766FA204610BD7818030800
:10C8700090ED026AD1ED027AD0ED016A91ED007A75
:10C8800066EE277AE6EE877AC2ED007AD0ED027A7C
:10C8900091ED026AD0ED016A91ED007A66EE677A59
:10C8A000E6EE877AC2ED017A4B689360704700BF6D
:10C8B000D0ED016A91ED006A91ED017AF6EE007A11
:10C8C000C7EEA66A36EE077A26EE877A82ED007A00
:10C8D00090ED026AD1ED006A91ED017AC7EE867A99
:10C8E00036EEC77A67EE877AC2ED027A8B685360BC
:10C8F000704700BF014B0360704700BF7818030802
:10C9000010B5034B03600446F6F714FA204610BD39
:10C910007818030838B50022114B0360044613460B
:10C920000D4608464EF2A831F3F7DCFFB7EE000AD9
:10C93000F4F78EFCF4F708FC002213464FF6AA1118
:10C9400084ED010A2846F3F7CDFFB0EE080AF4F7AC
:10C950007FFCF4F7F9FB204684ED020A38BD00BFE6
:10C96000F01D030891ED007AD1ED017A77EE277A78
:10C97000C2ED007A91ED007AD1ED017A77EE677A17
:10C98000C2ED017A8B689360704700BFD1ED017AE8
:10C9900091ED007A37EE277AF6EE007A27EE277AC5
:10C9A00082ED007AD1ED006A91ED017A36EEC77A18
:10C9B00067EE277AC2ED017A8B689360704700BFFB
:10C9C000014B0360704700BF7818030810B5034B94
:10C9D00003600446F6F7AEF9204610BD7818030848
:10C9E000014B0360704700BF7818030810B5034B74
:10C9F00003600446F6F79EF9204610BD7818030838
:10CA0000D0ED045AD1ED006AD0ED037A90ED056ABD
:10CA100091ED017A75EEE66A36EE477AE6EEE67A51
:10CA200000B5E7EE477A85B0B1EEE70AB4EE400A0A
:10CA3000F1EE10FA46D1D1ED027A30EE270A82EDFE
:10CA4000000AD0ED065AD1ED006AD0ED037A90EDE0
:10CA5000076A91ED017A75EEE66A36EE477AE6EE00
:10CA6000E67AE7EE477AB1EEE70AB4EE400AF1EE75
:10CA700010FA3BD1D1ED027A30EE270A82ED010A9D
:10CA8000D0ED085AD1ED006AD0ED037A90ED096A35
:10CA900091ED017A75EEE66A36EE477AE6EEE67AD1
:10CAA000E7EE477AB1EEE70AB4EE400AF1EE10FA8B
:10CAB00013D1D1ED027A30EE270A82ED020A05B0D9
:10CAC0005DF804FBB0EE670A03900291019218F042
:10CAD00075FC019A02990398ADE7B0EE670A0291DE
:10CAE000019218F06BFC019A0299E2E7B0EE670A36
:10CAF00003900291019218F061FC019A0299039847
:10CB0000B8E700BF2DE9F0472DED088B04469EB035
:10CB10000D4640690968D4F818C0D4F824E0236AA7
:10CB2000D4F810A0D4F81C90D5F80480AF68019018
:10CB30000291684603A91646CDF80CC0CDF81CE05A
:10CB40000693CDF800A0CDF81090CDF8148008978A
:10CB5000F8F712F803A806A9CDED0A0A8DED0B1A15
:10CB60008DED090AF8F708F8684606A9CDED0D0A1B
:10CB70008DED0E1A8DED0C0AF7F7FEFF0CA909A832
:10CB8000CDED100A8DED111A8DED0F0AF7F7B6FFF6
:10CB900009A8CDED130A8DED141A8DED120AF7F7E1
:10CBA000DDFF0CA8F0EE409AF7F7D8FF0FA8B0EE23
:10CBB00040BAF7F7D3FF12A8F0EE40AAF7F7CEFF7E
:10CBC000B7EE00AA8AEE00AA09A80FA9F7F7B2FFEC
:10CBD00009A80CA9F6EE00BA2AEE2B8A68EE0B8A99
:10CBE00028EE2A9A68EE808AF7F7A4FF0FA80CA90E
:10CBF00020EE499AF7F79EFF68EE2BBA94ED036A90
:10CC0000D4ED076A95ED017AD4ED067A94ED053AF4
:10CC1000D5ED003A94ED044AD4ED094A95ED025A57
:10CC2000D4ED085A6BEEA9BA69EE266A2BEE6BBA00
:10CC300029EE077AABEE2A6A69EE277A26EE0AAA6F
:10CC400028EE298AB1EECA6AE3EE286AA3EEA87A32
:10CC5000E4EE287A28EE000AB4EE466AE4EE806A32
:10CC6000A5EE007AE5EE807AF1EE10FACDED166AC7
:10CC70008DED177ACDED157A3FD1B0EE460A12A8A8
:10CC8000F7F790FF15A81BA9CDED1C0A8DED1D1A15
:10CC90008DED1B0AF7F770FF18A80021CDED190ADA
:10CCA0008DED1A1A8DED180AF7F71CFF9FED168A05
:10CCB00020EE080A18F0FCF880EE080A18A80121F6
:10CCC00086ED000AF7F70EFF20EE080A18F0F0F8DC
:10CCD00080EE080A18A8022186ED010AF7F702FF84
:10CCE00020EE080A18F0E4F880EE080A86ED020A41
:10CCF0001EB0BDEC088BBDE8F087B0EE4A0A18F014
:10CD00005DFBB0EE406AB8E700401C4610B59FEDF1
:10CD1000327AD0ED017A2DED068B90ED0D9ADFED94
:10CD20002F8A90ED028A90ED0AAA39EE079A67EEF3
:10CD3000A77A29EE289AC0ED037AB0EE490A044694
:10CD400017F0CEFF38EE0AAA6AEE007AB0EE490A72
:10CD5000C4ED047A18F0D6F8DFED217AD4ED0E9AFE
:10CD600094ED0B9A79EEA79A2AEE000A69EEA89A3A
:10CD700084ED050AB0EE690A17F0B2FF38EE099AA1
:10CD800069EE007AB0EE690AC4ED067A18F0BAF8D6
:10CD9000D4ED0F6A9FED137AD4ED0C7A36EE877AD4
:10CDA00029EE000A67EE288A84ED070AB0EE680AC9
:10CDB00038EE278A17F094FF68EE007AB0EE680A22
:10CDC000C4ED087A18F09EF828EE000ABDEC068B38
:10CDD00084ED090A10BD00BF0000524335FA8E3CB5
:10CDE0000000A5430000B44238B50022424B2DEDAF
:10CDF000028B04460D460360134608464AF225118D
:10CE0000F3F770FD9FED3D0A9FED3D8AF4F720FAA0
:10CE1000F4F79AF90022134649F62B4184ED010AF2
:10CE20002846F3F75FFD9FED370AF4F711FAF4F7A0
:10CE30008BF90022134644F2387184ED020A284629
:10CE4000F3F750FDB0EE480AF4F702FAF4F77CF974
:10CE50000022134644F6396184ED0D0A2846F3F7A3
:10CE600041FDB0EE480AF4F7F3F9F4F76DF900224A
:10CE7000134645F23A5184ED0E0A2846F3F732FD87
:10CE8000B0EE480AF4F7E4F9F4F75EF9002213462D
:10CE900043F2B81184ED0F0A2846F3F723FDB0EEF4
:10CEA000480AF4F7D5F9F4F74FF90022134643F690
:10CEB000B91184ED0A0A2846F3F714FDB0EE480ACA
:10CEC000F4F7C6F9F4F740F90022134644F2BA1118
:10CED00084ED0B0A2846F3F705FDB0EE480AF4F797
:10CEE000B7F9F4F731F9204684ED0C0AFFF70EFF8D
:10CEF000BDEC028B204638BD381E030800007A4383
:10CF0000000000000000F84238B5CB680C1DA342B9
:10CF1000054616D01A7C413A112A0CD8DFE802F0F7
:10CF20001F25221C19090B090B0B0B280B0B0B0BD4
:10CF30000B165A69EA63184616F084FA84420346CF
:10CF4000E8D12846FFF7E2FE012038BD5A69AA6001
:10CF5000F1E75A69AA63EEE75A696A63EBE75A692F
:10CF6000AA62E8E75A692A63E5E75A69EA62E2E7F2
:10CF70005A696A60DFE700BF2DE9F047064682B0D4
:10CF800018200D461F4616F0BDF9044648B13A6810
:10CF90000023037043608360C3601378037400212F
:10CFA0004161371DAF4204F1100A31D094F810806E
:10CFB00095F81090C8451DD2F068A84209D02846BF
:10CFC00016F053FA037C434529D2C368002B2ED0B8
:10CFD0002846002D2DD0002833D001203B462A467C
:10CFE000214616F044FA736920460133736102B09A
:10CFF000BDE8F0871ED93069A84218D0284616F03F
:10D000000EFA037C43450AD9EB682BB30546E0E7EB
:10D01000736923B13069237C027C9A4207D3684646
:10D0200052463146FFF702FA9DE82100D1E7054656
:10D0300038B905462046F5F77DFE284602B0BDE822
:10D04000F087AF42C9D094F8108095F81090C14590
:10D0500094BF00200120C1E7002DF8D1EAE700BF0E
:10D060002DE9F0470E4684B0B3684C21351D8DF88C
:10D070000B1007469046294673B11C46207C4B286E
:10D080008ABF2146E468A468002CF7D18D4203D002
:10D090000A7C4C2A40F2F88004AC0DF10B0944F8EC
:10D0A000049D0DF1080A2346A14ACDF800A03046A0
:10D0B000FFF762FFB3687968416152228DF80B2057
:10D0C000002B00F0698129461C7C512C8ABF19462F
:10D0D000DB689B68002BF7D18D4202D00B7C522B72
:10D0E0000ED90DF10B0903AC0DF1080ACDF800A023
:10D0F000234630468E4ACDF80C90FFF73DFF01469F
:10D10000BB684B61B8F1000F07D1D7ED0A7AF5EE95
:10D11000407AF1EE10FA00F0C980B36841228DF830
:10D120000B20294673B11A46107C40288ABF11464D
:10D13000D2689268002AF7D18D4203D00A7C412A36
:10D1400040F2AE8004AC0DF10B0944F8049D0DF1E2
:10D15000080A2346764ACDF800A03046FFF70CFFB8
:10D16000B368B96A416142228DF80B20002B00F0B0
:10D17000158129461A46107C41288ABF1146D2687B
:10D180009268002AF7D18D4203D00A7C422A40F2ED
:10D1900081800DF10B0903AC0DF1080A644ACDF84A
:10D1A00000A023463046CDF80C90FFF7E5FEB368AB
:10D1B000F96A416143228DF80B20002B00F0F080CA
:10D1C00029461A46107C42288ABF1146D2689268C6
:10D1D000002AF7D18D4200F092800A7C432A00F2A7
:10D1E0008E80386B486144228DF80B2029461A4600
:10D1F000107C43288ABF1146D2689268002AF7D172
:10D200008D4200F0B0800A7C442A00F2AC80786B3A
:10D21000486145228DF80B2029461A46107C442887
:10D220008ABF1146D2689268002AF7D18D4200F079
:10D2300081800A7C452A7DD8B86B486148228DF8E8
:10D240000B2029461A7C472A8ABF1946DB689B684F
:10D25000002BF7D18D4202D00B7C482B0ED90DF15B
:10D260000B0903AC0DF1080ACDF800A030462346A7
:10D270002F4ACDF80C90FFF77FFE0146FB6B4B6108
:10D28000012004B0BDE8F0877868486152228DF82B
:10D290000B2018E7F86A486143228DF80B208FE7CE
:10D2A000B86A486142228DF80B2062E7D7ED0B7A0D
:10D2B000F5EE407AF1EE10FA7FF42FAFD7ED0C7A4D
:10D2C000F5EE407AF1EE10FA7FF427AFD7ED0D7A44
:10D2D000F5EE407AF1EE10FA7FF41FAFD7ED0E7A3B
:10D2E000F5EE407AF1EE10FA7FF417AFD7ED0F7A32
:10D2F000F5EE407AF1EE10FA7FF40FAFC0E70DF1D2
:10D300000B0903AC0DF1080A094ACDF800A0234629
:10D310003046CDF80C90FFF72FFEB368396B4161B2
:10D3200044228DF80B20002B7FF460AF29461FE0CC
:10D33000281E03080DF10B0903AC0DF1080A194A68
:10D34000CDF800A023463046CDF80C90FFF714FE30
:10D35000B368B96B416148228DF80B20002B7FF434
:10D3600070AF294680E70DF10B0903AC0DF1080AF7
:10D370000C4ACDF800A023463046CDF80C90FFF7BC
:10D38000FBFDB368796B416145228DF80B20002BC2
:10D390007FF442AF2946D2E72946A7E62946FDE6B3
:10D3A0002946B1E7281E0308014B0360704700BF00
:10D3B0007818030810B5034B03600446F5F7BAFC70
:10D3C000204610BD7818030830B5D0ED035AD0EDD3
:10D3D000017A90ED056AD1ED016A90ED067A2DEDA6
:10D3E000068B91ED00AAD0ED029AD0ED048A3AEEB8
:10D3F00065AAF4EE697AF1EE10FA83B00C46154690
:10D400002AEE06AAD6EE878A54D168EEA86A27EEDD
:10D41000A77AEAEE0A6A37EE077A76EEC76A86EEF0
:10D42000877A90ED088AB4EEC87AF1EE10FA0ADC39
:10D4300090ED078AB1EE488AB4EEC87AF1EE10FAA0
:10D4400058BFB0EE478AB7EE000AA8EE480AB1EE20
:10D45000C09AB4EE499AF1EE10FA3AD1F0EE67AA0A
:10D46000E9EE88AAF0EE680AB0EE4A0A17F088FDE5
:10D4700069EE290AF0EE408AB0EE6A0A17F080FDE4
:10D48000F0EE480A38EEC08AB0EE490A17F078FD8F
:10D49000DFED157A30EE480A28EE678A60EE277ACB
:10D4A00085ED008AC5ED017AA368AB6003B0BDECE1
:10D4B000068B30BD28EEA86A67EEA76AAAEE0A6A54
:10D4C00076EEA65A36EE667AA9EEE97A87EE257AE6
:10D4D000A7E7019017F072FF0198B0EE409AD0EDE7
:10D4E000017AD0ED029AB9E7E02E654270B5DFED22
:10D4F000327A2DED068B91ED009AD1ED018A9FEDE8
:10D500002F8A89EE279A044615460E46C8EEA78A4A
:10D51000B0EE490A17F0F6FCF0EE409AB0EE680A59
:10D5200017F0F0FCB0EE40AAB0EE490A17F0D8FBB5
:10D53000B0EE409AB0EE680A17F0D2FBD4ED027A52
:10D54000D4ED016AD4ED055A94ED036A27EE800A02
:10D550006AEE277AA6EE890AE9EEA67A80EE257AA7
:10D5600037EE060A85ED000AD4ED048A94ED067ABA
:10D5700077EEA87A20EE080AC7EE878AC5ED018A01
:10D5800017F096FC80EE080A96ED029A85ED000AE7
:10D5900028EE880A17F08CFCC0EE087A29EE080AFB
:10D5A000C5ED017A17F084FC80EE080ABDEC068B0D
:10D5B00085ED020A70BD00BFE02E65428096184BD3
:10D5C00038B500222DED028B414B9FED428A03605E
:10D5D00004460D461346084646F65641F3F782F9CF
:10D5E000B0EE480AF3F734FEF3F7AEFD002213461F
:10D5F00047F2574184ED010A2846F3F773F9B0EE7C
:10D60000480AF3F725FEF3F79FFD0022134641F683
:10D61000476184ED020A2846F3F764F99FED2E0A6C
:10D620009FED2E8AF3F714FEF3F78EFD00221346CA
:10D6300041F6487184ED030A2846F3F753F99FED4C
:10D64000280AF3F705FEF3F77FFD0022134647F69D
:10D65000A16184ED040A2846F3F744F9B7EE000A05
:10D66000F3F7F6FDF3F770FD0022134647F6A271BB
:10D6700084ED050A2846F3F735F9B7EE000AF3F70B
:10D68000E7FDF3F761FD002213464FF44D5184EDA1
:10D69000060A2846F3F726F9B0EE480AF3F7D8FD54
:10D6A000F3F752FD0022134642F6425184ED070A79
:10D6B0002846F3F717F9B0EE480AF3F7C9FDF3F778
:10D6C00043FDBDEC028B204684ED080A38BD00BF47
:10D6D000601E0308000016430000C8423333733F46
:10D6E000000070C2836810B4041D8BB10978204615
:10D6F0001A7C8A422ABF1846DB689B68002BF7D148
:10D70000844205D0037C8B4202D85DF8044B7047FD
:10D7100020465DF8044B7047F0B583B002AC54234B
:10D7200004F8013D0D46074621462846FFF7DAFF7B
:10D730002E1DB0421CBF43697B6021465023284602
:10D740008DF80730FFF7CEFF86421CBF4369BB60F0
:10D750002146582328468DF80730FFF7C3FF86423D
:10D760001CBF4369FB602146592328468DF80730CA
:10D77000FFF7B8FF86421CBF43693B612146412346
:10D7800028468DF80730FFF7ADFF86421CBF43697E
:10D790007B612146422328468DF80730FFF7A2FF20
:10D7A00086421CBF4369BB612146442328468DF84D
:10D7B0000730FFF797FFB0421CBF4369FB61284663
:10D7C000452321468DF80730FFF78CFF86421CBFAA
:10D7D00043693B62012003B0F0BD00BF2DE9F04377
:10D7E0008B6885B054220C1D0D468DF80B20064623
:10D7F000214673B11A46107C53288ABF1146D2685D
:10D800009268002AF7D18C4203D00A7C542A40F255
:10D81000CB8004AF0DF10B0847F8048D0DF108091A
:10D820003B46A64ACDF800902846FFF7A5FBAB681B
:10D830007168416150228DF80B20002B00F03C8173
:10D8400021461A46107C4F288ABF1146D26892683A
:10D85000002AF7D18C4203D00A7C502A40F2AA80D9
:10D860000DF10B0803AF0DF10809944ACDF80090B3
:10D870003B462846CDF80C80FFF77EFBAB68B168CD
:10D88000416158228DF80B20002B00F019812146B0
:10D890001A46107C57288ABF1146D2689268002A1F
:10D8A000F7D18C4200F08C800A7C582A00F28880E4
:10D8B000F068486159228DF80B2021461A46107CE9
:10D8C00058288ABF1146D2689268002AF7D18C4244
:10D8D00000F0D9800A7C592A00F2D580306948616D
:10D8E00041228DF80B2021461A46107C40288ABF21
:10D8F0001146D2689268002AF7D18C4200F0AA80C3
:10D900000A7C412A00F2A6807069486142228DF8A3
:10D910000B2021461A46107C41288ABF1146D26846
:10D920009268002AF7D18C427BD00A7C422A78D8B0
:10D93000B069486144228DF80B2021461A46107CBC
:10D9400043288ABF1146D2689268002AF7D18C42D8
:10D950004FD00A7C442A4CD8F069486145228DF8A2
:10D960000B2021461A7C442A8ABF1946DB689B6833
:10D97000002BF7D18C4202D00B7C452B0ED90DF138
:10D980000B0803AF0DF10809CDF8009028463B467F
:10D990004A4ACDF80C80FFF7EFFA0146336A4B6133
:10D9A000012005B0BDE8F0837068486150228DF811
:10D9B0000B2045E7B068486158228DF80B2066E7D8
:10D9C0000DF10B0803AF0DF108093C4ACDF80090AA
:10D9D0003B462846CDF80C80FFF7CEFAAB68F168DD
:10D9E000416159228DF80B20002B7FF466AF214650
:10D9F0004EE00DF10B0803AF0DF108092F4ACDF8E9
:10DA000000903B462846CDF80C80FFF7B5FAAB688E
:10DA1000F169416145228DF80B20002BA1D12146EF
:10DA2000B2E70DF10B0803AF0DF10809234ACDF859
:10DA300000903B462846CDF80C80FFF79DFAAB6876
:10DA4000B169416144228DF80B20002B7FF475AF42
:10DA50002146D3E70DF10B0803AF0DF10809174A72
:10DA6000CDF800903B462846CDF80C80FFF784FAAD
:10DA7000AB687169416142228DF80B20002B7FF465
:10DA800048AF2146D2E70DF10B0803AF0DF10809AD
:10DA90000A4ACDF800903B462846CDF80C80FFF7A7
:10DAA0006BFAAB683169416141228DF80B20002B84
:10DAB0007FF419AF2146D2E72146D6E6501E03086F
:10DAC000214682E7014B0360704700BF78180308C6
:10DAD00010B5034B03600446F5F72CF9204610BD42
:10DAE0007818030838B5CB680D1DAB42044626D024
:10DAF0001A7C413A162A1CD8DFE802F03D3A43402E
:10DB0000371B1B34311B1B1B1B1B1B1B1B1B1B1B1A
:10DB10001B1B0C00D3ED057A94F82420F5EE407A17
:10DB2000F1EE10FA0CBF0021012161F3000284F82C
:10DB30002420184615F086FC85420346D8D1D4ED42
:10DB4000056AD4ED077A94ED067A76EEE77A01203D
:10DB500077EEC77AF1EE677AC4ED087A38BD5A6974
:10DB6000A261E6E75A69E261E3E75A696261E0E7C8
:10DB70005A69A260DDE75A696260DAE75A69226190
:10DB8000D7E75A69E260D4E738B50022474B036013
:10DB900004460D461346084645F2D071F2F7A2FE40
:10DBA0009FED430AF3F754FBF3F7CEFA0022134636
:10DBB00045F6D10184ED010A2846F2F793FE9FED68
:10DBC0003D0AF3F745FBF3F7BFFA002213464AF28A
:10DBD000437184ED020A2846F2F784FE9FED360A6F
:10DBE000F3F736FBF3F7B0FA002213464AF6440186
:10DBF00084ED030A2846F2F775FE9FED300AF3F72D
:10DC000027FBF3F7A1FA0022134642F2CE1184ED6E
:10DC1000040A2846F2F766FE9FED290AF3F718FB7F
:10DC2000F3F792FA002213464AF6452184ED050ADD
:10DC30002846F2F757FEB2EE0E0AF3F709FBF3F7A8
:10DC400083FA0022134643F6141184ED060A28468F
:10DC5000F2F748FE9FED1B0AF3F7FAFAF3F774FAAE
:10DC60000022134684ED070A28464CF25A01F2F7C7
:10DC700039FE0121F3F7E2FAF3F7CAFAD4ED056AA7
:10DC8000D4ED077A94ED067A94F8243076EEE77AAC
:10DC900060F3410377EEC77A6FF30003F1EE677A22
:10DCA00084F82430C4ED087A204638BD881E030865
:10DCB000D1A20343A8863E43000087430000B4423C
:10DCC0009A5991430000F441DFED3C7AD0ED015ABE
:10DCD00090ED047AD0ED036A9FED396AE5EEE70A2C
:10DCE00010B560EEA07A2DED068BE0EE007A0C46C2
:10DCF00090ED028AE1EE017A28EE068AE7EE077AD5
:10DD000078EE608AE6EEE67AC8EE818AE8EE487A36
:10DD100031EE011A28EEA8AA87EE819AF0EE476A42
:10DD2000E7EE0A6AF0EE497AE8EE887A27EE267A7C
:10DD3000A7EEE77AB5EEC07AF1EE10FA35D4B1EE7F
:10DD4000C70AB4EE400AF1EE10FA31D1F0EE489A6B
:10DD5000E9EE689AF7EE007A3AEE27AA39EEC00AA1
:10DD6000C0EE0A9AA8EEA99A38EE697AB1EE490A8D
:10DD700080EE070A16F08CFE0020DFED127ADFED50
:10DD8000126A9FED127A20EE270AB4EEE98AC0EEFD
:10DD9000266AF1EE10FA48BFB0EE677A76EE877A1F
:10DDA000C4ED007ABDEC068B10BD4FF0FF30F9E7F3
:10DDB000B0EE470A17F002FBC8E700BF3ACD933E2A
:10DDC0003ACD93BE00003443DB0F49400000000011
:10DDD000F0B505460C462DED068B90F8240094ED29
:10DDE000029AD5ED087AD1ED008A91ED018A39EEDB
:10DDF000279A810785B044BFF1EE688AB1EE488A60
:10DE000000232846B0EE491AB0EE680AF0EE480A40
:10DE100001A90193164602930393FFF755FF0028CB
:10DE20006FD0013000F09380039B0199029A31601A
:10DE30007260B36095F82430DB0703D405B0BDEC05
:10DE4000068BF0BD6A4F20683B685D6816F03CFAAF
:10DE5000024628680B46D0F808C066492846E047C5
:10DE60003B6860685D6816F02FFA024628680B462A
:10DE7000D0F808C060492846E0473B68A0685C6865
:10DE800016F022FA024620680B4685685B49204658
:10DE9000A8473B6819EE100A5C6816F015FA256869
:10DEA0000246D5F808C00B4620465549E0473B6876
:10DEB00030685C6816F008FA024620680B46D0F815
:10DEC00008C050492046E0473B6870685C6816F01F
:10DED000FBF9024620680B46D0F808C046492046A8
:10DEE000E0473B68B0685C6816F0EEF902462068CF
:10DEF0000B46856841492046A84705B0BDEC068B16
:10DF0000F0BDDFED419AFEEE007A28EE29AA68EE18
:10DF1000A99A28EE278A68EEA78A78EE690A38EE71
:10DF20008A0A2846B0EE491A02A9FFF7CDFE00285A
:10DF30007FF477AF38EECA0A78EE290A2846B0EEA9
:10DF4000491A03A9FFF7C0FE01307FF46DAF00232B
:10DF500033607360B36095F82430DA077FF56EAFF5
:10DF6000234E2A493368586803689B68984733688A
:10DF700020685F6816F0A8F9024638680B46D0F8AA
:10DF800008C023493846E047336860685F6816F088
:10DF90009BF9024638680B46D0F808C01D49384640
:10DFA000E0473368A0685C6816F08EF90246206886
:10DFB0000B46876818492046B8473368286A5C686A
:10DFC00016F082F9024620680B4685681349204600
:10DFD000A847336819EE100A5C6816F075F92568D1
:10DFE00002460B46AD680E492046A84726E700BF0B
:10DFF000C8020020281F03083C1F0308481F03080D
:10E00000541F0308641F0308D7B35D3FA01E030815
:10E01000D81E0308E81E0308F81E0308081F03089B
:10E02000181F0308F8B5DFED767AD0ED016A9FED91
:10E03000757A2DED0A8B90ED02CA90ED048A9FED62
:10E04000729A60EE278A3CEE66CAB0EE680A2CEE41
:10E0500007CA60EEA7BA61EE27CA04460F46164605
:10E060001D4616F03DFE68EE00AAB0EE680A16F0F6
:10E0700049FFF1EE489A29EE80AAB0EE6B0A16F03D
:10E080002FFE28EE00BAB0EE6B0A16F03BFF69EEE9
:10E0900080BAB0EE6C0A16F023FE28EE008AF6EE87
:10E0A000008AACEE288AACEE28BA28EE288AB0EEB8
:10E0B0006C0A16F027FF2BEE28BA68EE497A68EE54
:10E0C000086AECEE28AA2BEE099AE7EEA76A2BEE77
:10E0D0000B7A2AEE0A5A29EE800AA9EE097AB1EEE5
:10E0E0006A6AF0EE454AE6EE064AE0EE006AABEEFA
:10E0F000AB7A76EEE46A37EE647A26EEC9CA7AEE37
:10E10000885AA7EE87CA7AEE8BAA29EE658A70EE46
:10E110004A9AAAEEA78A66EEEA6A2CEE28CAE5EECB
:10E12000876A7BEECABA29EE299AB0EE4C7AA6EE3F
:10E13000487AABEEE79A69EEEA9A66EEE88AE5EE8F
:10E14000AB9AB0EE476A66EE097AD4ED035A28EE30
:10E15000A87A69EE096AA6EE067AE9EEA96AA5EE42
:10E16000E55AE9EEA87A28EE4AAA28EE086AEAEE0D
:10E17000087A76EE86AAA6EE057AF1EE006A6AEED5
:10E18000A66A37EEA7AA27EE667AAAEE0A7AB5EE55
:10E19000C07AF1EE10FA2AD4B1EEC70AB4EE400A02
:10E1A000F1EE10FA26D170EE0A7ABEEE007A67EE32
:10E1B000877A0020C7EEAAAAE9EEAA8AC5ED00AACE
:10E1C000C8EE888AC7ED008AD5ED007AA7EE89CA25
:10E1D0008CEE08CA86ED00CA95ED007AD4ED087A77
:10E1E00077EE677AC5ED007ABDEC0A8BF8BD4FF08B
:10E1F000FF30F9E7B0EE470A17F0E0F8D3E700BFC9
:10E2000035FA8E3C3ACD133FD7B3DD3F30B50546E6
:10E2100085B091ED000AD1ED010A91ED021A03AB30
:10E22000144601A902AAFFF7FDFE95F824309B07CA
:10E2300007D40199029A039B21606260A36005B034
:10E2400030BD9DED017ADDED027A039BA360B1EE56
:10E25000477AF1EE677A84ED007AC4ED017A05B071
:10E2600030BD00BF2DE9F0438B6885B041220C1D05
:10E270000D468DF80B200646214673B11A46107CD8
:10E2800040288ABF1146D2689268002AF7D18C4292
:10E2900003D00A7C412A40F2B6800DF110090DF13D
:10E2A0000B0749F8047D0DF108084B468F4ACDF85D
:10E2B00000802846FEF760FEAB687168416142222B
:10E2C0008DF80B20002B00F00D8121461A46107CA2
:10E2D00041288ABF1146D2689268002AF7D18C4241
:10E2E00003D00A7C422A40F294800DF10B070DF115
:10E2F0000C090DF108087D4ACDF800804B462846F0
:10E300000397FEF739FEAB68B168416143228DF88F
:10E310000B20002B00F0E88021461A46107C422892
:10E320008ABF1146D2689268002AF7D18C4200F069
:10E330008E800A7C432A00F28A80F0684861442279
:10E340008DF80B2021461A46107C43288ABF1146BF
:10E35000D2689268002AF7D18C4200F0AA800A7C29
:10E36000442A00F2A6803069486145228DF80B20CE
:10E3700021461A46107C44288ABF1146D26892680A
:10E38000002AF7D18C427BD00A7C452A78D8706964
:10E39000486149228DF80B2021461A46107C4828F6
:10E3A0008ABF1146D2689268002AF7D18C4236D0D3
:10E3B0000A7C492A33D8B069486148228DF80B207D
:10E3C00021461A7C472A8ABF1946DB689B68002BC6
:10E3D000F7D18C4202D00B7C482B0ED90DF10B07E4
:10E3E0000DF10C090DF10808CDF8008028464B46C8
:10E3F0003E4A0397FEF7C0FD0146F3694B610120D9
:10E4000005B0BDE8F0837068486142228DF80B20AA
:10E410005BE7B068486143228DF80B207CE70DF183
:10E420000B070DF10C090DF10808304ACDF80080FA
:10E430004B4628460397FEF79FFDAB68B1694161E3
:10E4400048228DF80B20002BBAD12146CCE70DF1E4
:10E450000B070DF10C090DF10808244ACDF80080D6
:10E460004B4628460397FEF787FDAB68F16841618C
:10E4700044228DF80B20002B7FF464AF21461EE070
:10E480000DF10B070DF10C090DF10808174ACDF835
:10E4900000804B4628460397FEF76EFDAB68716916
:10E4A000416149228DF80B20002B7FF475AF214686
:10E4B000BBE70DF10B070DF10C090DF108080B4A34
:10E4C000CDF800804B4628460397FEF755FDAB6814
:10E4D0003169416145228DF80B20002B7FF448AF54
:10E4E0002146D3E7214606E72146B6E7781E030812
:10E4F000D0ED016A91ED017AD0ED027A91ED006ADA
:10E5000027EE667AA7EE867A82ED007A91ED016AAF
:10E5100091ED007A67EE867AE6EE877AC2ED017AAF
:10E520008B689360704700BFD0ED016A91ED017A6E
:10E53000D0ED027A91ED006AF1EE666A27EE667A16
:10E54000A7EE867A82ED007A91ED016A91ED007A6C
:10E5500067EE867AE6EE877AC2ED017A8B68936081
:10E56000704700BF014B0360704700BF7818030875
:10E5700010B5034B03600446F4F7DCFB204610BDE6
:10E58000781803080000000010B50022184B2DED8C
:10E59000028B044603601346084649F67051F2F7B1
:10E5A000A1F99FED140AF2F753FEF2F7CDFD10EE3C
:10E5B000100A15F089FE0CA3D3E9002315F0D8FE4C
:10E5C00016F090F900EE100A08EE100A16F09AFC08
:10E5D00084ED010AB0EE480A16F082FBBDEC028B16
:10E5E000204684ED020A10BD399D52A246DF913FBC
:10E5F000801F03080000000010B50446406B074B65
:10E60000236008B1F4F796FBA06A08B1F4F792FB17
:10E610002046F4F739FC204610BD00BFE01F030878
:10E620008B88B3F54C4F30B401D030BC7047CB88E9
:10E6300046F6BD12934231D044F29362934220D009
:10E6400042F2EC02934230D044F68A52934233D0E5
:10E6500048F215029342E8D1436B0A7C5D7F93F840
:10E660003D4093F85D00CB68C5F30015C4F300147A
:10E67000C0F3001042F001021D705C7098700A74C3
:10E68000D3E7426BCB685468087C1C60546A5C60BA
:10E69000546C9C6040F001020A74C6E70B7C1C308D
:10E6A00043F00303C8600B74BFE70B7C043043F0F6
:10E6B0000303C8600B74B8E790F842000A7CCB688B
:10E6C000C0F38200033818BF012042F00102187025
:10E6D0000A74AAE78B88B3F54C4F10B402D05DF8EA
:10E6E000044B7047CB8846F6BD12934225D044F2C6
:10E6F00093629342F3D1CB685DF8044BD3ED007A7B
:10E70000F4EE677AF1EE10FA7CBF426BC2ED017A4B
:10E71000D3ED017AF4EE677AF1EE10FA7CBF426B2A
:10E72000C2ED097AD3ED027AF4EE677AF1EE10FACF
:10E730007CBF436BC3ED117A7047CB680A7C1C68C1
:10E74000C4615C6804629C68446242F001030B741B
:10E75000C5E700BF10B50446406B084B236008B105
:10E76000F4F7E8FAA06A08B1F4F7E4FA2046F4F7FF
:10E770008BFB2046F4F7DEFA204610BDE01F0308AD
:10E780002DE9F00F90F84230C3F38203012B04D03F
:10E7900090F8423013F01C0F34D1436B866BB342B8
:10E7A00030D0324A4FF0010C176814E0FD68D5F8FC
:10E7B000089059F8218098F83950AD0708D592F89B
:10E7C00006A01AF0020F21D111896FF30F011181F8
:10E7D00020339E4216D09A69002AF9D090F8424020
:10E7E000597FC4F3401401F00701002CDED0012949
:10E7F000DCD885690CFA01F818EA050FD6D1203368
:10E800009E42E8D10020BDE8F00F7047156892F8ED
:10E8100004B02D6925FA0BF58AEA050A1AF0010FF2
:10E82000D2D0B2F808A04569AA4504D20AF1010A7B
:10E83000A2F808A0CCE754B9B8F838106FF3492112
:10E84000A8F83810D17A41F01001D172C0E701293F
:10E85000F2D8D9F800100C8F6FF349240C87D9F83F
:10E8600004100C8F6FF349240C87EBE7C8020020DB
:10E8700010B50446F4F718FB22460D4B42F8043B52
:10E8800094F8421004320023636021F01C0142F826
:10E89000043B41F00C0113602046A361A362E362D4
:10E8A00023636363A363E36384F8421010BD00BF76
:10E8B000E01F03082DE9F043A94FDFF8AC92396857
:10E8C000002285B004461346486943F6E741F2F753
:10E8D00009F80021F2F7B2FCF2F736FC3B68BCEE17
:10E8E000C00A002284ED050A586946F23231134607
:10E8F000F1F7F8FF6421F2F7A1FCF2F725FC3B6881
:10E90000BCEEC00A002284ED040A586949F6807101
:10E910001346F1F7E7FF0021F2F790FCF2F778FCDD
:10E9200094F8423060F3451384F842303B6800228B
:10E9300058694EF2EF011346F1F7D4FF0021F2F7C8
:10E940007DFCF2F765FC94F8423060F3861384F89E
:10E9500042303B68002258694BF262011346F1F7DE
:10E96000C1FF0021F2F76AFCF2F752FC94F8423042
:10E9700060F3C71384F842303B68002258694FF6B1
:10E98000EF611346F1F7AEFF0021F2F757FCF2F703
:10E990003FFC94F8433060F3000384F843303B6855
:10E9A0000022586946F60E611346F1F79BFF0021DD
:10E9B000F2F744FCF2F72CFC94F8433060F3410387
:10E9C00084F843303B680022586946F25F011346E1
:10E9D000F1F788FF0021F2F731FCF2F7B5FB3B6855
:10E9E00084ED070A002258694FF2F4411346F1F70B
:10E9F00079FF0021F2F722FCF2F7A6FB3B6884EDD9
:10EA0000080A0022586943F65C311346F1F76AFFA1
:10EA10000021F2F713FCF2F797FB3B6884ED090A3B
:10EA20000022586948F602611346F1F75BFF6A4617
:10EA300005464C4903A815F04FFA03A92846F2F7FA
:10EA40000DFC014602A8F2F7DDFB039BA3F10C00CD
:10EA500048456FD1236C029E6FF31103236456F86F
:10EA60000C3C022B05D9A16B626B8A1AB3EB621FB7
:10EA70001DD93B68002258694FF263211346F1F714
:10EA800031FF94F84210C1F38011F2F7D7FBF2F78F
:10EA9000BFFB94F84330029A60F38203A2F10C00AA
:10EAA000484584F8433050D105B0BDE8F08394F870
:10EAB00042205106DDD4D209DBD156F8042C002ABD
:10EAC00036DB02A814F0D4FF029E56F8043C002B5B
:10EAD0002ADB02A814F0CCFF029A52F80C3C02EB9D
:10EAE00003084645C5D0002507E0C3F311010A43DA
:10EAF00062F31103B0452364BBD016F8010B1AF082
:10EB000089FDC0B257288CBFA0F15803A0F13E0385
:10EB10000133062B03FA05F205F10305236CE4D952
:10EB20006FF311032364A4E756F80C3C3246D6E792
:10EB30003246D4E753F8042C511E002A43F8041C33
:10EB400088DC01A914F02EFF84E752F8043C591E1A
:10EB5000002B42F8041CA7DC03A914F023FFA3E751
:10EB6000C8020020283F030898050020F0B406469C
:10EB700029B18D79C5F3400020B9F0BC7047084633
:10EB8000F0BC70470F680979C5F3000500233A69A6
:10EB9000CA4002F00102013392EA0500DBB2ECD078
:10EBA0003469A342F3D3F0BC704700BF2DE9F843AA
:10EBB00090F84230C3F38203062B06462AD090F821
:10EBC0004230C3F38203032B01D0BDE8F883846A8B
:10EBD000C76ABC42F9D0DFF804912546DFF8FC8013
:10EBE0002968CB7A180704F1040403F007020DD555
:10EBF000D9F80030DB689B6853F8223093F839303D
:10EC00009B07304602D5FFF7B1FF78BBA742E4D19E
:10EC1000BDE8F883826AC06A824210D1D5E71989BB
:10EC200034694D1CA1421D8107D996F8423023F06A
:10EC30001C0343F00C0386F84230904214D052F883
:10EC4000043BD97A0F07F8D599798D07E7D51C6869
:10EC50001D792469EC406140CC07E0D51A896FF337
:10EC60000F021A81BDE8F883BDE8F883D8F80030B8
:10EC700093F8A8205868D96812F0040F2A688F68A2
:10EC800092F80BE0937A026808BF1249946818BFA3
:10EC900011490EF0070257F8222092F8392012F09D
:10ECA000010F0CBF2B222D22A0472B6896F8421093
:10ECB0001A89D8F8000021F01C0141F018016FF307
:10ECC0000F0286F842101A8107210022BDE8F8439E
:10ECD000F3F740B91020030844200308C8020020BD
:10ECE00070B590F842302DED028B5A068EB0044676
:10ECF00007D401F00301032903D00EB0BDEC028B51
:10ED000070BD636B94F8422093ED0C7AD3ED047AD6
:10ED1000304DDFED316A2B68B4EEE77A22F01C0249
:10ED2000F1EE10FA42F0140248BFF0EE477A84F890
:10ED30004220D86827EEA68AFBF7D6FE2B68DA6851
:10ED400092F8343043F0020382F83430DB0703D505
:10ED5000DFED227A88EE278A214E18EE100A15F090
:10ED6000B3FA204ACDE90001202106A819F086F85F
:10ED700006A8059619F079F906A9024605A814F027
:10ED8000BDFE04AA184B286804930121F3F7E2F8AA
:10ED90002B6801219869F8F72DFF2B68D868F9F7DF
:10EDA000AFFA94F84220059B22F01C020C3EA3F11E
:10EDB0000C0042F00C02B04284F842209DD053F87F
:10EDC000042C511E002A43F8041C96DC03A914F0FD
:10EDD000E9FD92E7C8020020000070423333CB41C6
:10EDE000A40500205C2003082C03002010B58369D3
:10EDF00003F00301032984B003F0010230D10022A3
:10EE0000436B01920292039293ED027A8DED017AA7
:10EE1000D3ED0A7ACDED027A5A7F120751D493F8D6
:10EE20003D202B4C110744BFF1EE677ACDED027AFD
:10EE300093ED0C0AD3ED047A2368B4EEE70AF1EE01
:10EE400010FA58BFB0EE670AD86801A90322FAF792
:10EE500061F8236801219869F8F7CCFE04B010BD71
:10EE6000CAB10022436B019202920392D3ED027A5F
:10EE7000174CCDED017A5A7F120744BFF1EE677A45
:10EE8000CDED017A93ED040A236801A9D868032225
:10EE9000FAF740F8DDE79C0718D5436B0292019220
:10EEA0000392D3ED0A7A0A4CCDED027A93F83D2015
:10EEB000110744BFF1EE677ACDED027A93ED0C0AAB
:10EEC000E2E7B1EE477A8DED017AA8E7004CC0E7A2
:10EED000C80200202DE9F04F2DED028B85B00646CB
:10EEE000826AD0F82CE0724500AF6D460BD052F824
:10EEF000043B1C89D87A6FF30F046FF30410964516
:10EF00001C81D872F3D196F84320D00740F1A48138
:10EF1000DFF8E483D8F80030DB6893F8340040F081
:10EF2000200083F8340093F8344096F84200B16131
:10EF300020F01C0044F0100186F8420083F83410E1
:10EF4000930740F1D381B3695C071FD5736B00222F
:10EF500093F85D10D3ED127A7A60BA60D8F8002089
:10EF6000C7ED037A080748BFF1EE677A93ED140AFC
:10EF7000D06848BFC7ED037A391D0322F9F7CAFFED
:10EF8000D8F8003001219869F8F734FE96F843303C
:10EF9000990700F1A781706BD6F838C0D6F818E051
:10EFA000C0EB0C037F2B55D903244FF0010A04F06A
:10EFB0001F030AFA03F313EA0E0F9FEDCE8A4FF0F8
:10EFC000040910D14B46C0EB0C02B3EB621F04F1F5
:10EFD000010409F101093DD204F01F030AFA03F309
:10EFE00013EA0E0FEED04FEA89030A3323F007032A
:10EFF000EB46ADEB030D69466A4600230133A3429D
:10F00000A2EC018AFAD900EB4410D0ED027A01EBB0
:10F010008403C3ED007A427F120748BFF1EE677A9E
:10F02000D8F8002048BFC3ED007A90ED040AD068FC
:10F030005FFA89F2F9F76EFFD8F80030012198697C
:10F04000F8F7D8FD4B46DD46D6F818E0706BD6F8D9
:10F0500038C0B8E71EF0010F00F0F380044600212D
:10F060004FF0010909FA01F313EA0E0F01F1010152
:10F0700004D196F842305A0640F11C81A369DA7A2D
:10F08000C2F30012002A00F01F81032904F12004BA
:10F09000E8D1C0EB0C025211032A00F2E38096F88B
:10F0A0004330DC0740F1FA80E646034696F842100A
:10F0B00090000A3020F0070021F01C01ADEB000D9C
:10F0C00041F008016C4686F8421042B14FF0000C46
:10F0D000694600200130904241F804CBFAD17345D3
:10F0E00093ED058A28D0D6F8189003F120014FF04F
:10F0F000010C587F00F0070004EB800A0CFA00F0C6
:10F1000019EA000F13D051ED057ACAED007A587F45
:10F1100000075CBFF1EE677ACAED007AD3ED057A9D
:10F12000B4EEE78AF1EE10FA58BFB0EE678A2033EA
:10F130009E4501F12001DCD1D8F80030D2B2D86868
:10F140002146B0EE480AF9F7E5FED8F80030012173
:10F150009869F8F74FFD96F84230D6F83490D6F813
:10F1600038E023F01C0343F00403F14586F84230F5
:10F170002ED0D6F818A09FED5F7A09F120014B46FA
:10F180004FF0010C11E051ED057A77EEA77ACBED47
:10F19000007A5A7F120703D5F1EE677ACBED007A39
:10F1A00020339E4501F1200112D05A7F02F0070260
:10F1B0000CFA02F01AEA000F04EB820BE3D12033C1
:10F1C00004EB82029E4582ED007A01F12001ECD130
:10F1D000D8F80030C9EB0E02C2F34712B0EE480A6D
:10F1E0002146D868F9F796FED8F8003001219869D1
:10F1F000F8F700FDD8F80030D868F9F709FCD8F81E
:10F20000003096F84310DB6893F83420C9076FF399
:10F21000041283F8342005D593F834206FF3451297
:10F2200083F8342096F8423023F01C0343F00C039B
:10F2300086F842301437AD46BD46BDEC028BBDE8C2
:10F24000F08F1EF0060F7FF409AFC0EB0C025211D5
:10F25000032A7FF624AF05E0DFF89C80D8F8003061
:10F26000DB6860E6044603214FF0010901F01F034B
:10F2700009FA03F313EA0E0F01F1010105D0A36FA0
:10F28000DB7AC3F30013002B38D0914204F1200441
:10F29000ECD196F84330DC073FF506AFD8F80030E4
:10F2A000D868F9F7B5FB736BD6F838E0C3EB0E02FC
:10F2B0005211FBE6DB093FF4E8AEA369DA7AC2F348
:10F2C0000012002A7FF4E1AE96F84230D8F8000030
:10F2D00023F01C0343F00C0386F842300721F2F7B9
:10F2E00039FE19E03046FFF781FD54E63046FFF75E
:10F2F0007DFD28E600000000C802002096F84210BC
:10F30000D8F8000021F01C0141F00C0186F84210F1
:10F310001A460721F2F71EFE1437AD46BD46BDEC76
:10F32000028BBDE8F08F00BFF0B5664E33682DED5F
:10F33000028BDB6889B00C46D3F81021D3F80C118E
:10F340000546D3F8080105AB07C320465821FCF752
:10F3500063FF58B36B6B5B7FDB0608D4E0685A49E8
:10F3600003685B69984709B0BDEC028BF0BD336858
:10F37000DF68002220465821FCF762FF97F83430FE
:10F380009DED057ADF0748BFDFED507A6B6B48BF14
:10F3900020EE270AD3ED017A5A7F30EE470A6FF349
:10F3A000041237EE800A5A7783ED010A204659216C
:10F3B000FCF732FF70B36B6B93F83D30D80608D47E
:10F3C000E068434903685B69984709B0BDEC028B6C
:10F3D000F0BD3368DF68592100222046FCF730FF7A
:10F3E00097F834309DED067AD90748BFDFED377ABC
:10F3F0006B6B48BF20EE270AD3ED097A93F83D20C6
:10F4000030EE470A6FF3041237EE800A83F83D208E
:10F4100083ED090A20465A21FCF7FEFE00284CD055
:10F420006B6B93F85D30DA063ED53368DE682046B4
:10F430005A210022FCF704FF96F834309DED077A3C
:10F440006E6BDB0748BF9FED218AD6ED117A96F8E7
:10F450005D304CBF20EE088AB0EE408A38EE478A15
:10F460006FF3041338EE278A86F85D3086ED118A33
:10F470007068E76814F028FF0446706A3E680D461D
:10F4800014F022FFCDE9000118EE100A14F01CFF61
:10F49000CDE9020122462B46B4680E493846A04702
:10F4A00009B0BDEC028BF0BDE0680B4903685B69F5
:10F4B000984709B0BDEC028BF0BD6E6B96ED118ADA
:10F4C000D6E700BFC8020020702003083333CB41C9
:10F4D000AC20030824210308E820030830B5344C8D
:10F4E0002DED028B2368054691B0D868FBF7FCFA36
:10F4F000236895ED017ADA6892F8343043F002031C
:10F5000082F83430DB073ED59FED2A8A87EE087AF1
:10F5100017EE100A14F0D8FED5ED027AC7EE887AFD
:10F5200002460B46CDE90023234D17EE900A14F056
:10F53000CBFE224ACDE90201202108A818F09EFC4A
:10F5400008A8079518F091FD08A9024607A814F02D
:10F55000D5FA06AA1A4B206806930121F2F7FAFCA5
:10F56000236801219869F8F745FB2368D868F8F704
:10F57000C7FE079B0C3DA3F10C00A8420CD111B0B3
:10F58000BDEC028B30BD17EE100A14F09DFED5EDD8
:10F59000027A02460B46C5E753F8042C511E002A96
:10F5A00043F8041CEBDC05A914F0FCF9E7E700BF05
:10F5B000C80200203333CB41A40500206821030892
:10F5C0002C0300202DE9F0418A8840F202439A4240
:10F5D0000C4602D00120BDE8F08111F095FE114EDD
:10F5E000114D074607E03068F2F7B4FC11F08CFECD
:10F5F000C01BA84213D8A37998074FF003014FF01E
:10F600000002F0D5D4F800802079D8F810C02CFA88
:10F6100000F0434013F00100E5D0BDE8F081002088
:10F62000BDE8F081C8020020A0860100F8B542685C
:10F630000368D31A9B1004460F4605D05A00934224
:10F6400026D96FF0030600E00426304613F05AFE78
:10F65000054694E809001B1A9B109A003968AF18F8
:10F6600007D045F8231094E809001B1A9B109A0054
:10F67000AF1823B10146284618F01BF9206804375B
:10F6800008B1F3F757FB2E44A66084E8A000F8BD4C
:10F69000B2F1804FD5D2DE00D7E700BF2DE9F84F99
:10F6A00042680368D31A5B1106460D4605D05A001E
:10F6B000934232D96FF01F0801E04FF02008404616
:10F6C00013F020FED6F800A07368CAEB03034FEADC
:10F6D000631C4FEA4C1B10EB0B09074606D00FCDFD
:10F6E0004C460FC495E80F0084E80F00BCF1000FF2
:10F6F0000CD1504609F1200408B1F3F71BFB07EBCE
:10F700000803B36037607460BDE8F88F51465A460D
:10F71000384618F0CEF83068ECE7B2F1006FC9D285
:10F720004FEA8318CBE700BF2DE9F0410668456832
:10F730008368AD1B6D119B1BB5EB631F04461FD087
:10F74000A5B9A8462B4603EB08072DB1184631464C
:10F75000424618F0AEF8034620686760A760236051
:10F7600008B1F3F7E7FA0120BDE8F081B5F1006FC9
:10F7700009D24FEA4518404613F0C4FD0346E2E7BC
:10F780000020BDE8F08114F02BFC00BF2DE9F04112
:10F79000066845688368AD1BAD109B1BB5EBA30FD6
:10F7A00004461FD0A5B9A8462B4603EB08072DB188
:10F7B00018463146424618F07CF8034620686760D8
:10F7C000A760236008B1F3F7B5FA0120BDE8F08126
:10F7D000B5F1804F09D24FEA8508404613F092FDFB
:10F7E0000346E2E70020BDE8F08114F0F9FB00BF1A
:10F7F0002DE9F04F2DED028BB74CA1B0064604F178
:10F80000300E11AF20686168A268E3683D460FC5FD
:10F81000103474452F46F5D120686168A268AF4D59
:10F82000DFF8CC829FEDAE8A07C706F134000021D5
:10F8300003900DF142044FF0580B02919DF84130B6
:10F840002A688DED0A8A0BF0070003F0EF0360F3DE
:10F85000020300278DF8413000903B465069218912
:10F860000F973A468DF840B0F1F73CF86421F1F774
:10F87000E5FCF1F769FC2B68618958698DED0D0A8B
:10F880003A463B46F1F72EF80A21F1F7D7FCF1F79B
:10F890005BFC2B68A18958698DED0E0A3A463B4600
:10F8A000F1F720F80521F1F7C9FCF1F74DFC2B68C1
:10F8B000E18958698DED0C0A3B463A46F1F712F89A
:10F8C00005AA0746874907A814F006FB07A938468A
:10F8D000F1F7C4FC014608A8F1F794FC08A8824996
:10F8E00013F0F0FF9DF84130089A003018BF012056
:10F8F00060F3C303A2F10C0040458DF8413040F0A5
:10F900003381079BA3F10C00404540F039819DF8FD
:10F9100041202B68C2F3C002002A00F0D1800022EF
:10F92000218A58691346F0F7DDFF0021F1F786FCC4
:10F93000F1F70AFC2B68E18858698DED090A00226D
:10F940001346F0F7CFFF4FF4FA71F1F777FCF1F7B8
:10F95000FBFBA2468DED0B0A002701940C2013F04F
:10F96000D1FC0446F3F7EAFA2B68069400225869A2
:10F970003AF8021F1346F0F7B5FF04AA81465B4927
:10F9800007A814F0A9FA07A94846F1F767FC014651
:10F9900008A8F1F737FC08A92046F3F755FB83794F
:10F9A000990700F18280089BA3F10C00404540F0CC
:10F9B000C380079BA3F10C00404540F0C980069826
:10F9C00083799A073CD4F3F7B5F90137022FC5D1F3
:10F9D000D6F83890F36B019C994500F0A880B9F1F6
:10F9E000000F09D00DF1240CBCE80F004F460FC7E3
:10F9F0009CE80F0087E80F0009F12003B3630BF1C7
:10FA0000010B5FFA8BFBBBF15B0F04F114047FF475
:10FA100015AFB26AF36A9A427CD00398FFF784FE6E
:10FA200006F12800FFF7B2FE3046FEF743FF029AC8
:10FA3000002A63D1012021B0BDEC028BBDE8F08F1C
:10FA4000F36A326B93426BD0002B61D01860F36A7B
:10FA5000069C0433F3629DF841301B074AD5002F02
:10FA60004AD084F80AB00099E37A61F30203E372A2
:10FA70002A68238901986FF30F03818A50692381D3
:10FA800000221346F0F72EFF0021F1F7D7FBF1F724
:10FA9000BFFBE37A60F3C303E372069B0299DB7A50
:10FAA000C3F3C003194302918FE702790368520040
:10FAB0001968032000FA02F221EA02021A6072E7D2
:10FAC000618A58691346F0F70DFFC821F1F7B6FBBC
:10FAD000F1F73AFB2EE700BF981F0308C802002089
:10FAE000000000007821030884210308EC0F0308BC
:10FAF00098050020012FB4D10F94B2E730460321BE
:10FB0000F3F7D8F9012021B0BDEC028BBDE8F08FEE
:10FB100004469EE7002021B0BDEC028BBDE8F08FCB
:10FB200006F1280006A9FFF781FD069C93E70398DC
:10FB300009A9FFF7B3FD62E753F8042C511E002A10
:10FB400043F8041C3FF735AF05A913F02BFF30E74E
:10FB500053F8042C511E002A43F8041C3FF72FAF22
:10FB600008A913F01FFF2AE752F8043C591E002B86
:10FB700042F8041C3FF7C5AE06A913F013FFC0E618
:10FB800053F8042C511E002A43F8041C3FF7BFAE63
:10FB900008A913F007FFBAE62DE9F04F2DED068B0B
:10FBA000CFB0804616AB0020197F5A7F98610025A0
:10FBB00065F3070165F3020219775A774EA92033DE
:10FBC0008B42F1D1A64E0B9533680C9558690D9573
:10FBD0000BA94FF44C42F0F737FE0B9CDDF830B028
:10FBE00002955C4500F0B4829FED9EAA039501E06A
:10FBF000A3454AD0336834F8025B58692A464FF46B
:10FC00004C4147F26933F0F76DFEF1F701FB002834
:10FC1000EED00C2013F076FB0746F3F78FF9904AED
:10FC2000089713684FF44C4158692A4649F2482313
:10FC3000F0F758FE07AA81468B490AA814F04CF940
:10FC40000AA94846F1F70AFB01460EA8F1F7DAFACD
:10FC500038460EA9F3F7F8F983799A0700F1C780BF
:10FC60000E9B824FA3F10C00B84240F073820A9BB6
:10FC7000A3F10C00B84240F08582089883799B0775
:10FC800053D4F3F757F8A345B4D1D8F82820D8F8BF
:10FC90002C309A4200F04F8216AD08F1340900244E
:10FCA000DDF808A00AE0022C40F2AC80A24580F00A
:10FCB000C0800134072C05F120051DD02B7F002BBF
:10FCC000F1D0D8F838E0D8F83C309E4500F03B82BF
:10FCD000BEF1000F07D02F460FCF76460FC697E82C
:10FCE0000F0086E80F0001340EF12003072CC8F83E
:10FCF000383005F12005E1D14846FFF715FD08F140
:10FD00002800FFF743FD4046FEF7D4FD039A002A82
:10FD100040F0F38101240B9808B1F3F70BF820466B
:10FD20004FB0BDEC068BBDE8F08F33684FF44C410B
:10FD300058692A4643F2B653F0F7D4FD07AA814624
:10FD40004B490EA814F0C8F80EA94846F1F786FAF8
:10FD5000014609A8F1F756FA0E9BA3F10C00B84230
:10FD600040F00482099A52F80C3C5BB352F8043C10
:10FD7000002B03DB09A813F07BFE099A107801928F
:10FD800019F048FC4138019A19281BD8DFE810F017
:10FD90009B01980195011A001A001A001A001A0016
:10FDA0001A001A001A001A001A001A001A001A0083
:10FDB0001A001A001A001A001A001A001A009201FA
:10FDC00072009E010898F2F7B5FF099BA3F10C00A1
:10FDD000B8423FF40DAF53F8042C511E002A43F8EB
:10FDE000041C3FF705AF0EA913F0DCFD00E7027914
:10FDF000036852001968032000FA02F221EA0202A5
:10FE00001A602DE7D8F838E0D8F83C109DF8552056
:10FE1000149364F3020204F158038E458DF85520C3
:10FE20008DF8543016D0BEF1000F3FF45CAF0EAF2A
:10FE300052E7D8F838E0D8F83C109DF855201493D4
:10FE400064F3020204F141038E458DF855208DF8CC
:10FE50005430E8D148460EA9FFF720FC29E700BF3F
:10FE6000C802002000000000EC0F030898050020E5
:10FE7000283F03084FF001093368D96891F89C11B5
:10FE8000894580F04081089952F804EC0889DDF832
:10FE900008C06FF30F00CC4538BFCC46BEF1000F51
:10FEA000CDF808C00881C0F2148109A8009113F0B0
:10FEB000DFFDC04ADDF820A013680099099A107888
:10FEC0008DE80A0019F0A6FB009988729AF80B20B9
:10FED000CDF8109069F302028AF80B20019B2A46A4
:10FEE00058694FF44C4144F6E923F0F7FBFC00213C
:10FEF000F1F7A4F9F1F78CF99AF80B3060F3C3032A
:10FF00008AF80B30089A0399D07AD8F82C30C0F3CD
:10FF1000C00001430391D8F830108B4200F00D81EE
:10FF200013B11A60D8F82C300433C8F82C30336879
:10FF30004FF44C4158692A4645F6A853F0F7D2FCD5
:10FF400006AA82469C490EA813F0C6FF0EA9504689
:10FF5000F1F784F901460AA8F1F754F90E9BA3F1D1
:10FF60000C00B84240F01A810AA8934913F0AAFC89
:10FF7000002800F0B080099B53F8042C002A03DB12
:10FF800009A813F075FD099B187819F043FB336835
:10FF9000089A05925FFA80FC2A465869CDF804C099
:10FFA0004AF2BC034FF44C41F0F79CFC6421F1F79A
:10FFB00045F9F1F7C9F833682A464FF44C415869BE
:10FFC00046F2D343F0EE408AF0F78CFC0A21F1F7B9
:10FFD00035F9F1F7B9F833682A464FF44C415869BE
:10FFE0004FF2F703B0EE408AF0F77CFC0521F1F701
:10FFF00025F9F1F7A9F871490AA8B0EE409A13F073
:020000040801F1
:1000000061FC3368D0F1010A2A4638BF4FF0000A7C
:100010004FF44C41586948F25C73F0F763FCBAF155
:10002000000F0CBFC8210021F1F708F9F1F78CF897
:1000300033682A4658694FF44C4142F63713F0EEC4
:10004000409AF0F74FFC4FF4FA71F1F7F7F8F1F737
:100050007BF816AB03EB4919DDF804C099F81D30A5
:1000600089F81CC0DDF810C00A9A059989ED020ACA
:100070006CF302036AF3C303A2F10C006FF30413E1
:10008000B842C9ED009A89ED01AA89ED039AC9ED3C
:10009000048A89ED058AC9F8181089F81D303FF4E3
:1000A00094AE52F8043C591E002B42F8041C3FF752
:1000B0008CAE1EE04FF00009DEE64FF00509DBE6EE
:1000C0004FF00409D8E64FF00309D5E64FF00209D6
:1000D000D2E68A46F3E60A9BA3F10C00B8423FF44D
:1000E00074AE53F8042C511E002A43F8041C3FF749
:1000F0006CAE0EA913F056FC67E640460321F2F7FA
:10010000D9FE012407E658682D4903684A469B68D2
:1001100098470898F2F70EFE099BA3F10C00B8422D
:1001200009D053F8042C511E002A43F8041C02DCA9
:100130000EA913F037FC0024EDE508F1280008A90A
:10014000FFF774FAF3E648462946FFF7A7FAB0E549
:1001500003959AE553F8042C511E002A43F8041C19
:100160003FF785AD09A913F01DFC80E553F8042C79
:10017000511E002A43F8041C3FF7F4AD0AA913F0FE
:1001800011FCEFE553F8042C511E002A43F8041C1F
:100190003FF773AD0EA913F005FC6EE553F8042C80
:1001A000511E002A43F8041C3FF7DEAE07A913F0E6
:1001B000F9FBD9E6C8020020E021030878210308F2
:1001C0009021030870B53B4D2968002284B0134686
:1001D0000446486947F23C71F0F784FB0021F1F7CF
:1001E0002DF8F1F715F850B12046FFF701FB58B98B
:1001F0001CB1236820465B68984704B070BD204658
:10020000FFF7CAFC0028F3D020460221F2F752FE85
:1002100020460521F2F74EFE06212046F2F74AFE5F
:100220002B6818205D6A13F06DF80646F1F7BEF8EA
:10023000214B224A1B6801969B0BA2FB03139B09CF
:1002400000EE103AB8EEC00A14F08EFD1C4B02937B
:100250000023039304AB13E90300BDEEC00A06F1CB
:100260000803746086ED040A83E8030086ED050A3E
:1002700072B62B69B3F57A7F0CD3AB68EA68934208
:1002800012D0019A0BB11A60AB680433AB6062B64E
:1002900004B070BD4FF47A7129612846F3F754F920
:1002A000AB68EA689342ECD1281D01A9F4F73EFE41
:1002B000EDE700BFC8020020D0010020D34D62103E
:1002C00081E7000842680368D31ADB102DE9F04784
:1002D0000546884639D05A0093423BD96FF007094A
:1002E000484613F00FF82F686C68E31B23F00703F0
:1002F000C318064600F1080A05D098E8030083E811
:1003000003006C682F68A74222D03B4632461AB1E0
:1003100093E8030082E803000833A34202F10802D5
:10032000F5D107F1080ACAEB030A2AF0070AB2441A
:1003300028680AF1100A08B1F2F7FCFC06EB090381
:10034000AB6085E84004BDE8F0874FF00809C7E7D7
:100350003846F0E7B2F1005FC0D24FEA0319BFE7B9
:1003600038B543688568AB42024607D01BB103C964
:1003700083E8030053680833536038BDFFF7A2FFDA
:1003800038BD00BF2DE9F04343680E4681688B42BB
:1003900083B0054623D023B113E9030083E80300AB
:1003A0006B68A3F10804A41BE41003F10801002CFE
:1003B0006960C8BF181F0BDD10F80C5C03F8085CFF
:1003C00050F8085D43F8045C013CA3F10803F3D145
:1003D000516813783370716003B0BDE8F083016831
:1003E0005B1ADB1049D1711ACC104FF0080948464E
:1003F000019212F087FF019A074600F1080817EBF7
:10040000C4041CBF92E8030084E803002C68A642E1
:1004100013D022463B461BB192E8030083E8030059
:100420000832964203F10803F5D10834C4EB0608FC
:1004300028F00708B84408F110086C68A64212D0EA
:10044000324643461BB192E8030083E803000832BA
:10045000944203F10803F5D106F10803E31A23F0EF
:10046000070308339844286808B1F2F763FC07EBE8
:100470000903AB6085E88001AEE75F00711ABB42FB
:100480004FEAE10402D96FF00709B0E7B7F1005F66
:10049000F9D24FEA03194FF00808002FAFD0A6E7B2
:1004A0002DE9F04790F8422022F01C022DED028B3E
:1004B00042F0100280F8422090F842209CB00023C5
:1004C00055060646039304938946059340F1BF8081
:1004D000A14A436B116893F85D20C96893ED137AC4
:1004E00091F8343012F0080FFFEE006AF7EE007A50
:1004F00008BFF0EE667ADC0767EE277A44BF9FED0F
:10050000977AC7EE877A5A2303A80CA98DF8303062
:10051000CDED0D7AFFF724FF736B039993ED158AE8
:100520000498884200F0838000238B4F0D930CAA1F
:10053000472303A88DF83030FFF724FF3B68DFED39
:10054000887ADB6893F83430D90728EE278A44BFCD
:10055000DFED827A88EE278A462303A80CA98DF85E
:1005600030308DED0D8AFFF7FBFE039B049CC3EB3F
:10057000040800225FEAE80806920792089240F019
:10058000C1809E46454605EB0803A645089306959F
:10059000079513D073462A461AB193E8030082E800
:1005A00003000833A34202F10802F5D10EF1080E50
:1005B000CEEB030323F0070308331D4406A90CA860
:1005C00040220795F4F712F8069808B1F2F7B2FB4B
:1005D0000CA96A4602A813F07FFC624A012306A810
:1005E00002A9FBF703FF029B5F4AA3F10C009042B4
:1005F00040F0A4803B68D868FAF776FA3B68D86880
:1006000090F8343002686FF3410380F8343006A963
:10061000536998473B6801219869F7F7EBFA3B6803
:10062000D868F7F76DFE06A8FBF7D8FD039896F893
:10063000423023F01C0343F00C0386F8423008B12B
:10064000F2F778FB1CB0BDEC028BBDE8F087446B81
:10065000D0F83880444568D09FED448A3E4FDFEDA6
:100660003F8A04F120054FF0010A04E02034A04540
:1006700005F1200543D0637F03F007030AFA03F373
:1006800013EA090FF2D0A1690029EFD0CA7A100746
:10069000ECD53046FEF76AFA0028E7D03B68617F68
:1006A000DB6815ED057A93F83420237F11F0080FED
:1006B000FFEE006AF7EE007A08BFF0EE667AD20726
:1006C00067EE277A2BD403A80CA98DF83030CDED36
:1006D0000D7AFFF745FEB4EE488AF1EE10FA21D606
:1006E000D4ED057AB4EE678AF1EE10FA04F1200435
:1006F000C8BFB0EE678AA04505F12005BBD10399BC
:1007000004980EE7B8F1005F24D24FEAC8084046CB
:1007100012F0F8FD049CDDF80CE0054633E7C7EE67
:10072000A87AD0E715ED038AA0E790F8423023F0CD
:100730001C0343F00C0380F8423083E753F8042C89
:10074000511E002A43F8041C3FF754AF01A913F0CF
:1007500029F94FE713F044FCC80200203333CB41A2
:10076000000070422C030020980500200000C07F8C
:100770002DE9F04FA24F3B689BB00546884698692B
:100780000121F7F737FA3B68D968CB6900260A964A
:100790008BB10A6A0A930B92143108A80222984777
:1007A0003B68DC68E36933B104F1140001460322BD
:1007B0009847E661266295F8429019F0400F0CBF09
:1007C0004FEAD9130123404658210093FBF724FD3B
:1007D000002800F0BB81009B002B40F0E9814FF026
:1007E00001096C6BD5F838B05C4500F0D881002663
:1007F0004FF0010A18E0617F01F00701052900F2BE
:10080000768295F843300AFA01F013F0010F46EAB8
:1008100000063B6840F0BD809FED7A0AD868F8F783
:10082000D9F82034A3450ED0A369002BF9D0B9F133
:10083000000FE0D04046217FFBF7EEFC0028DAD124
:100840002034A345F0D1002E00F0A9812C6CC4F314
:100850001104002C79D095F84330D90775D44FF0A6
:100860000108AA6B6B6B04F00701D31A0139B1EBD5
:10087000631F0DD201F01F0308FA03F3334207D0C0
:10088000052900F2348208FA01F12846FEF722FB1E
:100890003B6893F8A820920701D4E408E1D11A46F6
:1008A0000A9BD2F80C8000221592002B00F07E816A
:1008B0000B9A159313AC1692204608A9022298476A
:1008C000159B94E803000DF1300A8AE8030008F153
:1008D000140292E8030084E803009AE8030082E827
:1008E0000300D8F81CC0CDF854C0C8F81C30169AC4
:1008F000D8F820301693C8F82020BCF1000F03D0A0
:10090000204621460322E0473B6893F8A820910740
:1009100049D558680368540754BF3B493B499B6815
:1009200098476B6BA96B8B4206D05A7F6FF304120A
:100930005A7720339942F8D10A9B1BB108A8014687
:10094000032298471BB0BDE8F08F95F842309C0613
:1009500040F1AD816C6BD5F83880444518BF4FF03D
:10096000010A08D1A7E13B6893F8A820900796D424
:100970002034A04593D0637F03F007030AFA03F104
:100980000E42F0D0052B00F2B2812846FEF7A2FA03
:10099000E9E79FED1C1AD868BBEE0E0AF3EE0E0ACB
:1009A000F7F7E4FF3DE7009A92BB95F84320D107A3
:1009B0002ED46C6BD5F838904C4500F0B88004F11B
:1009C00020084FF0010A05E02034A14508F1200875
:1009D00000F0AD80617F01F007010AFA01F31E42C9
:1009E000F2D03B6818ED080A58ED077AD86830EE67
:1009F000270AF7F7EFFF637F43F010036377E3E71E
:100A0000C80200200000000004220308402203085E
:100A10006A6B95F8421092ED000AD2ED016AD2EDB0
:100A2000080A92ED097A92ED101AD2ED117A30EEA1
:100A3000260A70EE870A31EE271A4A068DED020A61
:100A4000CDED030A8DED041A40F11681DB6858687C
:100A5000036852469B6802A998473B689DED0C5A73
:100A6000DB68D5ED076A5868DDED0D5A95ED087A1B
:100A70009DED0E6AD5ED097A026875EE666A35EE6F
:100A8000C77A76EE677A00232146D46816931793C7
:100A900018931993CDED136A8DED147ACDED157A77
:100AA00005AAA0473B689DED050AD868DDED060A5A
:100AB0009DED071AF7F75AFF6B6B587F93F83D10BF
:100AC00093F85D2040F0100042F0100241F0100158
:100AD00083F85D20587783F83D10A86BC21A7F2AEF
:100AE00025D903244FF0010905E06B6B0134C21ACC
:100AF000B4EB621F1BD203EB441898F81D1001F0F1
:100B0000070109FA01F31E42EFD03B6898ED000A95
:100B1000D8ED017AD86830EE270AF7F75BFF98F82E
:100B20001D3043F0100388F81D30A86BDDE795F801
:100B300042305F0600F18B8095F843305C0700F18E
:100B4000BC8028463146FFF7ABFCF5E6404659210C
:100B5000FBF762FB00287FF43EAE40465A21FBF7CC
:100B60005BFB00287FF437AE40464121FBF754FB86
:100B700000287FF430AE40464221FBF74DFB0028B1
:100B80007FF429AE40464321FBF746FB009B81469C
:100B9000002B3FF426AE58B90122019213E03B68C6
:100BA0005449586803689B689847C5E613AC88E6C3
:100BB00040465821FBF730FB002800F089804FF0B9
:100BC0000109CDF80490696BA86B431A7F2B4FF095
:100BD00000062BD903244FF0010A10E09BF81D30CA
:100BE00003F00703052B00F282800AFA03F3696B16
:100BF000A86B1E430134431AB4EB631F16D201EBFA
:100C0000441BDBF81830002BF4D0B9F1000FE5D00D
:100C100040469BF81C10FBF7FFFA0028DED1696BF9
:100C2000A86B0134431AB4EB631FE8D3019B002B7C
:100C30003FF409AE9FED300A3B68F0EE400AD868F9
:100C4000B0EE401A46F00406F7F790FEFEE5700796
:100C50007FF572AE95F84330590733D528463146B3
:100C6000FFF71EFC95F843305B077FF565AE28461D
:100C70003146FEF735F85FE695F8432012F00102A1
:100C80007FF4E4AEC9090ED0D868169221461792B7
:100C9000189219928DED130ACDED140A8DED151AE7
:100CA000F7F73EFF08E7D868F7F760FE04E7284645
:100CB0003146FEF70FF93A68F2E528463146FEF76D
:100CC0000FF83EE76B6B9B69DB7A1A07C6D433E6F5
:100CD00040465921FBF7A0FA00287FF470AF404648
:100CE0005A21FBF799FA4FF0010901906BE703488D
:100CF00013F07FF9E821030800000000A8100308A2
:100D00002DE9F04F0B7A2DED028B5D078FB08846F1
:100D1000044603D54A681C2A00F098809A070FD52C
:100D2000D8F80020B2F5FA7F1DD00ED8CE2A00F0F8
:100D30009A80B2F5997F00F03381772A00F0D7804E
:100D40000FB0BDEC028BBDE8F08F40F299239A42C0
:100D500000F0A88040F29A239A4200F0E88040F226
:100D6000F7139A42ECD194F84230DB0900F022816B
:100D7000656BD8F80C906868D9F800A013F0A4FA55
:100D80000646686A0F4613F09FFACDE90001686CC9
:100D900013F09AFACDE9020132463B46DAF80850E0
:100DA000A4494846A84794F842305E0603D494F814
:100DB0004330DD0726D5E069D8F80C5013F084FAEB
:100DC0000646206AD5F800900F4613F07DFACDE96B
:100DD0000001606A13F078FACDE9020132463B4621
:100DE000D9F8086094492846B047636BD8F80C508E
:100DF000186C2E6813F068FAB66802460B4628464F
:100E00008E49B047D4ED017A94ED028AF5EE407A2E
:100E1000F1EE10FA04D1B5EE408AF1EE10FA8FD05F
:100E200017EE900A13F050FA044618EE100A0D4619
:100E300013F04AFAD8F80C603768CDE90001224671
:100E40002B46BC687E493046A04779E75B09062BF4
:100E500000F2D680DFE813F004018001750155012E
:100E60002401A3010F0194F84230DB097FF468AF3D
:100E7000656BA66BB54204D1D7E12035AE4200F0D8
:100E8000BB81AB694046002BF7D0297FFBF7C4F943
:100E90000028F2D04046297F0022FBF7D1F985EDEA
:100EA000010AEAE794F84230580604D494F8433033
:100EB000D9077FF545AF636B40465A211D6CFBF7A0
:100EC000ABF9002840F0AA80284613F0FDF9D8F8C5
:100ED0000C40024620680B4685685A492046A847C0
:100EE00098F8083043F0010388F8083028E75B09D8
:100EF00000F0A281012B40F08380A56AE06A854260
:100F00003FF41EAF29688A8840F202439A4200F0FB
:100F100056822B1D40F2024605E053F8041B8A88D6
:100F2000B24200F04C8298421D46F6D108E794F890
:100F300042305A0604D494F84330DB077FF500AF03
:100F400040465821FBF768F9002840F03B814046B5
:100F50005921FBF761F9002840F0468140465A21AB
:100F6000FBF75AF9002840F03581D4F82490E06965
:100F7000D8F80C5013F0A8F90646206A2C680F46E2
:100F800013F0A2F9CDE90001484613F09DF9CDE92F
:100F9000020132463B46A4682B492846A047CFE6CB
:100FA00094F84230DB097FF4CBAE20464146FEF791
:100FB000BBF9C5E6D8F80C00244903685B6998477B
:100FC000656BD4F838904D4513D0AB6973B1686840
:100FD000D8F80C6095F81CA0376813F075F9CDE9C6
:100FE00000015246BB681A49304698472035A9454A
:100FF000EBD1D8F80C00174903685B699847D2E633
:10100000154B1B6893F8A8305F077FF599AED8F8A9
:101010000C00124903685B69984791E640465A21E3
:101020000022646BFBF70CF910EE105A84ED100AE5
:101030004AE700BF0423030838230308602303089A
:1010400074230308A0230308B0230308DC22030849
:10105000F822030860410308C80200206C2203083C
:10106000A54B1B6893F8A830580770D52046414619
:10107000FEF734FA64E6456B866BB5423FF430AF59
:10108000AB699E4943B1D8F80C006B7F04682A7F96
:10109000A468C3F30013A0472035AE42F0D11FE788
:1010A0000025974B06930846582107930893099506
:1010B0000A950B950C95FBF7AFF8002840F0458298
:1010C00040465921FBF7A8F8002840F02F824046FF
:1010D0005A21FBF7A1F868B1002240465A21FBF7DC
:1010E000AFF8636B8DED080A93F85D2042F01002B3
:1010F00083F85D20804B1B6806A9D868F7F710FDC0
:101100001EE60846FBF708F9002840F07181636B82
:10111000A56BAB423FF414AE774E1C46A3699FED1E
:10112000790A53B1637F43F0100363773368617FBB
:10113000D86801F00701F7F74DFC2034A542EDD146
:10114000FEE56D4B1B6893F8A83059078ED52046F5
:101150004146FFF70DFBF3E5674B1B68DB68051D98
:10116000D3F80C11D3F80801D3F81021606069603E
:101170004046AA605821FBF74FF8002840F09381C1
:1011800040465921FBF748F800283FF4D9AD4046C6
:1011900059210022FBF754F884ED020AD0E50846F5
:1011A000FBF7BAF8002840F08681636BA16B8B4295
:1011B0003FF4C6AD5A7F6FF304125A772033994239
:1011C000F8D1BDE5404658210022FBF739F884EDFF
:1011D000070ABCE640465A210022FBF731F810EE20
:1011E000109A84ED090AC2E6404659210022FBF715
:1011F00027F884ED080AB1E6636BD4F838904B45C4
:1012000013D01C46A3696BB16068D8F80C50277FD7
:101210002E6813F059F8CDE900013A46B3683A490F
:10122000284698472034A145ECD1D8F80C0037491E
:1012300003685B69984783E5D4F834A0D4F8389004
:10124000CA4547D0DFF8DCB008F1100819E006AE57
:10125000009220212E4A2F4F304616F00FFE3146C5
:10126000202834BF02462022404612F035FD059B5F
:10127000A3F10C00B84240F027820AF1200AD145C0
:101280002AD0DAF818300EAD0121002BF5D0224B10
:1012900045F8243D9AF81C20284612F057FD9AF88C
:1012A0001D301E4913F0080F18BF5946042212F0D2
:1012B00013FDDAF81810059B8879C0F34002002A64
:1012C000C5D00D680A79296921FA02F2424002F07C
:1012D0000102BCE708F1100840461149052212F04E
:1012E000FBFCA36AD4F82CA053453FF429AD094F69
:1012F000994606AE05AD3FE0C8020020642203080F
:101300000000C07F00000000D0220308B0220308C4
:101310009022030898050020A40500205C22030801
:1013200088220308542203088A8840F202439A4222
:101330003FD091F806E0059B91F805C00879CEF3FF
:10134000400272BBCDF800C0019002922021B24A47
:10135000304616F093FD3146202834BF0246202245
:10136000404612F0B9FC059BA3F10C00B84240F0D6
:101370009F81CA453FF4E4ACD9F8003001219A7A44
:10138000284604AB12F004FB59F8041BCB7A1B0768
:10139000CAD5A2492846012212F09EFC59F8041C25
:1013A000C2E70A681269C2408EEA020202F0010234
:1013B000C8E72046FEF706F959F8041CB9E72046AD
:1013C000FEF700F92A689179C1F34003002B40F041
:1013D000C98006A82021924A16F050FD06A92028AF
:1013E00034BF0246202208F1100012F075FCA7E479
:1013F00040465821FAF710FF002840F0E7804046A9
:101400005921FAF709FF002840F0F28040465A219E
:10141000FAF702FF002840F0C580626BA36B9B1AAD
:101420005B11032B0CD9916F51B140464121FAF762
:10143000F3FE002840F0F880626BA36B9B1A5B11EF
:10144000042B0DD9D2F8981051B140464221FAF739
:10145000E3FE002840F0FF80626BA36B9B1A5B11D8
:10146000052B7FF66DACD2F8B830002B3FF468AC9A
:1014700040464321FAF7D0FE00283FF461AC694BA7
:101480001B68DD68002240464321FAF7D9FE284652
:101490000521F7F79FFA636B93F8BD2042F0100225
:1014A00083F8BD204CE4404658210022FAF7C8FEDC
:1014B00084ED010A64E640465821FAF7ADFE20B1FA
:1014C000636B5A7F6FF304125A7740465921FAF73B
:1014D000A3FE30B1636B93F83D206FF3041283F8E1
:1014E0003D2040465A21FAF797FE636B28B193F8E6
:1014F0005D206FF3041283F85D20A26BD31A5B1199
:10150000032B44D8042B36D8052B7FF619AC404664
:101510004321FAF781FE00283FF412AC636B93F885
:10152000BD206FF3041283F8BD2009E40022404679
:101530005921FAF785FE636B8DED070A93F83D207C
:1015400042F0100283F83D20C1E52A46404658216A
:10155000FAF776FE636B8DED060A5A7F42F01002B1
:101560005A77ADE510681379026922FA03F34B400C
:1015700003F001032DE740464221FAF74DFE002813
:1015800040F08B80A26B636BD31A5B11BCE74046C3
:101590004121FAF741FE002874D1A26B636BD31A84
:1015A0005B11AFE71F4B1B68DD68002240465A21E4
:1015B000FAF746FE28460221F7F70CFA626B92F81A
:1015C0005D3043F0100382F85D3027E7154B1B6850
:1015D000DD68002240465821FAF732FE28460021F5
:1015E000F7F7F8F9636B5A7F42F010025A7706E773
:1015F0000C4B1B68DD68002240465921FAF720FE9B
:1016000028460121F7F7E6F9636B93F83D2042F095
:10161000100283F83D20F9E69C2203089822030873
:10162000AC220308C80200202D4B1B68DD68002295
:1016300040464121FAF704FE28460321F7F7CAF98C
:10164000626B92F87D3043F0100382F87D30A36B1B
:101650009B1A5B11F4E6224B1B68DD6800224046B2
:101660004221FAF7EDFD28460421F7F7B3F9626B42
:1016700092F89D3043F0100382F89D30A36B9B1AC3
:101680005B11EDE6636B93F87D206FF3041283F832
:101690007D20A26BD31A5B1134E7636B93F89D2016
:1016A0006FF3041283F89D20A26BD31A5B112BE712
:1016B00053F8042C511E002A43F8041C3FF759AE7E
:1016C00004A912F06FF954E653F8042C511E002AB5
:1016D00043F8041C3FF7D1AD04A912F063F9CCE53F
:1016E000C80200208A8843F694439A4230B401D05D
:1016F00030BC7047028CCB889342F9D1CA680C7C0D
:10170000136090F83A30C5689560C3F3801044F0D8
:101710000103107130BC0B74704700BF8A8843F618
:1017200094439A4270B5044600D070BD028CCB88B9
:101730009A42FAD10B8948F22352934211D046F6CD
:101740001F329342F1D10B7CC86894F83A200068AC
:10175000E06042F0100243F0010384F83A200B7479
:1017600070BDCA6890F83A30167882690D7C52F8DC
:101770000C2C66F38613DBB243F0100345F0010531
:1017800080F83A300D74002ACFD1C36953F80C1C8D
:1017900001B170BD0368DB689847C6E710B4837A6F
:1017A0009A071DD54268017A146990F83A2024FA04
:1017B00001F14B4003F00103C2F3401199420FD0F5
:1017C00063F3451280F83A2073B1428C4FF68413CC
:1017D0009A4290F83A3016D043F0500380F83A30ED
:1017E00000205DF8044B7047418C42F6DF72914255
:1017F000F6D190F83A2063F38612D2B242F010028A
:1018000080F83A20ECE7C3F3801282F0010262F321
:101810008613DBB243F0100380F83A30E0E700BFF4
:1018200030B5C369144D154A02600446A3F10C009B
:10183000A84283B00AD1A369A3F10C00A84210D139
:101840002046F1F721FB204603B030BD53F8042CAD
:10185000511E002A43F8041CEDDC01A912F0A2F885
:10186000E9E753F8042C511E002A43F8041CE7DC76
:1018700001A912F097F8E3E798050020D8230308A0
:1018800030B5C369164D174A02600446A3F10C0037
:10189000A84283B00DD1A369A3F10C00A84213D1D3
:1018A0002046F1F7F1FA2046F1F744FA204603B05A
:1018B00030BD53F8042C511E002A43F8041CEADC06
:1018C00001A912F06FF8E6E753F8042C511E002A24
:1018D00043F8041CE4DC01A912F064F8E0E700BF5F
:1018E00098050020D823030810B5044601B110BDA7
:1018F00090F83A30DB09FAD1037C022B29D0032B74
:1019000018D0012B0AD094F83B2002F0010294F881
:101910003A3062F3861384F83A3010BD90F83B10E9
:10192000406901F00101F1F701FD94F83B2002F05C
:101930000102ECE790F83B30DFED107A406913F0DC
:10194000020FB7EE000A08BFB0EE670A0EF0E6FE1F
:10195000D9E7436990F83B209979880702F00102A2
:10196000D5D501F00101914219791B6814BF0120FE
:101970004FF4803000FA01F19961C8E700000000DF
:1019800038B504460D46F1F78FFA2046074B40F86C
:10199000043BF1F7D3FA064BA361E36104F12C0099
:1019A000F1F7CCFA2584204638BD00BFD8230308C0
:1019B000A405002090F828304D2B16D0472B01D0DD
:1019C000002070470B7AC3F38002002AF8D04968E0
:1019D000828C9142F4D190F83A2002F00F02B2EBDF
:1019E000531F14BF0020012070470B7AC3F340023D
:1019F000002AE5D00968828C9142ECD00020704723
:101A000090F829304D2B16D0472B01D0002070477D
:101A10000B7AC3F38002002AF8D04968C28C914245
:101A2000F4D190F83A2002F00F02B2EB531F14BF2A
:101A30000020012070470B7AC3F34002002AE5D052
:101A40000968C28C9142ECD0002070472DE9F04F1C
:101A500091B004AA039104466C49DFF8D0B106A8FE
:101A600012F03AFA182011F04DFC012306A9684A39
:101A70000646FAF7BBFC069BA3F10C00584540F064
:101A8000A180644D022128683246F0F763FA2EB136
:101A90003046FAF7A3FB3046F1F74CF900235E4FCE
:101AA000029398465D4B53F828A004AA514606A815
:101AB00012F012FA182011F025FC012306A9544A4D
:101AC0000646FAF793FC069BA3F10C00584508F173
:101AD000010940F08380286802213246F0F73AFA83
:101AE0002B6801219869F6F785F82EB13046FAF790
:101AF00075FB3046F1F71EF90FF006FC0646002292
:101B000028680321F0F726FA0FF0FEFB94F8323034
:101B1000801BB84294BF002001209A0706D40028F9
:101B2000EDD0B9F1060F3CD0C846BBE7E26A94F8A5
:101B300030101269CA405340DB07F0D50028F0D1BD
:101B40008DE80005029B364A06A8282116F096F972
:101B5000039B024606A903F1100012F0BDF804AA87
:101B6000304906A812F0B8F9182011F0CBFB012378
:101B700006A9274A0446FAF739FC069BA3F10C0094
:101B8000584537D1286802212246F0F7E3F92CB1F5
:101B90002046FAF723FB2046F1F7CCF811B0BDE858
:101BA000F08F029B0133022B029302DC4FF00009FD
:101BB000BAE705220092029B1B4A06A8182116F0DC
:101BC0005DF9C5E753F8042C511E002A43F8041CA4
:101BD0003FF757AF05A911F0E5FE52E753F8042C83
:101BE000511E002A43F8041C3FF775AF05A911F0F8
:101BF000D9FE70E753F8042C511E002A43F8041C48
:101C0000C0DC05A911F0CEFEBCE700BF202403080C
:101C10002C030020C8020020A0860100082403082D
:101C200024240308C8480308382403089805002022
:101C30002DE9F8432DED028B04460E46FFF7BAFE60
:101C4000054640B920463146FFF7DAFE18B9BDEC2B
:101C5000028BBDE8F88394F83B301B0743D4F5B101
:101C6000237C012B00F08F80032B00F0C080022B1F
:101C7000EDD163699A7991070AD512F0010F1A79AB
:101C80001B680CBF01214FF4803101FA02F29A6106
:101C900094F83A3043F0400384F83A30D7E72046CE
:101CA0003146FFF7ADFE0028D1D094F83A20237CCE
:101CB00065F38612012B84F83A2000F0C180032BD3
:101CC0001FD0022BC3D163699A799107BFD512F057
:101CD000010F1A791B6814BF01214FF4803101FAFA
:101CE00002F29A61B3E7904F3B6801219869F5F7DA
:101CF00081FF20463146FFF75DFE0546002DCED020
:101D0000AEE794F83B30DFED897A606913F0020F9B
:101D1000B7EE000A08BFB0EE670A0EF0FFFC94F8B9
:101D20003B305F0793D50FF0EFFA7F4FDFF8089253
:101D300065638046002238680321F0F70BF90FF045
:101D4000E3FA94F83230C8EB0000484594BF002213
:101D500001229D0709D4002AECD0BDEC028B20465D
:101D60003146BDE8F843FFF771BEE16A94F83000F0
:101D70000969C1404B40D807EDD5002AEDD1BDEC33
:101D8000028BBDE8F88330465321FAF745FA002864
:101D90005ED0532100223046FAF752FA6069B0EE65
:101DA000408AF1F7C1FA07EE900AB8EEE70ADFEDD4
:101DB000607A28EE000A80EE270A13F079F860694D
:101DC0000369BDEEC00A10EE105A9D423FF43FAFCA
:101DD00010EE101AF1F78EFA94F83A30002DD4BFB5
:101DE0000025012565F3861384F83A302FE7304645
:101DF0005321FAF711FA002843D194F83B305D07DC
:101E000003D594F83920002A71D1980794ED030A7C
:101E1000606944BFF7EE007A37EEC00A0EF07EFC30
:101E2000D4ED037A94F83A30F5EE407AF1EE10FAF8
:101E30000CBF0022012262F3861384F83A3006E7D1
:101E4000BDEC028B60692946BDE8F843F1F76EBA34
:101E5000D4ED037A6069FDEEE77A17EE901AF1F798
:101E600049FAD4ED037A94F83A30F5EEC07AF1EEFF
:101E700010FAD4BF0022012262F3861384F83A30AC
:101E8000E5E6304653210022FAF7DAF9DFED297A48
:101E9000B4EEE70AF1EE10FA26DCB5EEC00AF1EE78
:101EA00010FA3DD4B5EE400A80EE270AF1EE10FAA2
:101EB0000CBF0025012594F83B3060699F0744BFA3
:101EC000F7EE007A37EEC00A0EF028FC94F83A30AC
:101ED00094F83B2065F38613560784F83A307FF573
:101EE000B6AE00236363B2E6B7EE000AE3E70FF095
:101EF0000BFA90B16063BDEC028B94F83B309FED20
:101F00000B0A606913F0020FF7EE007A08BFB0EE1B
:101F1000670ABDE8F8430EF001BC01236363EAE7FA
:101F20009FED020A0025C6E7C8020020000000005D
:101F300000007F430000C842A086010030B585B094
:101F40000F4C039403A8154611F045FF0D4B029565
:101F5000186802AA0121EFF7FDFF039B0C3CA3F1D7
:101F60000C00A04201D105B030BD53F8042C511E25
:101F7000002A43F8041CF6DC01A911F013FDF2E776
:101F8000A4050020C802002010B590F83A30D90608
:101F900082B0044616D55A061CD5836953F80C3C0A
:101FA000002B59D1237C012B00F0B280032B00F0D1
:101FB0008980022B00F0B68094F83A306FF3041356
:101FC00084F83A3094F83B305A0701D5636BEBB98B
:101FD00002B010BDC36953F80C3C002B57D1237CD1
:101FE000012B00F09080032B7ED0022BE4D163699B
:101FF0009A799107E0D512F0010F1A791B6800F069
:102000009C80012101FA02F29A61D5E70FF07CF978
:10201000636B94F839204FF47A71C01A01FB02F215
:102020009042D5D994F83830DFED477A606900EEF8
:10203000103AB8EEC00A94F83B3080EE270A9B07AE
:102040004FF00002626344BFF7EE007A37EEC00A39
:102050000EF064FB02B010BD04F1180101A811F0EC
:10206000AEFE2046394A01A9FFF768FF019B384AB6
:10207000A3F10C00904295D053F8042C511E002A75
:1020800043F8041C8EDC694611F08CFC8AE704F1ED
:102090001C0101A811F093FE20462C4A01A9FFF76C
:1020A0004DFF019B2A4AA3F10C00904297D053F8B0
:1020B000042C511E002A43F8041C90DC694611F0E0
:1020C00071FC8CE7DFED207A94ED030A94F83B3045
:1020D000606980EE270A9B0744BFF7EE007A37EE6F
:1020E000C00A0EF01BFB67E794F83B30DFED197A6E
:1020F000606913F0020FB7EE000A08BFB0EE670A7E
:102100000EF00CFB58E760690021F1F70FF953E777
:10211000D4ED037A6069FDEEE77A17EE901AF1F7D5
:10212000E9F849E763699A7990077FF545AF12F0BE
:10213000010F1A791B683FF464AF4FF4803101FA44
:1021400002F29A6138E700BF0000C8422C03002069
:1021500098050020000000002DE9F04FBE4E028CD3
:10216000336893B0044643F69441586945F2D92345
:10217000EEF7B8FB0DF1280808AA0546B749404616
:1021800011F0AAFE28464146EFF768F80CAD01466B
:102190002846EFF737F8201D2946F0F755FF8379D9
:1021A0009F0709D50279036852001968032000FAD5
:1021B00002F221EA02021A600C9BA94FA3F10C0063
:1021C000B84240F017860DF124090A9BA3F10C00D8
:1021D000B84240F079853368228C586943F69441BF
:1021E0004DF6E763EEF77EFB0021EFF727F8EEF7F9
:1021F000ABFFBCEEC00A94F83A303168228C4869D3
:1022000010EE10EA6EF3030343F6944184F83A307B
:1022100048F2B043EEF766FB4A46824691492846AB
:1022200011F05AFE29465046EFF718F8014605A866
:10223000EEF7E8FF0C9BA3F10C00B84240F03785A5
:102240003368228C586943F6944143F60F53EEF7F6
:1022500049FB4A4682468349284611F03DFE2946FD
:102260005046EEF7FBFF014606A8EEF7CBFF0C9BAE
:10227000A3F10C00B84240F00D853368228C5869F8
:1022800043F6944140F23263EEF72CFB08AA8246F3
:102290007449404611F020FE50464146EEF7DEFFFD
:1022A00004F1180A01462846EEF7ACFF50462946CD
:1022B00011F063FA0C9BA3F10C00B84240F0DD84EE
:1022C0000A9BA3F10C00B84240F0CA843368228C08
:1022D000586943F6944144F29003EEF703FB08AAD1
:1022E00083466049404611F0F7FD41465846EEF7F7
:1022F000B5FF04F11C03014628460393EEF782FF65
:102300000398294611F039FA0C9BA3F10C00B8424E
:1023100040F099840A9BA3F10C00B84240F08684F7
:102320003368228C586943F6944149F29823EEF7BA
:10233000D9FA0021EEF782FFEEF76AFF94F83A30FF
:102340003168228C60F3861384F83A30486944F689
:10235000D66343F69441EEF7C5FA4A4683464249AE
:10236000284611F0B9FD29465846EEF777FF014699
:1023700007A8EEF747FF0C9BA3F10C00B84240F012
:10238000B0843368228C586943F694414DF62E632D
:10239000EEF7A8FA0021EEF751FFEEF7D5FEBCEEFE
:1023A000C00A94F83B30228C10EE10EA6EF3000362
:1023B00084F83B30306849F2CD1343F694414069CC
:1023C000EEF790FA0021EEF739FFEEF721FF94F8CF
:1023D0003A303168228C60F3C71384F83A30486988
:1023E0004EF68C6343F69441EEF77CFA4A468346F8
:1023F0001E49284611F070FD29465846EEF72EFF7B
:10240000014608A8EEF7FEFE0C9BA3F10C00B842B3
:1024100040F08C84154908A811F054FA4FF6841E38
:102420003368228C42F6DF71002814BF70460846DC
:10243000608443F69441586948F2E743EEF752FA54
:102440000021EEF7FBFEEEF7E3FE94F83B30228C22
:1024500060F382030CE000BFC8020020EC0F030809
:1024600098050020283F03084C2403085024030843
:1024700084F83B30336843F69441586945F6370396
:10248000EEF730FA3221EEF7D9FEEEF75DFEBCEE44
:10249000C00A336810EE102A84F838205869228C5C
:1024A00047F6211343F69441EEF71CFA0A21EEF7A2
:1024B000C5FEEEF749FEBCEEC00A336810EE102AE6
:1024C00084F839205869228C4FF62C6343F69441E6
:1024D000EEF708FA0021EEF7B1FEEEF799FE94F858
:1024E0003B3060F3C303590784F83B3000F1D581DA
:1024F00007A8914911F0E6F9002840F027814FF034
:10250000010C84F810C01C20CDF804C010F0FAFEB5
:102510008346F0F7D9FE3368C4F814B05869228CAA
:1025200043F6944144F65B13EEF7DCF904AA034644
:1025300082490293404611F0CFFC029B4146184667
:10254000EEF78CFE01462846EEF75CFE0BF1040028
:102550002946F0F779FD8379DDF804C013F0020F06
:1025600040F0E3810C9BA3F10C00B84240F03A83A9
:102570000A9BA3F10C00B84240F0C08363699A7AC9
:10258000C2F34001920740F17A8194F83B20587AD7
:10259000197AD30700F12981F0F7A8FC237C012BDD
:1025A00000F02981032B00F09282022B00F0CC82F4
:1025B0000022059B84F8282084F8292053F80C3C3D
:1025C000002B40F09281069B53F80C3C002B40F00E
:1025D0007781A37A9A074CD56268207AD2F810E006
:1025E00094F83A2031682EFA00F0434063F3451224
:1025F00084F83A201820D1F824B010F083FE02901D
:10260000EEF7D4FE4E494F4A0968029B0C93890BA2
:10261000A2FB01E2520900EE102AB8EEC00A12F045
:10262000A3FB029B48495C60BDEEC00A002283ED1B
:10263000040A0B920A9198E8030003F1080282E869
:10264000030083ED050A72B6DBF81030632B40F20D
:10265000EB81DBF80830DBF80C20934200F09C8221
:102660000C9A13B11A60DBF808300433CBF8083049
:1026700062B6237C012B00F0E781A56955F8043C84
:10268000002BC0F20881504611F0F2F9A56955F807
:10269000043C002BC0F2FF80504611F0E9F9A36919
:1026A00053F80C1C19448D4209D02B46202013F8F6
:1026B000012B5F2A08BF03F8010C8B42F7D1E569B3
:1026C00055F8043C002BC0F2E480039811F0D0F9D7
:1026D000E56955F8043C002BC0F2DB80039811F04B
:1026E000C7F9E36953F80C1C19448D4209D02B46F5
:1026F000202013F8012B5F2A08BF03F8010C8B423E
:10270000F7D1089BA3F10C00B84240F01C83079B53
:10271000A3F10C00B84240F02283069BA3F10C0009
:10272000B84240F02883059BA3F10C00B84240F06A
:102730003D8313B0BDE8F08F4C240308EC0F030871
:10274000D00100201F85EB519D17010807A8BA4949
:1027500011F0B8F8002840F0898002232374082083
:1027600010F0D0FD8346F0F7E9FB3368C4F814B0ED
:102770005869228C43F6944144F65B13EEF7B2F8A5
:1027800004AA0346AD490293404611F0A5FB029B03
:1027900041461846EEF762FD01462846EEF732FD47
:1027A00029465846F0F750FC8379990700F1CA8012
:1027B0000C9BA3F10C00B84240F004830A9BA3F1E8
:1027C0000C00B84240F00A8363699A79C2F3400270
:1027D0005FFA82FBBBF1000F00F0C48094F83B204D
:1027E00058791979D2077FF5D7AEF0F76BFB237CC8
:1027F000012B7FF4D7AE3368228C5869D4F814B01B
:102800004CF6FB3343F69441EEF76CF8FF21EEF7FC
:1028100015FDEEF799FCBDEEC00A584610EE101AF1
:10282000F0F774FD3368228C586943F6944147F6FB
:102830009403EEF757F883466069F0F775FD01469B
:102840005846EEF7FBFCEEF77FFC94F83A1084ED67
:10285000030AC1F380116069002900F08B81BDEE8D
:10286000C00A10EE101AF0F745FDA1E607A874495A
:1028700011F028F800287DD00023237498E62174F5
:1028800023B11A68184653689847237C0022626176
:1028900085E62B4626E72B4602E76A494A46284644
:1028A00011F01AFB04F12C002946F0F753FB0C9BA6
:1028B000A3F10C00B84240F02D820023636317E6B9
:1028C000012306A928460022F9F790FD9DF838302B
:1028D000580724D4990704D54D220C9B84F829204D
:1028E000E3842846F9F77AFC73E6012305A9284614
:1028F000F9F77CFD9DF838305A070AD49B0704D5B8
:102900004D220C9B84F82820A3842846F9F766FC06
:1029100059E647220D9B84F82820A384F5E7472237
:102920000D9B84F82920E384DBE7027903685200D9
:1029300019680320904021EA00010CFA02F20A43D0
:102940001A600FE602790368520019684FF0030E0F
:102950000EFA02FE012021EA0E0100FA02F20A43F9
:102960001A6025E718462274F0F7E4F9C4F814B0A9
:10297000237C14E64FF0030C84F810C00820CDF837
:1029800004C010F0BFFC8346F0F7D8FA3368228CFD
:10299000586943F6944144F65B13EDF7A3FF04AA8C
:1029A000034626490293404611F096FA029B41469F
:1029B0001846EEF753FC01462846EEF723FC58462E
:1029C0002946F0F741FB8379DDF804C013F0020FCC
:1029D00040F0E8800C9BA3F10C00B84240F01A8153
:1029E0000A9BA3F10C00B84240F008815846F0F76A
:1029F000D7FB60619BF8062094F83B3062F34103FB
:102A000084F83B30DB079BF805009BF8041000F1CD
:102A1000D780F0F76BFA5846F0F78CF96369002B12
:102A200000F0D680237CBAE56421CBF8101058461C
:102A3000F0F78AFD0DE600BF64240308EC0F0308DD
:102A40006C2403085C2403083368D4F814B05E6A6D
:102A5000182010F057FC8046EEF7A8FCCC4ACD4B6E
:102A60001268CDF82480920BA3FB02039B0900EEB1
:102A7000103AB8EEC00A12F077F9BDEEC00AC649A6
:102A8000C8F804B0002388ED040A0D930C9195E872
:102A9000030008F1080383E8030088ED050A72B615
:102AA0003369B3F57A7F05D24FF47A7131613046DC
:102AB000F0F74AFDB368F268934200F08480099A07
:102AC0000BB11A60B3680433B36062B6D5E53368FE
:102AD000228C586943F694414AF27A03EDF702FFDB
:102AE0001421EEF7ABFBEEF72FFBDFEDAC7A60695C
:102AF00020EE270ABDEEC00A10EE101A0DF064FE9B
:102B00003368228C586943F6944147F69403EDF7F5
:102B1000E9FE0021EEF792FBEEF716FB94F83A304F
:102B200084ED030A5A0628D5DFED9D7A94F83B30F0
:102B3000606980EE270A9B0744BFF7EE007A37EE04
:102B4000C00A0DF0EBFD33E5636994F83A109A7909
:102B50009007C1F380117FF52BAD02F001028A428C
:102B60001A791B6814BF01214FF4803101FA02F277
:102B70009A611DE5F0F7DAFB1AE594F83B30DFEDDA
:102B8000897A606913F0020FB7EE000A08BFB0EE51
:102B9000670A0DF0C3FD0BE50BF104002946F2F7BF
:102BA000C5F965E502790368520019680CFA02FC60
:102BB000012021EA0C0100FA02F20A431A6009E737
:102BC000F0F780F927E7301D4946F2F7AFF97CE7C7
:102BD0003268754950680268526902939047029BB7
:102BE0002374E5E453F8042C511E002A43F8041C16
:102BF0003FF7BEAC494610F0D5FEB9E453F8042CBB
:102C0000511E002A43F8041C3FF7F0AE294610F08D
:102C1000C9FEEBE653F8042C511E002A43F8041CAD
:102C20003FF7DEAE494610F0BDFED9E653F8042C5E
:102C3000511E002A43F8041C3FF772AB294610F0DE
:102C4000B1FEFFF76DBB53F8042C511E002A43F868
:102C5000041C3FF75FAB494610F0A4FEFFF75ABBD8
:102C600053F8042C511E002A43F8041C3FF72EABE6
:102C7000294610F097FEFFF729BB53F8042C511E8C
:102C8000002A43F8041C3FF71BAB494610F08AFEAC
:102C9000FFF716BB53F8042C511E002A43F8041CFE
:102CA0003FF7EBAA414610F07DFEFFF7E6BA53F876
:102CB000042C511E002A43F8041C3FF7C1AA4146C8
:102CC00010F070FEFFF7BCBA53F8042C511E002A16
:102CD00043F8041C3FF77FAA294610F063FEFFF774
:102CE0007ABA53F8042C511E002A43F8041C3FF70B
:102CF00048AB414610F056FEFFF743BB53F8042C97
:102D0000511E002A43F8041C3FF738AC294610F046
:102D100049FE33E453F8042C511E002A43F8041CE6
:102D20003FF7CBAD414610F03DFEC6E553F8042C0D
:102D3000511E002A43F8041C3FF76CAB414610F0CB
:102D400031FEFFF767BB53F8042C511E002A43F8ED
:102D5000041C3FF7DCAC494610F024FED7E453F8DE
:102D6000042C511E002A43F8041C3FF7D6AC4946F8
:102D700010F018FED1E453F8042C511E002A43F839
:102D8000041C3FF7D0AC494610F00CFECBE400BF6A
:102D9000D0010020D34D62105D33000800007A445A
:102DA0000000C842000000007424030853F8042CFB
:102DB000511E002A43F8041C3FF7BBAC494610F0F3
:102DC000F1FDB6E453F8042C511E002A43F8041C0C
:102DD0003FF7F4AC494610F0E5FDEFE453F8042C5E
:102DE000511E002A43F8041C3FF7EEAC294610F0B0
:102DF000D9FDE9E453F8042C511E002A43F8041CC1
:102E00000DF124093FF7E1A9494610F0CBFDFFF78A
:102E1000DCB900BF90F83A306FF3041310B502210B
:102E2000044680F83A30F0F745F820460021F0F7E4
:102E300041F820460521F0F73DF820460621F0F73D
:102E400039F820460721F0F735F820462146BDE83D
:102E50001040FFF781B900BF2DE9F0411E4D2B68EE
:102E600084B000245869019401A943F69442029465
:102E70000394EDF7E9FC0198029B1B1A5B0825D02F
:102E80002E4606E00198029B01341B1AB4EB630F37
:102E90001CD22B6830F81420586943F6944147F24D
:102EA0006933EDF71FFDEEF7B3F90028EAD0019B77
:102EB0003C2033F8148010F025FA41460746FEF70F
:102EC0005FFD39463068EFF73FF8DBE708B1EFF711
:102ED00031FF04B0BDE8F081C8020020014B03605F
:102EE000704700BF08250308704700BFBFEE000A07
:102EF000704700BF0020704700207047704700BF38
:102F0000704700BF014B0360704700BF08250308EE
:102F100010B5034B03600446EFF70CFF204610BDCD
:102F20000825030810B5034B03600446EFF702FFC2
:102F3000204610BD082503082DE9F0411E4C2568E8
:102F400082B04FF248530646686917468846EDF747
:102F5000C9FCEEF7E7F8351D014601A8EEF752F976
:102F6000284601A9F0F770F8019B144AA3F10C0060
:102F7000904216D123683A464146586943F2893354
:102F8000EDF7B0FC0021EEF759F9EEF7DDF8236814
:102F900086ED030AD86A2946EDF778FA02B0BDE853
:102FA000F08153F8042C511E002A43F8041CE1DC84
:102FB000694610F0F7FCDDE7C80200209805002004
:102FC0001D4B1B6810B5011D0446D86AEDF7B4FB14
:102FD00040F6FE73984227D807EE900AF8EEE77A9B
:102FE00017EE900A11F070F911A3D3E9002311F044
:102FF000E9FA11F077FC94ED030A07EE900A37EE38
:10300000C00AD4ED057AF4EEC07AD4ED047AF1EE7C
:1030100010FAF4EEC07A48BF84ED050AF1EE10FA1A
:10302000C8BF84ED040A10BD11F00AFFE9E700BF34
:10303000D245175D74D11840C8020020AFF300805C
:10304000F0B5214D2DED028B2B6885B00446011D96
:10305000D86AEDF771FB07EE900AF8EEE77A0646BC
:1030600017EE900A11F030F915A3D3E9002311F0FF
:10307000A9FA11F037FCD4ED038A2B6807EE900A09
:1030800037EEE88A5D6818EE100A11F01DF92F6816
:10309000CDE9000118EE900A11F016F9CDE9020110
:1030A00032460A49BE68284640F6FF73B04784EDB1
:1030B000058A84ED048A05B0BDEC028BF0BD00BF2B
:1030C000D245175D74D11840C80200202825030896
:1030D00010B5064B044640F8043BEFF72FFF044AB7
:1030E000226100236361204610BD00BF60250308F4
:1030F00000C0794410B504460069054B236010B147
:1031000003685B689847034B2360204610BD00BFEF
:10311000902503080825030810B504460069064BEE
:10312000236010B103685B689847044B2360204616
:10313000EFF700FE204610BD902503080825030880
:10314000037943F0010370B4037172B6846D426D6C
:10315000416D836DA21A9942CCBF1023002362B641
:103160001344002B43D0DFED237A002400F1140533
:1031700072B6866D426D436D816DB21A8B42CCBFC3
:103180001023002362B613449C421CDA436D826D07
:1031900093420CD05CB1002201E0944207D001338D
:1031A000816D03F00F038B4202F10102F5D1826DB4
:1031B000934214BF05EB8303002393ED007A01349F
:1031C00077EE877AD4E772B6846D426D416D836D78
:1031D000A21A9942CCBF1023002362B6134407EE13
:1031E000103AB8EEC70A70BC87EE800A704770BC10
:1031F00011F026BE0000000010B52DED028B037902
:10320000DB07044602D4BDEC028B10BD837B98071C
:103210000AD513F0010F227BA36814BF01214FF4DC
:10322000803101FA02F29A6101200FF021F8206941
:10323000036800219B689847A37B99070AD513F080
:10324000010F227BA3680CBF01214FF4803101FAEA
:1032500002F29A61C20740D4C0F38D0083042FD4D8
:10326000C0F30C0008EE100ABAEECF8A72B6A06D59
:10327000626D636DA16D821A8B42CCBF1023002357
:1032800062B613440E2B04DD636D013303F00F03AC
:103290006365B0EE480A11F0B7FD012809D0A26DB0
:1032A000A36D013304EB820203F00F0382ED058A64
:1032B000A365BDEC028B23796FF30003237110BD6E
:1032C000C043C0F30C00013008EE100AB8EEC88A03
:1032D000FDEE007A28EE278AC8E711F0B1FDB0EEC6
:1032E000408AC3E72DE9F043464D474E2F6885B02D
:1032F00042F62F030446786990460F46EDF7F2FA3E
:103300006A468146414902A810F0E6FD02A94846F6
:10331000EDF7A4FF014603A8EDF774FF04F10800E0
:1033200003A9EFF791FE039BA3F10C00B04253D128
:10333000029BA3F10C00B04259D1A37B9A0717D589
:10334000227B13F0010F08BF0121A36818BF4FF4BF
:10335000803101FA02F29A61227B1E685200032139
:103360009140012026EA010100FA02F20A431A60A4
:103370002B6842463946586945F28873EDF7B2FA30
:103380000021EDF75BFFEDF7DFFEBDEEC00A20691F
:1033900010EE103A002B14BF07260F2614BF4FF073
:1033A00009084FF0120814BF0827112710B103684D
:1033B0005B68984734200FF0A5FF414605463A4622
:1033C00033460FF083F825612846102100220FF0C4
:1033D000B5F805B0BDE8F08353F8042C511E002A5F
:1033E00043F8041CA4DC01A910F0DCFAA0E753F8B0
:1033F000042C511E002A43F8041C9EDC03A910F083
:10340000D1FA9AE7C8020020980500208025030819
:1034100010B5084B044640F8083BEFF78FFD2279C2
:10342000002342F00102A3652271236163652046F7
:1034300010BD00BF9025030843682BB190F84C30B5
:1034400043F0020380F84C30836C323383640020F5
:10345000704700BF10B5034B03600446EFF714FD3F
:10346000204610BDB825030810B5054B036004467F
:10347000EFF70AFD2046EFF75DFC204610BD00BFC8
:10348000B825030810B50446EFF70EFD94F84C205C
:10349000074B2360002363F34102C82184F84C20CA
:1034A00063602363E360A3646162204610BD00BFD4
:1034B000B825030838B5044640684FF07C532DED1D
:1034C000028B30306361B0EE408A0D46EFF72CFF7F
:1034D00007EE100A226BF8EEC77A0023C4ED107ACB
:1034E000A362A36412B110460FF036FF606A013088
:1034F000B0F1FE5F94BF80004FF0FF300FF000FF8F
:1035000063682063002103F13000EFF70FFF636869
:10351000E06800229A6084ED028A256108B10FF00C
:103520001BFFB5F1FE5F94BFA8004FF0FF300FF016
:10353000E7FE002DE06007DD0346002200EB850179
:1035400043F8042B8B42FBD1BDEC028B94F84C204A
:10355000002302F0FE0263F3820284F84C20E3624F
:103560006363636438BD00BF436810B50446A3B10C
:10357000002203F130009A600021EFF7D7FEE068E7
:103580000023636008B10FF0E7FE206B0023E360C7
:1035900008B10FF0E1FE0023236310BD2DE9F043D5
:1035A0000B7A2DED028B9B0783B00E46074607D59D
:1035B0000B68B3F5987F5BD040F22F12934204D092
:1035C00003B0BDEC028BBDE8F08308464521F8F757
:1035D00023FE0028F4D0304645210022F8F730FEC3
:1035E000BDEEC00A4AF6164010EE108A43F235715D
:1035F0001FFA88F201ABEFF701FE002840D0019BD3
:103600001B687B6030465321F8F706FE00285CD12A
:103610009FED398A30464321F8F7FEFD002848D156
:10362000082430464221F8F7F7FD002839D130460A
:103630004C21F8F7F1FD002829D1F0687B68026879
:10364000DB6C95682D494246A8473846B0EE480ADB
:103650002146FFF72FFFF0687A680368D26C9D68F7
:1036600027492346A84703B0BDEC028BBDE8F08391
:10367000FFF77AFFF068234903689B6898479FE744
:10368000F0682149036842469B68984798E73046AE
:103690004C210022F8F7D4FDBDEEC00A87ED090ADF
:1036A000CBE7304642210022F8F7CAFD87ED050A34
:1036B000BDE7304643210022F8F7C2FDBDEEC00A47
:1036C00010EE104A072CABDDABE730460022532149
:1036D000F8F7B6FD10EE100AB0EE408A10F0F4FDD7
:1036E000D6F80C900246D9F800000B46D0F808C076
:1036F00006494846E0478DE7000016434026030888
:1037000070260308E825030800260308302603086E
:103710002DE9F047D0ED107ADFF8BC9177EEA77A6B
:103720002DED028BB1EE007A27EE877A86B08046C7
:1037300017EE100A10F0C8FD98ED0E7AD8ED0F7A4A
:1037400077EE677A044617EE900A0D4610F0BCFD3E
:103750005FA3D3E9002310F00BFE02460B46204680
:10376000294610F02FFF11F0BDF8D8F81810D8F83E
:103770001C20DFED517AD9F800308A1A08EE102AA1
:10378000B8EE488AD3F804A088EE278A08EE900A9B
:1037900010F09AFD044618EE100A0D4610F094FD44
:1037A00006460F46DAF800304449CDE90067224664
:1037B000D3F808C050462B46E0473DA3D3E9002389
:1037C0002046294610F0D4FD11F08CF82946824697
:1037D0004FF0333220463A4B10F0CAFD32463B469A
:1037E00010F0F0FE11F07EF868EE888A054618EEBB
:1037F000900A10F069FD4FF03332324B10F0B8FDF3
:1038000011F070F8D9F80030044650465E6810F0A8
:103810005BFD024628460592049110F055FD37687D
:10382000CDE90001204610F04FFDCDE90201059AD7
:10383000049B2549BF683046B847D8F8040000EE1D
:1038400010AA00F01FFED8F8040000EE105A00F095
:103850001DFE00EE104AD8F8040000F01FFED9F853
:1038600000301A49586803689B689847D8F80430B4
:10387000002203F130009A600021EFF757FDD8F8DD
:103880000C000023C8F8043008B10FF065FDD8F82B
:1038900030000023C8F80C3008B10FF05DFD0023A4
:1038A000C8F8303006B0BDEC028BBDE8F08700BF31
:1038B000333333333333E33F00007A44A82603081D
:1038C0003333F33F3333B33FBC260308E826030802
:1038D0006E861BF0F9210940C8020020AFF300807A
:1038E0002DE9F0432DED028B90F84C30990787B00D
:1038F000064640F1908090F84C3040686FF34103E9
:1039000086F84C30002800F086803269736B934251
:1039100080F2868000F0CAFC96ED027AD6ED057A38
:1039200077EE276AB0EE408AB4EEE60AF1EE10FABE
:1039300000F3B08077EE677AB4EEE70AF1EE10FAA2
:103940007DD4B36CAC4AA2FB031292094FF47A7196
:1039500001FB1233002B7FD096F84C50C5F3800545
:10396000002D58D0746A631E00F1A880376B621C6A
:10397000012107EB82020846013B52ED027A30B189
:10398000B4EEE78AF1EE10FAD4BF0020012031B185
:10399000B4EEE78AF1EE10FA54BF00210121B3F131
:1039A000FF3F62ED017AE7D1B36A87ED008A9C425E
:1039B00000F38B80002800F08B80D6ED0E7AF36A3E
:1039C000B4EEE78AF1EE10FAC8BF86ED0E8A002B3E
:1039D00000F09C80013340F0058196F84C20B369DB
:1039E000F36142F00102012386F84C20F362726B0E
:1039F000F368B16CB16103EB820383ED008A1DB102
:103A0000776B032F00F3888096F84C30B26C6FF31D
:103A1000000386F84C3007B0BDEC028BBDE8F083A4
:103A2000764B77491B68586803689B68984730460F
:103A300007B0BDEC028BBDE8F043FFF769BED6EDE1
:103A4000107A7068FDEEE77A303017EE901AC6ED06
:103A5000117AEFF74FFC74E7684B1B6818EE100AF9
:103A60005F6810F031FC0446B068D7F800800D465E
:103A700010F02AFCCDE90001736C716B326904927D
:103A800002930391224638462B46D8F808405D49F8
:103A9000A04761E77068002130307164EFF746FCA1
:103AA00096F84C305A073FF54CAF43F0040386F8C4
:103AB0004C3086ED0E8A86ED0F8A42E7B36A326B90
:103AC0009C4282ED008A7FF778AF0133B362A2E7B0
:103AD000B9B1D6ED0F7AF36AB4EEE78AF1EE10FAD7
:103AE00048BF86ED0F8A002B6DD14FF0FF33F36294
:103AF000736B32699A42C2BFF26802EB830383EDB3
:103B0000008A96F84C5005F0010578E796F84C507D
:103B100001231D40F3626AE707F18043013BF1682E
:103B200036489B001A1F0A440B44D2ED007A52ED2E
:103B3000016A93ED007A036837EE677A77EEE67AEA
:103B4000B0EEC77AF0EEE77A37EE277AF6EE007A33
:103B500067EE277AD3F8048017EE900A10F0B4FBD2
:103B60000446B06BD8F800900D4610F0ADFBCDE9DF
:103B70000001F06B10F0A8FBCDE90445CDE902018E
:103B80003A46D9F80830204940469847736B032BD2
:103B90007FF73AAF96ED0E7AD6ED0F7A77EE677A29
:103BA00017EE900A10F090FB11A3D3E9002310F058
:103BB000DFFB02460B462046294610F04BFE00284C
:103BC0003FF422AF33E7012B736B92D196F84C1080
:103BD000013341F001014FF0FF32736386F84C105E
:103BE000F26286E796F84C5005F00105FFE600BF4B
:103BF0009A9999999999A93FD34D6210C8020020CA
:103C000058270308B8270308E4270308AFF3008008
:103C100070B590F84C30294A6FF34103126880F870
:103C20004C3084B005461820546A0FF06BFB0646F2
:103C3000EDF7BCFB224B234A1B6801969B0BA2FBB2
:103C400003131B0900EE103AB8EEC00A11F08CF80D
:103C50001D4B02930023039304AB13E90300BDEE55
:103C6000C00A06F10803756086ED040A83E80300C4
:103C700086ED050A72B62369132B04D8142121613D
:103C80002046EFF761FCA368E268934210D0019AE6
:103C90000BB11A60A3680433A36062B603212846FF
:103CA000EFF708F928460221EFF704F904B070BDD8
:103CB000201D01A9F1F73AF9EFE700BFC802002083
:103CC000D0010020CDCCCCCC39340108014B0360AD
:103CD000704700BF0825030810B5034B0360044676
:103CE000EFF728F8204610BD0825030870B5154DDC
:103CF0002E6882B04AF2C023041D7069ECF7F2FD11
:103D0000EDF710FA014601A8EDF77CFA204601A96B
:103D1000EFF79AF9019B0C4AA3F10C00904206D1EF
:103D20002B682146D86AECF7B1FB02B070BD53F89E
:103D3000042C511E002A43F8041CF1DC69460FF0E4
:103D400031FEEDE7C80200209805002010B5044AB6
:103D5000044640F8042BEFF7F1F8204610BD00BFF1
:103D6000402803084A1E40F6FD739A4216D807EE13
:103D7000901AF8EEE76ADFED0A7A9FED0A6A9FED86
:103D80000A7A9FED0A0AC6EEA77A67EEA76A67EE7F
:103D9000867AE6EE877A37EEC00A704711F050B89F
:103DA00000F07F4533337B449A59BF430AD77143B0
:103DB0000F4B1B6810B5011D0446D86AECF7BCFC1C
:103DC00001462046FFF7CEFFD4ED047AB4EEE70AB1
:103DD000D4ED037AF1EE10FAB4EEE70AC8BF84ED31
:103DE000040AF1EE10FA48BF84ED030A10BD00BFCB
:103DF000C8020020F0B5134D2B68061D83B00446A1
:103E00003146D86AECF798FC2B6807463146D86AE9
:103E1000ECF792FC01462046FFF7A4FF2B6810EE5A
:103E2000100A5D6810EE106A10F04EFA2B68CDE9AA
:103E300000013A469B680449284698472661E66097
:103E400003B0F0BDC80200201828030808B5C069F7
:103E50000368DB69984708BD2DE9704F90F87D3005
:103E6000DFF824B2990686B0804623D5DBF800300F
:103E7000806AD3F80490D8F84CA0D9F800309E6836
:103E800010F022FAD8ED027AF5EEC07AF1EE10FACF
:103E900004460D467CD917EE900A10F015FAD8F8B2
:103EA00024300493CDE90201CDE90045484652464D
:103EB0007249B047DBF8003093F8A820920764D429
:103EC000B8F87820C2F30E0100295ED098F87D0082
:103ED000C0F34201013101F0070161F3430088F8AA
:103EE0007D00002951D1D8ED027AF5EEC07AF1EECD
:103EF00010FA40F28C8098F8770098ED0A7AC0F3B7
:103F00008100002864D0022845DD032860D198F89C
:103F1000782012F03F0238D006EE902A77EE677ACA
:103F2000B8EEE67AF0EEE76AF4EEC76AF1EE10FA60
:103F300040F38280B8F87C10C1F30802501C60F393
:103F40000801A8F87C1002B317EE900A5C68D8F854
:103F50004C60256810F0B8F9CDE900013246AB6835
:103F60004749204698470022DBF800000721EDF77B
:103F7000F1FF98F87720B8F87C306FF383026FF385
:103F8000080388F87720A8F87C3006B0BDE8708F69
:103F90000020002183E7012842D0022853D0B8F83E
:103FA0007A20C2F30802002AEFD0B8F87C00411C46
:103FB000C1F3080161F308009142A8F87C00E4DD38
:103FC000586830490368D8F84C209B689847CAE77E
:103FD000F4EEC77AF1EE10FA20DAB8F87A30C3F3CB
:103FE0000803002B14BF02200120B8F87C3098F899
:103FF00077106FF308031A0A6FF3430260F383012B
:10400000A8F87C3088F8771088F87D20BDE798F80C
:10401000773061F3830388F87730B6E70120E4E76F
:10402000D8ED1B6A77EEE67AF4EEC77AF1EE10FA75
:1040300012D9C2F38812B6E7B8F87C3061F30803EE
:10404000A8F87C30A1E7D8ED1B6A77EEA67AF4EEEB
:10405000C77AF1EE10FAA2DBB8F87C3098F8771046
:104060006FF308031A0A6FF3430241F00C01A8F83A
:104070007C3088F8771088F87D2086E79828030838
:10408000B028030828290308C802002010B50446F8
:1040900001B110BD61623030EFF748F9014BA36008
:1040A00010BD00BF000080BF10B590F87D305A06EB
:1040B00000D410BD0C4CC26C0C496FF3861380F811
:1040C0007D302368586803689B68984723680849CF
:1040D000586803689B689847206807210022BDE85C
:1040E0001040EDF737BF00BFC8020020A429030825
:1040F000542C030810B50446C069124B236082B0EB
:1041000010B103685B689847E36C0F4AA3F10C0099
:1041100090420BD120460D4B40F8303FEEF7B4FEF5
:104120002046EEF7B1FE204602B010BD53F8042C35
:10413000511E002A43F8041CECDC01A90FF032FCEC
:10414000E8E700BF68280308980500200810030866
:1041500010B50446FFF7CEFF2046EEF7EBFD2046F4
:1041600010BD00BF70B504460E461546EEF79CFE26
:1041700020460E4B40F8303BEFF7A6F894F87D1040
:1041800094F87E000A4AA4F87060002301F09F01B1
:1041900063F3000063F3430184F87E0084F87D102C
:1041A0006560E264E361204670BD00BF68280308D3
:1041B000A4050020D0ED037AF4EEC07AF1EE10FAF7
:1041C00058BFF0EE407AB7EE007AF4EE477AF1EE9F
:1041D00010FA10B5044618D1D0ED057AF5EEC07A84
:1041E000F1EE10FA94ED027AC4ED027A4FF000037A
:1041F0003AD9B5EEC07AF1EE10FA10D994F87730CA
:104200006FF3830384F8773010BDB0EE007AF4EEDC
:10421000477AF1EE10FA08BFD0ED067ADEE7D4ED6A
:10422000096A94ED087AA26AA265F8EEE67AF4EEDD
:10423000C77AF1EE10FAC4ED157A0CDCF5EEC07A0F
:10424000F1EE10FA48BF636594F877306FF383039B
:1042500084F8773010BD94F8773084ED157A6FF3D9
:10426000830384F8773010BD0021616204F13000CF
:10427000EFF75CF8C2E700BF10B58A884AF616432C
:104280009A4282B001D002B010BDB0F87020CB8845
:104290009A42F8D1CB6893ED000A0191FFF78AFFAB
:1042A00001990B7C43F001030B74ECE790ED0A0AD3
:1042B000704700BF70B52DED028B90F87D3090ED0A
:1042C000027AD9060446B0EE408A20D5D0ED147AA1
:1042D00077EE276AF4EEC06AF1EE10FA5AD477EE60
:1042E000677AB4EEE78AF1EE10FA50D5636A002BD4
:1042F0004DDC04F130052846EFF716F8FE28284675
:1043000067DD0121EFF712F8FF2363623FE0D0ED94
:10431000186AD0ED157AD0ED088A37EE407AE6EECD
:10432000877AF4EEE87AF1EE10FA3FDDD4ED177AF1
:1043300094ED166AD4ED196A94F87E30F0EE685A5E
:10434000E7EE875A9A0704F1300538EE467AF0EE28
:10435000657AE6EEC77A284658BFC4ED158AFDEEA9
:10436000E77AC4ED097A17EE906AEEF7DDFF864230
:1043700026DA616A002929DB94F87E309B0748BF62
:10438000C4ED158A2846EEF7B5FF84ED168ABDEC1C
:10439000028B70BD436A002BA1DD30300021EEF7A7
:1043A000C5FFBDEC028B0023636270BDF5EEC07AE1
:1043B000DFED0D8AF1EE10FA58BFF0EE678AB5E72F
:1043C0002846EEF7B1FF01466062DBE7002161623B
:1043D000D8E7EEF7A9FF01462846EEF78BFF2846FF
:1043E000EEF7A2FF6062D2E70000000010B50446BD
:1043F000C06903682DED028BDB68984794F87E3026
:10440000DB07B0EE408A08D494ED027AF0EE007A31
:10441000B4EEE77AF1EE10FA05DC84ED0A8ABDEC21
:10442000028B002010BD10F0EFFC01280DD0D4ED60
:10443000047AB4EEE78AF1EE10FA06D4D4ED037AEA
:10444000B4EEE78AF1EE10FA13DD94F87D300C4AF1
:10445000A26043F04003002104F1300084F87D3075
:104460006162EEF763FF84ED0A8ABDEC028B0020E7
:1044700010BD2046B0EE480AFFF71CFFCDE700BF95
:10448000000080BF80ED170A704700BFD0ED1A7A98
:1044900027EE800A80ED180A704700BFD0ED1A7A27
:1044A00080EE270A80ED190A704700BF2DE9F04F12
:1044B0000B7A2DED028B9E079BB08B4682462DD545
:1044C000B0F876200B68C2F30902934200F01C8119
:1044D00040F23112934226D090F87E2012F001046F
:1044E0001CD18F2B00F0908140F22D12934200F0EE
:1044F000AC81B3F5FA7F75D040F2F712934271D0D8
:10450000B0F87220C2F30902934200F02981B0F89A
:104510007420C2F30902934200F022811BB0BDEC6B
:10452000028BBDE8F08F08465321F7F775FE00288F
:1045300040F0EE8158465321F7F76EFE0028EDD18A
:10454000DBF80C009AF87E100368DAF84C209C68BF
:10455000DAF80430CD0700F11E829AF87D609E4D96
:104560009E4916F0100F08BF294600919C49A047AC
:10457000DAF81C0003689B69984713AD0023DAF84A
:104580001C0014931595169502688DF84C3012AFE7
:104590001793394653699847F8B1159CAC421CD023
:1045A0000D97A846DBF80C60237C356800936069A2
:1045B000DAF84C90DAF804700FF086FECDE90201CB
:1045C0004A468849AD683B463046A84720460EF02B
:1045D00026FF40450446E5D10D9F38461499F6F76D
:1045E00055F89BE7DBF80C30DAF804201968DAF8A4
:1045F0005C0089680D910C920B930FF065FE9AEDAB
:104600001A8ADAED187AC7EE887A8046894617EE5C
:10461000900A0FF059FEDAED197A68EE277A06460D
:1046200017EE900A0F460FF04FFE0446DAF820000E
:104630000D460FF049FECDE90E010AF13000EEF70C
:1046400073FE9DED0E7B0B9B0C9A0890CDE9044503
:104650008DED067BCDE90267184663490D9BCDE9D8
:1046600000899847DAF80C00DBF80C40DAF80460AF
:1046700025680FF029FECDE900013246AB685B49A1
:10468000204698479AF87E3058077FF547AF0023B9
:1046900013ADDAF81C0014931595169502688DF881
:1046A0004C3012AF1793394653699847002894D07D
:1046B000179B002B91D0DBF80C00DAF8042003687C
:1046C0004B499B689847159CAC4218BFA94614D02B
:1046D0006069DBF80C6094F8108035680FF0F4FD29
:1046E000CDE900014246AB68424930469847204632
:1046F0000EF095FE48450446EAD1DBF80C003E4931
:1047000003689B68984768E7C069DAF84C600368FB
:10471000DB68984710EE100A0FF0D6FDDAED027A4A
:10472000F5EEC07AF1EE10FA04460D4640F214811F
:1047300017EE900A0FF0C8FDDAF824300493CDE9A3
:104740000201CDE90045334612A820212B4A13F07F
:1047500095FB12A902460BF110000FF0BDFADDE641
:1047600058465321F7F758FD00283FF4D7AE9AF882
:104770007D30BAF8702043F080038AF87D304CF623
:10478000FC3047F2D93112ABEEF738FD002840F08B
:10479000B1809AF87D30DB09002B3FF4BFAE184C96
:1047A000236801219869F3F725FA5846532100221E
:1047B000F7F746FDB5EE400AF1EE10FA40F04681FB
:1047C000104BCAF808300021CAF824100AF1300052
:1047D000EEF7ACFDA2E600BFFC290308002A03089F
:1047E000782A03088C2A0308742B0308C02B0308BB
:1047F000F82B0308EC2B0308604103080C2A03087C
:10480000C8020020000080BF08465321F7F704FDCE
:10481000002840F0A4805846F7F77EFD00287FF47A
:104820007DAEDAF80C00DBF80C40DAF84C70256845
:10483000DAF804600FF048FDCDE900013A46AD68B2
:10484000B64920463346A84768E608465321F7F79D
:10485000E3FC002840F0B88058465321F7F7DCFC11
:1048600000287FF45BAEDBF80CB0DAF84C20DBF804
:104870000030DAF85C009B680D93DAF804300B9393
:104880000C920FF021FD9AED1A8ADAED187AC7EE34
:10489000887A06460F4617EE900A0FF015FDDAEDFE
:1048A000197A68EE277A044617EE900A0D460FF043
:1048B0000BFD8046DAF8200089460FF005FDCDE9B2
:1048C0000E010AF13000EEF72FFD9DED0E7BDAF8B8
:1048D000241009910890CDE90245CDE90067CDE9A2
:1048E00004898DED067B58460C9A0B9B8C490D9CD8
:1048F000A04713E6129ABAF8703011889AF87D2012
:10490000C91A4B424B4163F3C7128AF87D2043E733
:10491000584653210022F7F793FC9AED017AF8EEFE
:10492000C77AB4EE670AF1EE10FA7FF403AE12AF65
:1049300038465946F7F724FE1AA9532301F8213DBA
:104940003846F5F7B5FE179A3ABB9AF87E3062F30F
:1049500082038AF87E3040E600200021ECE65846CB
:1049600053212246F7F76CFC9AED017AF8EEC77AEC
:10497000B4EE670AF1EE10FA7FF44DAF58465021BD
:10498000F7F74AFCC8B1584622465021F7F758FCC1
:104990008AED030AC2E56349E7E5DAF81C0003681B
:1049A00039461B699847002800F0B1809AF87E309C
:1049B00043F004038AF87E300FE6DBF80C005A4916
:1049C00003689B689847A9E5584653212246F7F7A4
:1049D00037FC9AED017AF8EEC77AB4EE670AF1EE89
:1049E00010FA7FF439AF58465021F7F715FC30B173
:1049F000224658465021F7F723FC8AED170A5846FD
:104A00004921F7F709FC002875D158464421F7F7EA
:104A100003FC002863D158465821F7F7FDFB002816
:104A200055D158465921F7F7F7FB00283FF476ADEA
:104A3000584659210022F7F703FCBDEEC00A0AF1DF
:104A4000300010EE101AEEF761FC67E55046FFF7F4
:104A5000B1FBBAF87430DBF80020C3F309039A42C3
:104A60007FF45CAD9AED0A0A10F0CEF9012861D00E
:104A70009AF87D30DAED027A43F020038AF87D302F
:104A8000BFEE008A9AED0A7AB4EEE77AF1EE10FAF8
:104A90004FF00301524613D52068EDF75BFA236807
:104AA00093F8A820920706D4DAED027AF4EE487A59
:104AB000F1EE10FAE6D158681C4903689B689847E4
:104AC0009AF87D306FF345138AF87D3026E5584615
:104AD00058210022F7F7B4FB8AED080AA1E75846EF
:104AE00044210022F7F7ACFBDAED1A7A80EE270AB0
:104AF0008AED190A8FE7584649210022F7F7A0FBF3
:104B0000DAED1A7A20EE270A8AED180A7DE7DBF83B
:104B10000C00074903689B6898475EE50C2B030867
:104B2000382B0308F0290308A02A03087C2C03086B
:104B3000242A0308DAF81C000368DB68984710F0A1
:104B400063F9012894D12368DAF84C2058680549A4
:104B500003689B689847206807210022EDF7FAF95F
:104B6000DCE400BF2C2C03082DE9F04F814640689F
:104B7000D9F800204E4B821A921003FB02F385B045
:104B80000D46002B75D05A00934240F287806FF09B
:104B90000F03019301980EF0B5FBD9F80070D9F816
:104BA00004308246D81B20F003001AEB00000AF103
:104BB000140461D069682E68AB68AA89828141605B
:104BC0000660836005F1100110300FF0F8F899E8E5
:104BD0008001474552D007F1140B59463B465246D7
:104BE00007F11005DE1B8AB151F814CC44F814CC3F
:104BF00051F810CC44F810CC98689060B3F80CC011
:104C0000A2F80CC0705910612A4870511433434502
:104C100002F1140201F1140104F11404E2D1CBEB0E
:104C2000080B254C254A4FEA9B0B04FB0BF424F0A0
:104C30004044013404EB84040AEB840414343E46FB
:104C4000F31B1436EB58A3F10C00904218D14645E3
:104C5000F6D1D9F8000008B1EEF76CF8019BC9F85D
:104C600000A05344C9F80830C9F8044005B0BDE8B5
:104C7000F08F142301938DE79846AAE73846EAE7B8
:104C800053F8041C01F1FF3C002943F804CCDEDC9E
:104C900003A900920EF086FE009AD8E708498A42DE
:104CA0003FF675AF02EBC3039B00019372E700BFB1
:104CB000CDCCCCCCA4050020CDCCCC0C98050020CC
:104CC000CCCCCC0CF0B58A884AF616439A4287B011
:104CD0000C46054601D007B0F0BDCB8843F23572D3
:104CE000934272D04BF2D312934228D04EF6183230
:104CF0009342F0D1B0F870200B899A42EBD1D0EDFD
:104D0000027A9FED3A7ACE68826A436AB360F4EE23
:104D1000C77AF1EE10FA98BFF0EE477A3260C6ED2E
:104D2000017A06F1100005F14C010FF054F8237CD4
:104D3000B5F87020B28143F001032374CBE7D0EDC6
:104D4000027A9FED2A7A816AE668294A436A0191CC
:104D5000F4EEC77AF1EE10FA98BFF0EE477A05F15B
:104D60004C0105A80592CDED027A03930FF033F8BC
:104D70007068B168B5F87020ADF81020884230D066
:104D800058B1039B029D019F82810760456083604B
:104D900005A910300FF013F8706800F11403736068
:104DA000059B217C134AA3F10C0041F001019042C4
:104DB000217490D053F8042C511E002A43F8041C8F
:104DC00089DC69460EF0EEFD85E70A8983889A4200
:104DD00081D10A7C084BCB6042F003020A74186050
:104DE00079E7304601A9FFF7BFFED9E700000000D0
:104DF000A4050020980500205C0300202DE9F04F59
:104E0000D14CD24E236883468BB0BBF870205869D2
:104E10004AF616414CF61613EBF764FD6821ECF7E1
:104E20000DFAECF791F9BCEEC00ABBF872302168BC
:104E3000BBF87020486910EE105A65F309034AF672
:104E40001641ABF8723041F2BF03EBF74BFD6D2119
:104E5000ECF7F4F9ECF778F9BCEEC00ABBF8743063
:104E6000BBF8702010EE100A60F30903ABF8743041
:104E7000206845F20A134AF616414069EBF732FD05
:104E80006921ECF7DBF9ECF75FF9BCEEC00ABBF87F
:104E90007630BBF8702010EE105A65F30903ABF8BA
:104EA0007630206844F6D5034AF616414069EBF7A0
:104EB00019FD1421ECF7C2F9ECF746F923688BEDE4
:104EC0000B0A5869BBF870204CF234234AF616419D
:104ED000EBF708FD06AF04AA05469D4938460EF0DB
:104EE000FBFF28463946ECF7B9F908AD01462846DC
:104EF000ECF788F90BF14C0029460EF03EFC089BBC
:104F0000A3F10C00B04240F0648305A80190069B19
:104F1000A3F10C00B04240F044832368BBF870203A
:104F200058694AF616414EF67833EBF7DBFC14214C
:104F3000ECF784F9ECF708F9BCEEC00A9BF878307E
:104F4000BBF8702010EE101A3F2928BF3F2161F3F3
:104F500005038BF8783023684AF61641586945F600
:104F6000B553EBF7BFFC4FF46171ECF767F9ECF761
:104F7000EBF8BCEEC00A40F6F87810EE101ABBF859
:104F80007830BBF87020414528BF4146C90861F31D
:104F90008E13ABF8783023684AF6164158694FF201
:104FA000C043EBF79FFC0021ECF748F9ECF7CCF895
:104FB000BCEEC00ABBF87A30BBF8702010EE100AC5
:104FC000404538BF80464FEAD80868F30803ABF87D
:104FD0007A3023684AF61641586941F20473EBF7B8
:104FE00081FCB7EE000AECF733F9ECF7ADF8236873
:104FF000BBF870208BED1B0A58694AF6164141F246
:105000005E23EBF76FFC4FF49671ECF717F9ECF7B2
:105010009BF82368BBF870208BED030A58694AF6A9
:10502000164140F65C63EBF75DFC0021ECF706F9F6
:10503000ECF78AF823688BED040A5869BBF87020F6
:1050400048F623334AF61641EBF74CFC04AA804697
:10505000404938460EF040FF39464046ECF7FEF82E
:1050600001462846ECF7CEF80BF134002946EDF75F
:10507000EBFF089BA3F10C00B04240F08682069B38
:10508000A3F10C00B04240F074829BF83A309A07CA
:1050900040F153819BF87E10DBF834309BF83820C8
:1050A0006FF300018BF87E10196852004FF0030E69
:1050B0000EFA02FE012021EA0E0100FA02F20A4372
:1050C0001A602368BBF8702058694AF6164141F20D
:1050D0009C53EBF707FC019A1F49804628460EF0C7
:1050E000FBFE29464046ECF7B9F8014604A8ECF768
:1050F00089F8089BA3F10C00B04240F05E82DBF817
:105100001C0010B103685B6898470023CBF81C3083
:1051100004A811490EF0D6FB002840F0FF8034208F
:105120000EF0F0F8804600F04BFCCBF81C804046B7
:105130000368BBF870209B68DFF80C804AF61641C4
:10514000984723680AE000BFC802002098050020A5
:10515000A42C0308EC0F0308A82C0308BBF870204C
:1051600058694AF616414DF2C643EBF7BBFB0021E6
:10517000ECF764F8EBF7E8FF23688BED050ABBF862
:10518000702058694AF616414DF2C753EBF7AAFB57
:105190000021ECF753F8EBF7D7FF9BF87EA08BEDDF
:1051A000060A00231AF0010ACBF8243000F0E4804C
:1051B000DFF88493DBED0B7A2368FCEEE77A1820A6
:1051C00017EE908A5F6A0EF09DF88246ECF7EEF8D3
:1051D000D9F80030CDF814A09B0BB3FBF8F300EE28
:1051E000103AB8EEC00A0FF0BFFDBDEEC00ACA49C2
:1051F000CAF804B000238AED040A0993089195E8DF
:1052000003000AF1080383E803008AED050A72B679
:105210003B69984505D9C7F8108041463846EEF7F6
:1052200093F9BB68FA68934200F07181059A0BB15B
:105230001A60BB680433BB6062B6DBED0B7A23688F
:10524000BBF870205869B54DB7EE007AC7EE277AE3
:105250004AF651034AF61641CBED1A7AEBF742FBB8
:105260000A21EBF7EBFFEBF76FFF2368BBF8702029
:105270008BED170A4AF61641586947F24A03EBF7D5
:1052800031FB9FEDA70AEBF7E3FFEBF75DFFDBEDEB
:105290001A7A2368BBF87020586920EE270A44F672
:1052A00045038BED180A4AF61641EBF71BFBC821A4
:1052B000EBF7C4FFEBF748FFDBED1A7A9BF87E3083
:1052C00080EE270ADB078BED190A16D42B68BBF892
:1052D000702058694AF6164141F21003EBF702FBC1
:1052E00004460BF13000EEF71FF801462046EBF7BD
:1052F000A5FFEBF729FF8BED080A049A8949CBF843
:105300005810A2F10C000023B042CBF85430CBF877
:10531000283040F022810BB0BDE8F08F04A882490C
:105320000EF0D0FA80B95C200DF0ECFF8046FEF75D
:105330006FF8CBF81C804046FAE69BF87E3043F0CD
:1053400001038BF87E30BCE604A878490EF0BAFA67
:10535000002800F0CB8004A875490EF0B3FA0028AD
:1053600040F0EC8014200DF0CDFF8046FEF7EEFCFF
:10537000CBF81C804046DBE6D8F80030BBF8702044
:105380005869DFF8B4914CF292034AF61641EBF7F4
:10539000A9FA5146EBF752FFEBF73AFF9BF87D3045
:1053A000BBF8702060F304138BF87D30D8F8003020
:1053B0004AF6164158694FF25763EBF793FA022108
:1053C000EBF73CFFEBF7C0FED8F800308BED140A8A
:1053D000BBF8702058694AF6164141F69963EBF71D
:1053E00081FA5146EBF72AFFEBF712FF9BF87E306C
:1053F000BBF8702060F341038BF87E30D8F80030A2
:105400004AF6164158694CF6FB33EBF76BFAFF216D
:10541000EBF714FF0BF130030093EBF795FE009BC5
:105420000293BDEEC00A184610EE101AEDF76EFF9B
:1054300002985146EDF77AFF9BF839009BF8381037
:10544000EDF754FDD8F80030BBF87020D3F8248075
:1054500058694AF616414CF28A43EBF743FA4FF487
:10546000FA61EBF7EBFEEBF76FFEBCEEC00A18201B
:105470008DED030A0DF046FF0090EBF797FFD9F88A
:1054800000200399009B0893920BB2FBF1F100EE10
:10549000101AB8EEC00A0FF067FC009B0298254A6C
:1054A0005860BDEEC00A83ED040A0692CDF81CA038
:1054B00097E8030003F1080282E8030083ED050A80
:1054C00072B6D8F81030039A9A4219D8D8F8083032
:1054D000D8F80C2093423AD0089A13B11A60D8F841
:1054E00008300433C8F8083062B663E618200DF0BF
:1054F00009FF8046FDF7ECFDCBF81C80404617E61F
:10550000C8F8102011464046EEF71EF8DEE7381DB9
:105510000199EFF70BFD8FE6ED430108C80200206B
:105520009A99993E000080BFB42C0308C02C030850
:10553000C82C03085D330008D001002004200DF0C2
:10554000E1FE2C4A02600346CBF81C30F0E508F17E
:1055500004002946EFF7EAFCC6E752F8043C591E5E
:10556000002B42F8041C3FF7D6AE01990EF01AFA50
:10557000D1E653F8042C511E002A43F8041C3FF7CF
:1055800084AD29460EF00EFA7FE553F8042C511E27
:10559000002A43F8041C3FF772AD01990EF002FA9D
:1055A0006DE553F8042C511E002A43F8041C3FF704
:1055B000B4AC29460EF0F6F9AFE453F8042C511EB2
:1055C000002A43F8041C3FF79AAD39460EF0EAF979
:1055D00095E553F8042C511E002A43F8041C02DD03
:1055E00005A9019193E405AA114601920EF0DAF99A
:1055F0008DE400BF0825030838B590F87E30164AC0
:1056000082606FF38203044680F87E30FFF7F6FB7A
:1056100020460221EDF74EFC20460521EDF74AFC1D
:1056200003212046EDF746FC94F87E1011F00105A9
:1056300000D038BD20460421EDF73CFC2046294629
:10564000EDF738FC20460621EDF734FC2046072113
:10565000BDE83840EDF72EBC000080BF2DE9F047D3
:10566000254E336884B000255869019501A94AF692
:10567000164202950395EBF7E7F8019C029FBC42A6
:1056800038D0A846B24601E0A7421FD0336834F8AC
:10569000025B58692A464AF6164147F26933EBF72E
:1056A00021F9EBF7B5FD0028EED080200DF02AFEA1
:1056B000424681462946FEF755FD4946DAF8000084
:1056C000ECF742FCA74208F10108DFD1B8F1000F66
:1056D00009D050200DF016FE0446FDF7D3FE2146FA
:1056E0003068ECF731FC019808B1EDF723FB04B00A
:1056F000BDE8F0872046F7E7C8020020014B0360B1
:10570000704700BF0825030810B5034B036004462B
:10571000EDF710FB204610BD082503082DE9F047E2
:105720002DED048B90F83030974F0646D8078AB09D
:1057300000F10F813B689FED958AD86A06F1200140
:10574000EAF7FAFF06EE900AF8EEE67AD6ED036A7B
:1057500088EE278A0246F7EE007A38EE678AD6EDA1
:10576000047AB8EEE77AF8EEE67A87EE088AF5EE84
:10577000C07AF1EE10FA05DD28EE277A37EEC88AF6
:1057800087EE088A3B68DFF800825C68256807922C
:1057900018EE100A0EF098FDCDE90001079AAB68EB
:1057A0007B492046984796F83030990740F1918020
:1057B000D8F800307069D3F804900EF085FD0446E7
:1057C000B069D9F800A00D460EF07EFDCDE90001CC
:1057D000F0690EF079FDCDE9020122462B466D49B4
:1057E000DAF808404846A047B0EE480A0FF0CAFB76
:1057F000D6ED067A96ED058AD6ED078AF0EE080A10
:10580000A7EE808A0FF036FCA8EE808AD8F8003028
:10581000F7EE007A87EE888AD3F80480D8F80090F3
:10582000DFED5D7AD6ED0A8A96ED0B9A38EE678A3F
:1058300018EE100A0EF048FD044618EE900A0D46C8
:105840000EF042FDCDE9000119EE100A0EF03CFD0C
:1058500039EE689ACDE9020119EE100A0EF034FD16
:10586000CDE9040122462B46D9F808404B49404671
:10587000A04796F831301BB31A0671D4013B03EBF5
:105880004303474A52F8331008AA09A80EF024FB34
:105890003B6896F831205868424F0168424B099C9A
:1058A0008D684249009412F0800F08BF3B4602F019
:1058B0007F02A847099B3E4AA3F10C00904258D1B1
:1058C00086ED0B8A86ED0A8A0AB0BDEC048BBDE832
:1058D000F08796ED010A96ED069AD6ED078A88EED6
:1058E000000A0FF04FFBD8F80030D3F80480D8F846
:1058F0000090E9EE008AB7EE008A88EE288ADFED94
:10590000267AD6ED0A8A96ED0B9A38EE678A18EE5B
:10591000100A0EF0D9FC044618EE900A0D460EF05F
:10592000D3FCCDE9000119EE100A0EF0CDFC39EEE2
:10593000689ACDE9020119EE100A0EF0C5FCCDE916
:10594000040122462B46D9F808401A494046A04790
:105950008FE73B681849586803689B689847E9E6F1
:1059600003F07F03013B03EB4303144A52F8331067
:105970008AE753F8042C511E002A43F8041C9FDCCC
:1059800008A90EF00FF89BE7C802002000F07F4541
:10599000AC2D0308C82D030833938843F02D03086A
:1059A000D82C0308702D0308682D0308482E03081F
:1059B000980500201C2E0308742D03088830030866
:1059C00010B50C4B044640F8203BEDF7B7FA94F8BD
:1059D00030300949A1620022002103F0FE036FF379
:1059E000410384F83110626184F83030E26220466D
:1059F00010BD00BF6830030800C0794403681A492D
:105A00009B682DE9F041194D044605F17808984747
:105A1000012600E01D46236815499F6855F8183C8B
:105A200032462046B847454506F1010605F1180300
:105A3000F0D123680F4D9B680F492046984705F128
:105A40007808812600E01D46236809499F6855F8BB
:105A5000183C32462046B847454506F1010605F197
:105A60001803F0D1BDE8F081782E0308F02C03086C
:105A7000842E0308A0300308902E030810B52DEDE6
:105A8000068BB0EE40AAB0EE600AF0EE618AF0EE4E
:105A9000419AB0EE429AF0EE62AA04460FF072FA12
:105AA000B0EE408AB0EE680A0FF06CFAF0EE408A71
:105AB000B0EE6A0A0FF066FADFED2B7A39EE279A1C
:105AC0003AEE277A79EEA75AF7EE007A87EE877AD0
:105AD000C7EEA55AC7EE897A38EEC85A30EE486A42
:105AE00075EEC75A77EEC77AC5EE855AC7EE867A45
:105AF00038EE285A30EE686A75EE006A77EEE57A7D
:105B000066EE266A28EE086AC7EEA67AF0EE466AC6
:105B1000E8EEA86AB1EE679AE8EE286AF0EE658AC8
:105B2000E9EE268AF5EEC07AF0EE686AE7EE866A5C
:105B3000F1EE10FAA6EEC87AB0EE478A09D4C4EDA9
:105B4000018A84ED028ABDEC068B2046C4ED007A02
:105B500010BD064B06491B68586803689B68984748
:105B6000F0EE497AEBE700BF33938843C802002088
:105B70009C2E030810B5D0ED057AF5EEC07AF1EE53
:105B800010FA044610DD9FED0F7AD0ED026A76EE32
:105B9000876AB7EE007AC7EE266AC7EE277AC0EDAD
:105BA000076AC0ED067A10BD074B08491B685868A4
:105BB00003689B68984794F8303043F0010384F8F9
:105BC000303010BD33938843C8020020142F0308DF
:105BD0002DE9F047CC680D1DAC42064600F0F5807B
:105BE0004FF000084746C146C246237C423B162B75
:105BF00011D8DFE803F060101010101010655B562C
:105C0000101010104B104610101010100C0063698B
:105C1000B3604FF0010920460DF014FC85420446A4
:105C2000E3D1B8F1000F50D0BAF1000F59D1B9F15A
:105C3000000F56D1002F54D118F0800F40F09C80F7
:105C400008F1FF33DBB2052B51D8644996F83020B8
:105C500003EB430301EBC30342F00202D968716115
:105C60001969B1615969F16159689B6886F8318099
:105C700067F30002F160336186F830200120BDE84F
:105C8000F087636973604FF00109C4E794ED050A7A
:105C90000FF00EF9BCEEC00A10EE108A5FFA88F819
:105CA000B9E76369F3610137FFB2B4E76369B361D0
:105CB0000137FFB2AFE7636973614FF0010AAAE7EA
:105CC000636973610137FFB2A5E796F830309B072F
:105CD00010D5002F40D0BAF1000F02D1B9F1000F5A
:105CE0001ED096F8303043F0010386F830300020A3
:105CF000BDE8F08737BBBAF1000F09D1B9F1000F49
:105D000009D1FB1E18BF01234FF0000A002BE8D178
:105D1000BAF1000F26D1B9F1000F23D1002FE6D040
:105D200096F8303043F0020386F8303096F8303081
:105D300013F001001ABF6FF3000386F83030012022
:105D4000BDE8F087BAF1000FCBD1B9F1000FC8D18F
:105D5000D7E74FF00009CA468AF001030027002B5D
:105D6000D6D0BEE73046FFF705FF96F830306FF328
:105D7000410386F83030D9E708F07F03013BDBB2FE
:105D8000052BB4D8164996F8302003EB430301EBFA
:105D9000C30367F34102D96871611C695869596886
:105DA0009B683361B06074603046F16086F83020E3
:105DB000FFF7E0FE96F8303086F8318067F3000395
:105DC00086F830300120BDE8F08790F83030C3F31A
:105DD0004003002BBDD199461F4692E7D82C0308FB
:105DE000883003082DE9F04FBB4DBC4F2B6847614D
:105DF00004464FF00009BA4EBA4F666041F25C208B
:105E00008BB0A76020615869C4F80C9044F2B46369
:105E100017460E46EAF766FD4946EBF70FFAEBF731
:105E2000F7F92B68DFF8C88231463A46824658694E
:105E30004AF25503EAF756FD03AA8146AA4907A884
:105E40000EF04AF807A94846EBF708FA014601A800
:105E5000EBF7D8F9079BA3F10C00404540F0EB812C
:105E6000019B53F80C3C002B00F0F480BAF1000FBA
:105E700011D1DFF8809209F1900B01A8D9F8001038
:105E80000AF1010A0DF01EFD002800F0B18109F1B0
:105E90001809D945F1D1DFF860924FF0000A09F1F5
:105EA000900B01A8D9F800100DF00CFD0AF1010AC1
:105EB000002800F07F8109F11809D945F1D194F843
:105EC00030004FF0000AC0F3400084F831A00028F1
:105ED00000F0C8802B6831463A46586941F2A25317
:105EE000EAF700FD94ED010AEBF7B2F9EBF72CF9B4
:105EF0002B6884ED010A31463A46586941F6A413ED
:105F0000EAF7F0FC94ED020AEBF7A2F9EBF71CF9C3
:105F10002B6884ED020A3A465869314641F2A36380
:105F2000EAF7E0FCE168EBF789F9EBF70DF92B688C
:105F3000BDEEC00A3A46586984ED030A41F2A473E3
:105F40003146EAF7CFFC2169EBF778F9EBF7FCF87B
:105F50002B68BDEEC00A3A46586984ED040A40F247
:105F6000FC633146EAF7BEFCEBF7DCF804F12009EC
:105F7000014607A8EBF746F9484607A9EDF764F88C
:105F8000079BA3F10C00404540F085812B684946F2
:105F9000D86AEAF77BFA2B68314658693A464BF2E1
:105FA000F673EAF79FFC03AA81464F4907A80DF054
:105FB00093FF07A94846EBF751F9014602A8EBF712
:105FC00021F9079BA3F10C00404540F058812B6854
:105FD00031463A46586946F66D73EAF783FC6A46DD
:105FE0000646414907A80DF077FF07A93046EBF7B1
:105FF00035F9014603A8EBF705F9079BA3F10C005F
:10600000404540F00C81039951F80C3C002B3AD1EB
:10601000029B53F80C2C002A70D194F830309B0767
:1060200040F18680BAF1000F00F09880A1F10C00D9
:10603000404540F03C81029BA3F10C00404540F0FC
:106040000681019BA3F10C00404540F00C810BB090
:10605000BDE8F08F94F83000C0F340009A46002865
:106060007FF438AF2B6831463A46586940F29D4379
:10607000EAF738FC94ED050AEBF7EAF8EBF764F879
:1060800084ED050A26E704A8EEF798FC049B059A20
:10609000D21A9210062A6ED02B68144958680368E9
:1060A0009B68984794F83030049843F0010384F8D3
:1060B000303008B1ECF73EFE039BA3F10C004045E5
:1060C000B9D053F8042C511E002A43F8041CB2DC4A
:1060D00007A90DF067FCAEE7C802002000207E454E
:1060E0000050C3470000C841283F0308302F030871
:1060F00098050020D82C030888300308194607A803
:10610000EEF75CFC0798089B1B1A9B10032B14D01E
:106110002B686B49586803689B68984794F830303F
:10612000079843F0010384F830300028C2D1C3E758
:106130002046FFF71FFD039978E702686261426815
:1061400094F83030A2618268E26143F0020384F87F
:1061500030300028EFD0ECF7EDFDECE72B68594923
:10616000586803689B68984794F8303043F00103FF
:1061700084F83030A0E707A893ED000AD3ED010AB8
:1061800093ED021AD3ED031A93ED042AD3ED052AF9
:10619000FFF774FC94F830300498099D0899079A29
:1061A000656143F0020384F83030A161E2610028A8
:1061B000D1D1C0E7D9F80C3094F830106361D9F828
:1061C00010C0D9F814E0D9F80420D9F808302361B8
:1061D00060F34101C4F804C04AF0800AC4F808E042
:1061E000E26084F8301084F831A04FF0010A6EE6C6
:1061F000D9F80C306361D9F81030A361D9F81430A4
:1062000094F83010E361D9F80420D9F80830E2603E
:1062100041F00202236184F830200120E3E753F8C3
:10622000042C511E002A43F8041C3FF7ECAE04A9CD
:106230000DF0B8FBE7E653F8042C511E002A43F892
:10624000041C3FF70DAE04A90DF0ACFB08E653F8B3
:10625000042C511E002A43F8041C3FF7F2AE07A994
:106260000DF0A0FBEDE653F8042C511E002A43F874
:10627000041C3FF7ECAE07A90DF094FBE7E653F8DA
:10628000042C511E002A43F8041C3FF7A0AE04A9B9
:106290000DF088FB9BE653F8042C511E002A43F8AE
:1062A000041C3FF773AE04A90DF07CFB6EE651F8B9
:1062B000043C5A1E002B41F8042C3FF7BCAE07E704
:1062C000642F0308982F030800B52DED028B4A1E9A
:1062D00040F6FD739A4283B046D806EE901A9FEDC1
:1062E0002E0AF8EEE67AD0ED036A80EE270AF7EE82
:1062F000007A30EE670AD0ED047AB8EEE77AF8EE6D
:10630000E67A87EE000AF5EEC07AF1EE10FA05DDC6
:1063100020EE277A37EEC00A87EE000AD0ED017A28
:10632000B2EE007A27EE877AB4EEC70AF1EE10FAE1
:106330001ADC90F830309B071DD480EE270A90EDD0
:10634000078AD0ED068A0EF01DFEA8EE808AB7EE11
:10635000000A80EE080ADFED117A30EE670A03B01A
:10636000BDEC028B5DF804FB03B0BDEC028B5DF865
:1063700004EB0EF065BD01900EF004FE0198D0ED27
:10638000067A90ED058AD0ED078AF0EE080AA7EEAE
:10639000808A0EF06FFED8E700F07F453393884384
:1063A00010B590F83030DB0704461DD4104B1B6845
:1063B00000F12001D86AEAF7BFF901462046FFF74D
:1063C00083FFD4ED0B7AB4EEE70AD4ED0A7AF1EE4E
:1063D00010FAB4EEE70AC8BF84ED0B0AF1EE10FA2A
:1063E00048BF84ED0A0A10BDBDE810400EF028BD7C
:1063F000C80200202DE9F04390F8316085B00546D1
:106400000C46002E40F0F38090F8303013F0020F6D
:106410008B6855D142220E1D8DF80B203146002B82
:1064200000F0B3801A46107C41288ABF1146D2681A
:106430009268002AF7D18E4200F0A7800A7C422A97
:1064400000F2A3806869486158228DF80B2031461C
:106450001A46107C57288ABF1146D2689268002AD3
:10646000F7D18E4200F0AA800A7C582A00F2A6805A
:10647000A868486152228DF80B2031461A7C512AB7
:106480008ABF1946DB689B68002BF7D18E4202D089
:106490000B7C522B0ED90DF10B0803AF0DF108093F
:1064A000CDF8009020463B46774ACDF80C80F6F7B1
:1064B00063FD01466B684B61012005B0BDE8F083C8
:1064C00049220E1D8DF80B20314673B11A46107CFF
:1064D00048288ABF1146D2689268002AF7D18E42B6
:1064E00003D00A7C492A40F2AE8004AF0DF10B08BC
:1064F00047F8048D0DF108093B46634ACDF800903A
:106500002046F6F739FDA368696941614A228DF892
:106510000B20002B00F0B68031461A46107C49282B
:106520008ABF1146D2689268002AF7D18E4200F0E5
:1065300090800A7C4A2A00F28C80A86948614B222C
:106540008DF80B2031461A7C4A2A8ABF1946DB682F
:106550009B68002BF7D18E4202D00B7C4B2B0ED9BF
:106560000DF10B0803AF0DF10809CDF8009020469E
:106570003B46454ACDF80C80F6F7FEFC0146EB6938
:106580004B61012005B0BDE8F08304AF0DF10B08AD
:1065900047F8048D0DF108093B463B4ACDF80090C1
:1065A0002046F6F7E9FCA3686969416158228DF835
:1065B0000B20002B7FF44BAF314604E00DF10B08AC
:1065C00003AF0DF10809304ACDF800903B46204654
:1065D000CDF80C80F6F7D0FCA368A968416152227F
:1065E0008DF80B20002B7FF448AF314658E78B68BD
:1065F0005022081D8DF80B20014663B11A7C4F2AEA
:106600008ABF1946DB689B68002BF7D1884202D00D
:106610000B7C502B0DD904AB0DF10B0243F8042D6C
:1066200002AA00922046184AF6F7A6FC95F83160B7
:10663000014607EE106AF8EE477A0120C1ED057AAF
:1066400005B0BDE8F083686948614A228DF80B20E7
:1066500062E70DF10B0803AF0DF108090A4ACDF806
:1066600000903B462046CDF80C80F6F785FCA368E9
:10667000A96941614B228DF80B20002B7FF462AF9A
:10668000314672E73146E9E7D42C030838B5094DA5
:10669000094B03600446024604212868EBF7BAFC64
:1066A000286822460221EBF7B5FC2046ECF7ECFB0C
:1066B000204638BDC80200202031030810B504462A
:1066C000FFF7E4FF2046ECF735FB204610BD00BF86
:1066D00038B50B7A9B070C46054603D5428A0B68F2
:1066E000934200D038BD08465321F5F795FD50B9C7
:1066F0006B7D0E4A6FF341036B75E06803689B681E
:106700000B49984738BD204653210022F5F798FDE4
:10671000B5EE400AF1EE10FAEAD06B7D054A43F07F
:1067200002036B75E06803689B68E9E7583103086A
:10673000643103085031030810B50446ECF7B4FB8C
:10674000014B2360204610BD203103082DE9F0479E
:10675000B54D2B6886B00A4658690C4647F2693336
:1067600049F24771EAF7BEF80021EAF767FDEAF758
:106770004FFD002800F019812B68AC4F586949F291
:1067800047714CF234232246EAF7ACF803AA0646D6
:10679000A74905A80DF0A0FB05A93046EAF75EFD64
:1067A000014602A8EAF72EFD059BA3F10C00B842B2
:1067B00040F06E81029B53F80C6CB6B153F8042C78
:1067C000002A03DB02A80DF053F9029B93F8008026
:1067D000B8F1000F0FD14646A3F10C00B84240F0CB
:1067E0004B81304606B0BDE8F0874EF284229442D9
:1067F000F2D14FF054082B6849F24771586922468C
:1068000043F69443EAF76EF801AA0646884905A8BC
:106810000DF062FB05A93046EAF720FD014603A80A
:10682000EAF7F0FC059BA3F10C00B84240F03C8174
:106830000DF11009039B53F80C3C002B00F0BA80BB
:1068400018200CF05FFD0646ECF72EFB2B68794A0A
:1068500086F8148032605869224646F6640349F28D
:106860004771EAF73FF80021EAF7E8FCEAF7D0FCC5
:10687000737D60F3000373752B6849F247715869A3
:1068800022464FF6F653EAF72DF86A4680466A49E3
:1068900005A80DF021FB05A94046EAF7DFFC0146FB
:1068A0004846EAF7AFFC059BA3F10C00B84240F064
:1068B0002181484660490DF005F8002840F0C2806B
:1068C000737D60F3830373752B68224649F2477129
:1068D000586946F2AA73EAF705F80021EAF7AEFC18
:1068E000EAF732FCBCEEC00A03A810EE103A73823D
:1068F000EDF720FB2B68308149F247712246586939
:1069000048F6E713E9F7EEFF9FED4C0AEAF7A0FC23
:10691000EAF71AFC2B6886ED010A2246586949F20B
:10692000477148F6A153E9F7DDFF0F21EAF786FC2E
:10693000EAF70AFCBCEEC00A2A6810EE103A506969
:10694000738122464FF4B74349F24771E9F7CAFF12
:106950003C21EAF773FCEAF7F7FB708A727D7389D2
:106960003382BCEEC00AD0F1010010EE101A38BF1D
:10697000002002F0CF0260F34102B181F381727511
:1069800030460421ECF796FA738A002B46D1049B1B
:10699000A3F10C00B84240F0A180039BA3F10C00CE
:1069A000B84240F08F80029B16E70646304606B09C
:1069B000BDE8F0872B6849F247715869224648F2D2
:1069C000C343E9F78FFF6A460646194948460DF06A
:1069D00083FA49463046EAF741FC014605A8EAF742
:1069E00011FC03A805A90CF0C8FE059BA3F10C003F
:1069F000B84240F09780049BA3F10C00B84240F0ED
:106A00008580039B53F80C6C002E7FF419AF2B6824
:106A10000B49586803689B689847BEE730460221D7
:106A2000ECF748FAB3E700BFC80200209805002041
:106A3000283F030820310308AC3103080000484216
:106A40007C31030848463D490CF03CFF28B9737D72
:106A5000012262F38303737536E7484638490CF028
:106A600031FF737D20B9022262F3830373752BE734
:106A70006FF38303737527E753F8042C511E002A24
:106A800043F8041C3FF7ADAE05A90CF08BFFA8E658
:106A900053F8042C511E002A43F8041C3FF78AAE19
:106AA00004A90CF07FFF85E653F8042C511E002A40
:106AB00043F8041C0DF110093FF7BCAE49460CF039
:106AC00071FFB7E653F8042C511E002A43F8041C4A
:106AD0003FF769AF05A90CF065FF64E753F8042C94
:106AE000511E002A43F8041C3FF757AF05A90CF0CC
:106AF00059FF52E753F8042C511E002A43F8041C96
:106B00003FF7D7AE01A90CF04DFFD2E653F8042CA5
:106B1000511E002A43F8041C3FF773AF05A90CF07F
:106B200041FF6EE753F8042C511E002A43F8041C61
:106B30003FF761AF01A90CF035FF5CE7B431030802
:106B4000BC31030870B5124B1A6884B000230546A7
:106B500001A95069019349F2477202930393E9F73F
:106B600073FE019C029EB44206D034F8021B2846F4
:106B7000FFF7ECFDA642F8D11DB12B6828465B68F3
:106B80009847019808B1ECF7D5F804B070BD00BF84
:106B9000C80200202DE9F0432DED028B002487B0C0
:106BA000074622464AF616404BF2D31103AB039434
:106BB00004940594ECF722FB002847D0DDF80C8004
:106BC000DDF81090C84546D09FED2D8A444608F167
:106BD000100602E01434A1451CD0C8EB040504F1F2
:106BE0001000AB5953F8042C002A02DB0CF040FFD4
:106BF000AB593A7D1B789342ECD1D4ED007AF4EE98
:106C0000487AF1EE10FA04F11404C8BFB0EE678AB6
:106C1000A145E2D1049E039DB54220D0194A2C46DD
:106C200005F11007631B1434FB58A3F10C009042CC
:106C300017D1A642F6D1039808B1ECF77BF8B0EE75
:106C4000480A07B0BDEC028BBDE8F083049E039DAB
:106C50009FED0B8AE0E740469FED098AECE7284666
:106C6000EAE753F8041C01F1FF3C002943F804CC87
:106C7000DFDC02A901920CF095FE019AD9E700BF72
:106C8000000000009805002010B5437D86B09A07EB
:106C900004468DF807102FD5428A32B113F00C0F3D
:106CA00003D06FF341034375DBB2DB0705D59DF8D5
:106CB000073083F001038DF8073043F694402189B3
:106CC000002203ABECF79AFAC0B19DF810209DF8B2
:106CD00007309A4210D0218943F6944048F223525B
:106CE0000DF10703ECF7B4FA30B9064B06491B68FF
:106CF000586803689B68984706B010BD014B03496C
:106D0000F5E700BFC8020020E8310308C4310308DA
:106D100038B5437DC3F301128A4204460D4613D0B1
:106D2000C3F38103012B18D0022B0ED023B94B1EC5
:106D300059425941FFF7A8FF012D14D06289637DA4
:106D4000228265F30513637538BD012AF4D1022947
:106D5000F2D10021FFF798FFF0E7022AECD10129D8
:106D6000ECD1FFF791FFA289E9E700BFC389028A4E
:106D700001339BB29A4210B50446C38100D910BDBD
:106D80000023C381FFF706FFD4ED017AB4EEE70AD2
:106D9000F1EE10FA204604DA0221BDE81040FFF7B8
:106DA000B7BF0121BDE81040FFF7B2BF2DE9F043A6
:106DB00089B00C4603A89146EDF734FA214604A8A1
:106DC000EDF730FA04A865490CF07CFD0446002874
:106DD00037D103A904A80CF0FEFF614E5F4922469B
:106DE0000DF1180803A80CF089FE04A94046EDF740
:106DF000F3F8336801215869E9F73CFD33684146EF
:106E00005869E9F753FD10B1837C002B70D1D9F894
:106E1000003054499B68049A534C4846984733685D
:106E20005869E9F719FD049BA3F10C00A04240F05A
:106E30008880039BA3F10C00A04277D109B0BDE884
:106E4000F08303A8EDF776F80DF11808444E0746D5
:106E500004A94046EDF7C0F833685A695368926850
:106E6000D21A920818BF002408D13F4CDBE75D69B5
:106E70006B68AA68D21AB4EBA20FF6D253F82400BA
:106E800003683946DB689847A50033680134002859
:106E9000EDD05B695B6859590B6805A85B69424690
:106EA0009847059951F80C3CCBB1D9F800000091F6
:106EB0008468039A049B2D494846A047059B2A4CA9
:106EC000A3F10C00A042AED053F8042C511E002AAE
:106ED00043F8041CA7DC02A90CF064FDA3E7D9F871
:106EE000003023499C68039A049B4846A047E5E785
:106EF000014605A8EAF786F9D9F800301D499D68D2
:106F0000049A059B184C4846A847059BA3F10C0022
:106F1000A04284D053F8042C511E002A43F8041CCC
:106F20003FF77DAF02A90CF03DFD78E753F8042C44
:106F3000511E002A43F8041C80DC41460CF032FD4F
:106F40007CE753F8042C511E002A43F8041C3FF739
:106F500070AF41460CF026FD6BE700BF283F0308E9
:106F6000C802002028320308980500206432030874
:106F7000483203080C3203082DE9F04188B00C4672
:106F800003A89046EDF74EF9214604A8EDF74AF91B
:106F9000214605A8EDF746F9039B53F80C3C1BB1BD
:106FA000049B53F80C3CCBB9D8F800305A499B6885
:106FB0005A4C40469847059BA3F10C00A04268D16B
:106FC000049BA3F10C00A04240F08280039BA3F13C
:106FD0000C00A04271D108B0BDE8F081059B53F8C8
:106FE0000C3C002BE0D04E4E03A8ECF7A3FF336817
:106FF0005A6953689268D21A920807463CD0002416
:1070000006E05D696B68AA68D21AB4EBA20F33D2AE
:1070100053F8240003683946DB689847A5003368B5
:1070200001340028EDD05B693C4C5B685D592B68EE
:1070300004A906A81E690CF0C2FE05A907A80CF059
:10704000BEFE284607AA06A9B047079BA3F10C027B
:10705000A242054654D1069BA3F10C02A24243D1A1
:1070600015B3D8F80000059900918568039A049B30
:107070002C494046A8479EE7D8F800302A499B682B
:10708000039A264C40469847059BA3F10C00A0426A
:1070900096D053F8042C511E002A43F8041C8FDCB0
:1070A00007A90CF07FFC8BE7D8F800301F499D68DA
:1070B000039A049B4046A8477DE753F8042C511ED1
:1070C000002A43F8041C86DC07A90CF06BFC82E75D
:1070D00053F8042C511E002A43F8041C3FF776AFE6
:1070E00007A90CF05FFC71E753F8041C481E002947
:1070F00043F8040CB4DC104607A90CF053FCAFE7CE
:1071000053F8041C481E002943F8040CA3DC104665
:1071100002A90CF047FC9EE7F03203089805002016
:10712000C80200207C320308D432030898320308D6
:1071300070B588B004A80D461446EDF773F804A89E
:107140003F490CF0BFFB002829D004A83D490CF0B2
:10715000B9FB90B104A83C490CF0B4FB002852D014
:1071600004A83A490CF0AEFB002825D02368384922
:107170009B68384D204698470AE0374B354D1B68D1
:107180005869E9F769FB236834499B6820469847AA
:10719000049BA3F10C00A84247D108B070BD2E4B50
:1071A0002C4D1B6801215869E9F764FB23682C49C1
:1071B0009B6820469847EBE7294605A8EDF732F88B
:1071C00005A906A8ECF708FF2168BDF81A50BDF81C
:1071D0001C0000950190BDF818308E68059A214971
:1071E0001C4D2046B047059BA3F10C00A842CFD010
:1071F00053F8042C511E002A43F8041CC8DC03A9D0
:107200000CF0D0FBC4E7144E124D336801215869CD
:10721000E9F730FB33685B6921461868E9F746FDFA
:1072200033685869E9F718FBB2E753F8042C511E8C
:10723000002A43F8041CB0DC06A90CF0B3FBACE751
:107240006033030880330308A0330308A83303081E
:10725000D833030898050020C802002088330308AB
:1072600068330308B4330308014B0360704700BF61
:107270002034030800EB810191ED040A704700BF40
:107280000529DABF00EB810191ED060ABFEE000A85
:10729000704700BF014B0360704700BF20340308F4
:1072A00010B5034B03600446EBF7EEFD204610BD1E
:1072B000F034030810B5054B03600446EBF7E4FD1A
:1072C0002046EBF737FD204610BD00BFF034030821
:1072D00010B5034B03600446EBF72CFD204610BDB0
:1072E0002034030810B5054B03600446C068EBF773
:1072F00021FD034B2360204610BD00BF3834030836
:107300002034030810B5064B03600446C068EBF751
:1073100011FD044B23602046EBF70CFD204610BD09
:10732000383403082034030810B5034B03600446C7
:10733000EBF700FD204610BD203403082DE9F04393
:107340000B7A9B078BB00F4680460BD50B6840F23B
:107350008B3293424ED0B3F5FA7F06D040F2F7124B
:10736000934202D00BB0BDE8F083002503AE2C465B
:10737000D8F8040003682146DB689847B5EE400A58
:10738000F1EE10FA04F10104A8BF0125072CA6ECC8
:10739000010AEDD1002DE5D0F8683C4903689B68EF
:1073A000984703AD0024F5EC017A022CF5EEC07A83
:1073B000D4BF04F1580604F13E06F1EE10FAF6B21D
:1073C00017EE900A04F101040CDB0CF07DFFFB6862
:1073D000D3F800E0CDE9000132462D49DEF808601F
:1073E0001846B047072CDED1F8682A4903689B6825
:1073F0009847B7E708464521F4F70EFFE8B9044679
:1074000002E00134072CADD0022CD4BF04F15805A2
:1074100004F13E05EDB238462946F4F7FDFE00289A
:10742000EFD0294638460022F4F70AFFD8F80400C6
:10743000036821469B689847E3E7FA68164B116892
:1074400018689C799D88039003AE8B68B471B580F1
:10745000104612499847002402E00134072C81D0DD
:10746000355D38462946F4F7D7FE0028F5D0D8F820
:107470000490D9F800302946384600229D68F4F778
:10748000DFFE48462146A847E7E700BFB8340308B7
:10749000C81B030860410308603403087434030800
:1074A00010B52DED028B052984B0044655DC9FED07
:1074B000318AB4EEC80AF1EE10FA52D408D4B0EE14
:1074C000008AB4EEC80AF1EE10FAD8BFB0EE408AD6
:1074D00004EB810383ED068A274BA27C1868029097
:1074E0009B888DED018A9007ADF80C300AD512F01B
:1074F000010F227CE36814BF01204FF4803000FAB2
:1075000002F29A61606904AB1944036811F8081C1F
:107510009B689847DFED196A9FED197ADFED197ABC
:10752000606928EE268A036828EE078A9B6888EE41
:10753000278ABDEEC88A18EE101AC9B29847A37CF4
:107540009A070AD513F0010F227CE3680CBF0121D2
:107550004FF4803101FA02F29A6104B0BDEC028B63
:1075600010BD00EB8104084BA36104B0BDEC028B9D
:1075700010BD00BF000000006834030800007A441A
:107580000000C84200C03944000080BFF0B52DEDB6
:10759000028BB5EEC00AF1EE10FA83B0B0EE408A6D
:1075A00004460D4669D448BF9FED398AD0ED027A72
:1075B000B4EE678AF1EE10FAC8BFB0EE678A00EB4E
:1075C0008103032983ED048A5FDD0D1FAB0803F1FE
:1075D0002D067600A5EB8305F6B2E0680AF0E4FE1E
:1075E0003146E0680AF0DEFEE06840210AF0DAFE8B
:1075F000FF21E0680AF0D6FEE0680AF0D7FEE068F6
:107600000AF0D2FE3146E0680AF0CCFEE068A02124
:107610000AF0C8FEFF21E0680AF0C4FEE0680AF044
:10762000C5FE94ED010A1B4B28EE000A1868019074
:1076300002AB1D440DF004FBBDEEC00A15F8045C5E
:10764000E06810EE107A0AF0AFFE3146E0680AF00A
:10765000A9FE2946E0680AF0A5FEFF2FB4BF39460F
:10766000FF21C9B2E0680AF09DFEE06803B0BDECFE
:10767000028BBDE8F0400AF099BE00EB8104064B96
:10768000236103B0BDEC028BF0BD5826A5E700BF17
:107690000000000070340308000080BF2DE9F043B3
:1076A000A84D2968002285B013460446486949F26E
:1076B000BA71E9F717F90021E9F7C0FDE9F7A8FD6C
:1076C00038B91CB1236820465B68984705B0BDE80F
:1076D000F083606810B103685B6898472B689A4E26
:1076E00058690022134645F69841E9F7FBF86A46C7
:1076F0000746964903A80CF0EFFB384603A9E9F7C3
:10770000ADFD014602A8E9F77DFD02A8ECF712FCE9
:10771000029B0746A3F10C00B04240F07281039B2C
:10772000A3F10C00B04240F0788148F610539F421C
:1077300000F0EB8044F293039F424FF0300000F0E2
:107740000F810BF0DFFD824B036006460C200BF02F
:10775000D9FD0A22074609210AF00CFE44F62061F1
:10776000F76038460AF014FE7A4906F11002082341
:10777000013B42F8041BFBD166602B68002241F6F6
:10778000FE3158691346E9F7ADF8B0EE000AE9F7A3
:107790005FFDE9F7D9FC2B6886ED020A002245F26D
:1077A000D301586967681346E9F79CF89FED6A0AA8
:1077B000E9F74EFDE9F7C8FC66682B68316858693F
:1077C00087ED010A002213468F6845F26D71E9F7D3
:1077D00089F89FED620AE9F73BFDE9F7B5FC304611
:1077E0000021B84766682A68336850699F6800229C
:1077F00013464EF60331E9F775F89FED580AE9F79D
:1078000027FDE9F7A1FC30460121B84766682A68E0
:10781000336850699F680022134643F26A21E9F7F2
:1078200061F89FED4E0AE9F713FDE9F78DFC30464C
:107830000221B84766682A68336850699F68002249
:10784000134647F27161E9F74DF89FED440AE9F7F5
:10785000FFFCE9F779FC30460321B84766682A68DF
:10786000336850699F68002213464CF26241E9F781
:1078700039F84FF0FF31E9F7E1FCE9F765FC3046F4
:107880000421B84766682A68336850699F680022F7
:10789000134640F61B51E9F725F84FF0FF31E9F7A1
:1078A000CDFCE9F751FC30460521B84766682A68E7
:1078B000336850699F680022134644F6A071E9F7C7
:1078C00011F84FF0FF31E9F7B9FCE9F73DFC30461C
:1078D0000621B84766682A68336850699D680022A7
:1078E000134641F67D61E8F7FDFF4FF0FF31E9F700
:1078F000A5FCE9F729FC30460721A84720460221CC
:10790000EBF7D8FA05B0BDE8F08330200BF0FAFCB5
:107910000F4B036006460C200BF0F4FC0A220746CE
:1079200009210AF027FD44F62061F76038460AF085
:107930002FFD084906F110020823013B42F8041B01
:10794000FBD119E7C802002098050020D8340308AD
:1079500038340308000080BFF6A8E242CDCC4C3F8B
:107960000BF0D0FC8046384B48F80C3B07464046AD
:10797000EBF7E4FA34200BF0C5FC0723814609211C
:1079800008220AF0A3FD02AA3049C7F8149003A800
:107990000CF0A2FA03A94046EBF756FB837999074E
:1079A0000ED502790368520019684FF0030E0EFAE3
:1079B00002FE012021EA0E0100FA02F20A431A60D7
:1079C000039BA3F10C00B04233D1BB7C9A0708D5CE
:1079D00013F0010F3A7CFB680DD1012101FA02F28C
:1079E0009A611B4BBB61FB613B627B62BB62FB62CA
:1079F0003E466760C1E64FF4803101FA02F29A61B7
:107A0000EFE753F8042C511E002A43F8041C3FF7FB
:107A100086AE01A90BF0C6FF81E653F8042C511E77
:107A2000002A43F8041C3FF780AE02A90BF0BAFF0E
:107A30007BE653F8042C511E002A43F8041CC4DCD6
:107A400001A90BF0AFFFC0E750340308E03403088E
:107A5000000080BF10B50446EBF726FA024B236006
:107A600000236360204610BDF034030810B5034BBB
:107A700003600446EBF708FA204610BD28350308DA
:107A800010B5054B03600446EBF7FEF92046EBF713
:107A900051F9204610BD00BF2835030810B5437BBF
:107AA00003F00F03012B16D0437B03F00F03062BCB
:107AB00000D010BD114C206890F8A8309B07F8D575
:107AC00007210122EAF746FA23680D49586803683E
:107AD0009B68984710BD094C206890F8A820C2F315
:107AE0004002002AE5D10721EAF734FA2368054964
:107AF000586803689B68984710BD00BFC802002003
:107B0000943503085835030810B4594B1A68437B61
:107B100092F8A82003F00F03C2F34002072B0BD802
:107B2000DFE803F01D262E3E515E040E22B9838944
:107B3000072262F30B23838100205DF8044B70471A
:107B4000837A9A07F8D54268017A1269CA4053408D
:107B5000DB07F1D583896FF30B238381ECE7837A0D
:107B6000990769D48389012262F30B238381E3E7B8
:107B7000002AE1D08389022262F30B238381DBE7B1
:107B8000837A9A07D8D54268017A1269CA4053406D
:107B9000DB07D1D58389032262F30B238381CBE7F3
:107BA0001AB9838962F30B238381437BDC06C3D537
:107BB00099063BD4837A9A0750D48389042262F3CE
:107BC0000B238381B8E7037B6FF30503037383897A
:107BD000052262F30B2383815DF8044B002070477C
:107BE000017B04694B1C03F03F0363F30501B3EB16
:107BF000440F01730BD98389062161F30B23838121
:107C0000002A99D1838962F30B23838194E7837AD5
:107C10009C07F5D54168047A0969E1404B40D907D2
:107C2000EED5037B6FF305030373E9E7838906222F
:107C300062F30B2383817FE74168047A0969E1409D
:107C40004B40DB078ED5437BDC067FF575AF99068D
:107C50003FF572AF002A3FF46FAF9BE74268017AAD
:107C60001269CA405340DB073FF566AFA5E700BF86
:107C7000C802002010B50446EBF716F92046054B64
:107C800040F8043BEBF75AF9A3896FF30B23A38168
:107C9000204610BD283503082DE9F041B14D296873
:107CA000002288B01346044648694DF6E601E8F71D
:107CB00019FE0021E9F7C2FAE9F7AAFA06460028F8
:107CC00000F0D2802B680022586942F25A211346F4
:107CD000E8F708FE0121E9F7B1FAE9F799FA637BC1
:107CE00060F3041363732B68002258694EF2583115
:107CF0001346E8F7F7FD0021E9F7A0FAE9F788FA5B
:107D0000637B60F34513637304A8EBF717F92B68E3
:107D10000022586947F6C5711346E8F7E3FD01AA4A
:107D20000646914903A80CF0D7F8304603A9E9F7B5
:107D300095FA06AE01463046E9F764FA04A83146E2
:107D4000EBF782F983799A0700F1B880069B874F99
:107D5000A3F10C00B84240F0C780039BA3F10C00D4
:107D6000B84240F0DA802B680022586945F653711A
:107D70001346E8F7B7FD01AA80467D4903A80CF039
:107D8000ABF8404603A9E9F769FA04F10408014693
:107D90003046E9F737FA40463146EBF755F9837933
:107DA0009B0700F19680069BA3F10C00B84240F0BF
:107DB000C080039BA3F10C00B84240F0C680A37AB8
:107DC000980769D520460321EBF774F82B68002249
:107DD000586949F2F8411346E8F784FD0521E9F7AF
:107DE0002DFAE9F7B1F9BCEEC00A2B6884ED040A5C
:107DF000182010EE107AD3F824800BF083FA054691
:107E0000E9F7D4FA5B4B03951B689B0BB3FBF7F3C5
:107E100000EE103AB8EEC00A0CF0A6FFBDEEC00AA4
:107E200055496C60002385ED040A0793069196E896
:107E3000030005F1080383E8030085ED050A72B627
:107E4000D8F810309F425BD8D8F80830D8F80C200A
:107E500093425CD0039A13B11A60D8F80830043307
:107E6000C8F8083062B614E02B6846F274115869FD
:107E700032463346E8F736FD3146E9F7DFF9E9F7F0
:107E8000C7F900287FF41EAF1CB1236820465B6849
:107E9000984708B0BDE8F0819DF816309907F3D5F2
:107EA0009DF816300498BDF814206060A8F80420EE
:107EB00088F80630A37A9B07E6D583E70279036842
:107EC00052001968032000FA02F221EA02021A6045
:107ED0003CE70279036852001968032000FA02F2B5
:107EE00021EA02021A605EE753F8042C511E002AB0
:107EF00043F8041C3FF731AF02A90BF053FD2CE708
:107F0000C8F8107039464046EBF71EFB9CE708F1B5
:107F1000040003A9EDF70AF8A4E753F8042C511E56
:107F2000002A43F8041C3FF71EAF31460BF03AFD20
:107F300019E753F8042C511E002A43F8041C3FF79C
:107F400038AF02A90BF02EFD33E753F8042C511E75
:107F5000002A43F8041C3FF732AF31460BF022FDF4
:107F60002DE700BFC8020020BC350308980500209B
:107F7000EC0F0308D0010020097B010890F82430A1
:107F8000A3F1580210B4D4B2022C88BFA3F13E0270
:107F9000012913D051B990F8263043F002036FF352
:107FA000820380F826305DF8044B7047CB07FAD483
:107FB000022303FA02F21142EDD1F4E790F82630E1
:107FC0005DF8044B43F0060380F82630704700BF8D
:107FD00010B5034B03600446EAF756FF204610BD78
:107FE000A038030810B5054B03600446EAF74CFFC0
:107FF0002046EAF79FFE204610BD00BFA0380308C8
:1080000008B501B108BD0368DB6A984708BD00BF29
:1080100038B5124D2B6893F8A8309A07044617D448
:10802000037C13B1012B14D038BD406906F090FCDD
:1080300094F826309B060BD550B128680721002202
:10804000E9F788FF2B680649586803689B689847DA
:1080500038BD406907F044FDEAE700BFC8020020D0
:10806000C4350308022A38B504460ED0032A07D0C7
:10807000012A01D0002038BD0B680360002038BD04
:108080000068EAF757FE002038BD0C200D680BF0A1
:1080900039F9034695E8070083E8070023600020CC
:1080A00038BD00BF70B504686568A068EE0706D5E6
:1080B0006D10266844592844A459A04770BD24680F
:1080C00000EB6500A04770BD2DE9F8430646807AB5
:1080D0008846C0F340011746994639B1C007327A45
:1080E000736826D5012000FA02F29A61002FC8BFFA
:1080F00000240DDDF06818F804100568AD68A84785
:1081000009F804000134BC42F4D1B17AC1F3400152
:1081100061B1B37A327A13F0010F08BF012173689D
:1081200018BF4FF4803101FA02F29A613846BDE877
:10813000F8834FF4803000FA02F29A61D6E700BF6C
:1081400038B504460D46EAF7AFFE20460A4B40F824
:10815000043BEAF7F3FE94F8263094F8252003F068
:10816000F5036FF3041365F3030284F8263084F8F3
:108170002520204638BD00BFA0380308037C2BB162
:10818000012B02D1406906F09BBC7047406905F0A5
:108190004BBF00BF10B504460846237C53B1012BEA
:1081A00007D1606906F0ACFD6069BDE8104006F0DB
:1081B0000DBE10BD6069BDE8104005F0E1BF00BF15
:1081C000037C10B5044613B1012B0DD010BD4069DE
:1081D00006F06CF82046E169FFF7D0FF2046216ADF
:1081E000BDE81040FFF7D6BF406907F055F8F1E74A
:1081F0002DE9F04FBD4EBE4D33682DED028B0A4682
:108200008DB00F46044646F28431586943F2B653A6
:10821000E8F768FB05AA8046B64908A80BF05CFEA3
:1082200008A94046E9F71AF8014606A8E8F7EAFF68
:10823000089BA3F10C00A84240F0E682069B53F88D
:108240000C2C002A00F0E88153F8042C002A03DBF0
:1082500006A80BF00DFC069B1B7884F82430A3F1D4
:108260005802022A03D9413B022B00F234823368C0
:1082700046F2843158693A4640F22B33E8F732FB34
:1082800004AA80469C4907A80BF026FE07A9404691
:10829000E8F7E4FF014608A8E8F7B4FF201D08A9A5
:1082A000EAF7D2FE83799B0700F19281089BA3F144
:1082B0000C00A84240F0C082079BA3F10C00A8422A
:1082C00040F0AE82A37AC3F34008B8F1000F00F08B
:1082D0008F8113F0010F227A63680CBF01214FF4E4
:1082E000803101FA02F29A61336846F284315869AA
:1082F0003A4640F6A523E8F7F5FA04AA81467D49F7
:1083000007A80BF0E9FD07A94846E8F7A7FF0146D3
:1083100008A8E8F777FF06A808A90BF02EFA089B33
:10832000A3F10C00A84240F09382079BA3F10C003C
:10833000A84240F09982069B53F80C3C002B00F0B9
:10834000C08106A86D490BF0BDFA8146002800F0F7
:10835000988106A86A490BF0B5FA8146002840F0DA
:10836000D681012323740C20CDF828900AF0CAFF8F
:10837000644BC0F8049003608460634B634A0890C8
:108380003C200A930B920AF0BDFF08A994F8242020
:10839000814606F077FB0A9BC4F814901BB108A82D
:1083A0000146032298473368DFF840A158693A46EE
:1083B00045F2887346F28431E8F794FA0121E8F730
:1083C0003DFFE8F7C1FE3368BDEEC00A3A4646F20B
:1083D0008431586946F6823310EE109AE8F782FA33
:1083E0004B49E8F72BFFE8F7AFFEB0EE408AB9F152
:1083F000000F00F07981B9F1010F40F07B814FF05F
:10840000070A4FF0080B0921342003910AF07AFF84
:1084100053465A46039981460AF058F8BDEEC88A79
:10842000484618EE101AC4F80C900AF093F8E06869
:10843000082103220AF082F8237C002B00F07381CC
:10844000012B02D140F6B833A36133683A4646F2B5
:10845000843158694BF6AC03E8F744FAA169E8F7B0
:10846000EDFEE8F771FE3368BCEEC00A3A46586983
:1084700084ED060A062346F28431E8F733FA4FF416
:108480007A71E8F7DBFEE8F75FFE3368BCEEC00AFE
:108490003A46586984ED070A46F64D3346F2843170
:1084A000E8F720FA1021E8F7C9FEE8F74DFEBCEE28
:1084B000C00A204684ED080A3946FFF781FE33687A
:1084C00046F2843158693A4648F63F13E8F70AFA0B
:1084D00004AA8146074907A80BF0FEFC07A94846F5
:1084E000E8F7BCFE014608A814E000BFC80200205F
:1084F00098050020283F0308EC0F030818360308EE
:1085000010360308C980010865800108A5800108AC
:1085100040420F00E8F776FE06A808A90BF02DF9F7
:10852000089BA3F10C00A84240F0D681079BA3F161
:108530000C00A84240F0C481069951F80C3C002B75
:1085400040F0F58094F8262063F3000284F826209A
:1085500020460221EAF7AEFC20460721EAF7AAFCF2
:1085600020460821EAF7A6FC20460321EAF7A2FCF0
:108570003368DFF84493586946F284313A4640F64E
:108580000F73E8F7AFF90021E8F758FEE8F740FE6F
:10859000002840F0F9803268217C506894F825303A
:1085A000066894F82420B668012903F00F0300F050
:1085B0001581DFF808E3B24F002918BF7746617ACA
:1085C000247A009744EA01210191AE49B04717E0AF
:1085D00002790368520019684FF0030E0EFA02FE8A
:1085E000012021EA0E0100FA02F20A431A605DE658
:1085F000336894F824205868A34903689B68984717
:10860000069BA3F10C00A84240F0F28040460DB05A
:10861000BDEC028BBDE8F08F336846F284315869B7
:108620003A464CF23423E8F75DF904AA80469749AC
:1086300007A80BF051FC07A94046E8F70FFE0146DA
:1086400008A8E8F7DFFD06A808A90BF096F8089B34
:10865000A3F10C00A84240F04B81079BA3F10C0052
:10866000A84240F05181069B53F80C2C002A7FF45D
:10867000EBAD33688649586803689B689046984715
:10868000BEE720740C20CDF828900AF03BFE814B09
:10869000C0F80490036084607F4B804A08902C20CF
:1086A0000A930B920AF02EFE08A994F82420814622
:1086B00005F086FC0A9BC4F81490002B7FF46FAE83
:1086C00071E6316894F82420486875490468A46804
:1086D0009846A04794E733687249586803689B68D6
:1086E00098474FF000088BE74FF00F0A4FF0110B3F
:1086F000122189E6DAF8003094F8242058686A4993
:1087000004684B46A468A0474FF0000878E7336838
:1087100094F82420586865490468069BA468A0471B
:108720004FF000086CE74FF47A63A3618DE694F88C
:10873000263043F0010308A884F826301022ECF715
:1087400087F90898DDF824A0504541D0217C814666
:108750004FF0000B0BE0012907D10BF1010B54493D
:1087600060695A4607F0C4F9217CCA4526D059F8F9
:10877000043B0029EFD10BF1010B4D4960695A46CA
:1087800005F014FE217CF0E7D9F800303A4658692C
:1087900046F2843143F65613E8F7A4F80021E8F7CF
:1087A0004DFDE8F735FD94F8263060F3451384F865
:1087B000263020460421EAF77DFBECE681B1012951
:1087C00005D160693A49FF22002307F091F9089822
:1087D00000283FF4BDAEEAF7ADFAB9E6354FEEE654
:1087E0000B4660693249FF2205F0E0FD0898EFE78B
:1087F00053F8042C511E002A43F8041C3FF706AF1F
:1088000008A90BF0CFF801E753F8042C511E002AF9
:1088100043F8041C3FF712AD07A90BF0C3F80DE5B0
:1088200053F8042C511E002A43F8041C3FF74AADAC
:1088300008A90BF0B7F845E553F8042C511E002A9F
:1088400043F8041C3FF738AD05A90BF0ABF833E54E
:1088500053F8042C511E002A43F8041C3FF765AD61
:1088600005A90BF09FF860E553F8042C511E002A6F
:1088700043F8041C3FF75FAD08A90BF093F85AE5E5
:10888000183603085C37030884360308283F0308BA
:1088900020360308C980010865800108A580010809
:1088A000BC3603084C36030824370308F0360308A7
:1088B0002C03002010360308C802002008360308E5
:1088C00053F8042C511E002A43F8041C3FF734AE21
:1088D00008A90BF067F82FE653F8042C511E002A64
:1088E00043F8041C3FF722AE05A90BF05BF81DE628
:1088F00053F8042C511E002A43F8041C3FF7ADAE78
:1089000005A90BF04FF8A8E653F8042C511E002AD5
:1089100043F8041C3FF7A7AE08A90BF043F8A2E602
:108920002DE9F04F294F3A6885B00023824601A90E
:108930005069019346F2843202930393E7F784FF70
:10894000019C029EB44218BF4FF0010902D12BE0F6
:10895000A64229D03B6834F8025B58692A4646F2A1
:10896000843147F26933E7F7BDFFE8F751FC00288F
:10897000EED028200AF0C6FC4946804609F1010BDA
:10898000FFF7DEFB404629465FFA8BFBFFF730FC22
:10899000C8B94046B8F1000F15D0D8F800305B6870
:1089A0009847A642D946D5D1BAF1000F04D0DAF8DB
:1089B000003050465B689847019808B1EAF7BAF969
:1089C00005B0BDE8F08FD946C2E700BFC80200205D
:1089D000037C2BB1012B02D1406906F027BC704704
:1089E000406905F01DBC00BF90F826108A0700D42E
:1089F00070476FF3410180F82610C1F38001FFF743
:108A0000E7BF00BF037C2BB1012B02D1406906F008
:108A100075BE7047406905F06FBD00BF38B5057C75
:108A20000C468DB1012D09D1406907F061F828B1DC
:108A3000236807499B682046984738BD2368054945
:108A40009B682046984738BD406905F0AFFCEEE7CB
:108A5000A0370308C037030870B50C46064609B9AD
:108A60000AE02C463046E168FFF7F6FFA56820468D
:108A7000EAF760F9002DF4D170BD00BF30B5037C7A
:108A8000012B87B004460D4601D007B030BD6846C3
:108A9000F3F776FE059B2BB968460299FFF7DCFFDA
:108AA00007B030BD6069694607F060F928B1E86831
:108AB000054903689B689847EEE7E868034903683F
:108AC0009B689847E8E700BFDC370308EC370308EA
:108AD000F0B50A7A2DED028B0C46910783B005465E
:108AE00014D5236840F28A318B4200F0868040F230
:108AF0008D318B4229D040F28F318B4249D0B3F572
:108B0000FA7F07D040F2F712934203D003B0BDECD6
:108B1000028BF0BD95F826301A0700F18E80DB0637
:108B2000F4D5E06895F8253002689649966895F87E
:108B3000242003F00F03B047E0689349036895F8D9
:108B400024209C682B6AA047E0E7204695F8241073
:108B5000F3F762FB0028D9D0204695F824102E6A3E
:108B60000022F3F76DFBBCEEC00A284610EE101A87
:108B700085ED080AFFF70EFB237A28625B09012BBB
:108B800000F08B8095F8263043F0100385F82630EE
:108B9000BCE7520967D020465021F3F73DFB20B3D4
:108BA000204650210022F3F74BFB95F8253003F0C7
:108BB0000F0307EE103AF8EEC77AB4EE670AF1EE4B
:108BC00010FA12D1237A5B09012B00F0AB80022B43
:108BD00000F0A080032B99D12846214603B0BDECBC
:108BE000028BBDE8F040FFF749BF204695F82410FE
:108BF000F3F712FB0028E5D188E7204695F824100A
:108C0000F3F70AFB002881D0204695F824100022B3
:108C1000F3F716FBBCEEC00AAB6910EE101A9942CE
:108C200028BF19462846E961FFF7A8FA95F82630CB
:108C300043F0080385F8263068E7E06895F82530AA
:108C400002685249966895F8242003F00F03B04754
:108C5000E0684F49036895F824209E68EB69B047A7
:108C600095F826305BE72046F3F756FB002892D1B3
:108C7000E06895F82520036846499E6895F82430F9
:108C800002F00F02B047E1682846012203B0BDECB4
:108C9000028BBDE8F040FFF7B5BE86423FF472AFED
:108CA00095F824303C4FA3F15802D1B2022988BF75
:108CB000A3F13E023B68DB6893F89C1191427FF67A
:108CC00061AF07EE100AB8EE478A07EE106AF8EEB9
:108CD000477A9B6888EE278A53F822301846D3EDEE
:108CE000087A28EE278AB0EE480AEAF769FD18EEFE
:108CF000100A0BF0E9FAE36895F824201C68CDE926
:108D000000012649A4681846A0473B68D868EFF7D9
:108D1000BBFB37E720465221F3F77EFA68B9237A86
:108D20005B0957E720465221E468F3F775FA80F0B3
:108D30000102D2B221462846A8E720465621F3F781
:108D40006BFA0028EBD0204652210022E668F3F7A8
:108D500077FA204656210022B0EE408AF3F770FAE7
:108D6000BCEEC88ABCEEC00A18EE102A10EE103A0B
:108D70002846314603B0BDEC028BBDE8F040FFF75A
:108D80004DBE00BF54380308743803082838030860
:108D90004838030880380308C80200200838030850
:108DA00090F850305B0702D5836A013383627047C5
:108DB0008A88F8B54EF68F739A420C46054600D065
:108DC000F8BDCB8841F23332934245D043F20B7267
:108DD000934235D049F678229342F1D1294E336837
:108DE000D9073ED52B6A002BEADD95F850205207B3
:108DF000E6D56A6A9FED247A244EA96A71609A1AB0
:108E000006EE903A00EE102AF8EEE67AB8EE400A46
:108E100037EEC00A20EE070A80EE270A0CF048F869
:108E20003046291DBCEEC00A10EE103A40F8083B4F
:108E30000AF0D1FF237CE66043F003032374F8BDFE
:108E400090F85010C1F3C001227C114BE36042F056
:108E5000030222741970F8BD90F85010C1F380011C
:108E6000F2E730460AF062FA0028BBD0074F094B00
:108E7000BB6030460AF068FA38460749074A0AF0EC
:108E800066FAAFE7700300200000C84260030020CC
:108E90006C030020A4050020A18E01088801002099
:108EA00010B583680A4A0446A3F10C00904282B0D0
:108EB00002D1204602B010BD53F8042C511E002AE6
:108EC00043F8041CF5DC01A90AF06CFDF1E700BFD2
:108ED000980500202DE9F041012184B00446E9F70E
:108EE000E9FF20460021E9F7E5FF20460421E9F7E4
:108EF000E1FF20460521E9F7DDFF20460621E9F7DD
:108F0000D9FF994D994E20460221E9F7D3FF20461B
:108F10000721E9F7CFFF2B68002258694AF2567102
:108F20001346E7F7DFFC6A460746914902A80AF0B4
:108F3000D3FF02A93846E8F791F9014603A8E8F7FC
:108F400061F904F1100003A90AF017FC039BA3F1D7
:108F50000C00B04240F0E380029BA3F10C00B04251
:108F600040F0F5802B680022586941F21F3113460A
:108F7000E7F7B8FC0121E8F761F9E8F749F994F857
:108F80005030296860F30003002284F850304869AB
:108F9000134643F2DB21E7F7A5FC6A46074675490D
:108FA00002A80AF099FF02A93846E8F757F904F138
:108FB0000808014603A8E8F725F9404603A90AF086
:108FC000DCFB039BA3F10C00B04240F0B480029B99
:108FD000A3F10C00B04240F08B802B68002258694E
:108FE00042F2CB311346E7F77DFC6A4607466149FA
:108FF00002A80AF071FF384602A9E8F72FF904F138
:109000000C07014603A8E8F7FDF8384603A90AF063
:10901000B4FB039BA3F10C00B0425ED1029BA3F111
:109020000C00B04270D1A66856F8043C002B50DB0F
:1090300040460AF01DFDA66856F8043C002B48DBAC
:1090400040460AF015FDA36853F80C1C19448E42E3
:1090500009D03346202013F8012B5F2A08BF03F8FC
:10906000010C8B42F7D1E66856F8043C002B32DB4A
:1090700038460AF0FDFCE66856F8043C002B2ADB73
:1090800038460AF0F5FCE36853F80C1C19448E428C
:1090900009D03346202013F8012B5F2A08BF03F8BC
:1090A000010C8B42F7D12B68002258694CF6FE2147
:1090B0001346E7F717FC0021E8F7C0F8E8F7A8F82F
:1090C00094F8503060F3451384F8503004B0BDE894
:1090D000F0813346B8E73346D6E753F8042C511EE7
:1090E000002A43F8041C99DC01A90AF05BFC95E70F
:1090F00053F8042C511E002A43F8041C3FF76DAFAF
:1091000003A90AF04FFC68E753F8042C511E002A0B
:1091100043F8041C87DC03A90AF044FC83E753F8F6
:10912000042C511E002A43F8041C3FF715AF01A977
:109130000AF038FC10E753F8042C511E002A43F8BB
:10914000041C3FF744AF01A90AF02CFC3FE753F899
:10915000042C511E002A43F8041C3FF703AF03A957
:109160000AF020FCFEE600BFC8020020980500209F
:10917000D4380308283F030838B50446E9F794FEBD
:1091800094F8505094F851000F4B2360002363F380
:10919000030005F0F9050D4A84F8510004F13C0183
:1091A00063F3C30584F8505084F83C302364E364CF
:1091B000E361A362A3616164A1646260A260E26092
:1091C0002261204638BD00BF803D0308A405002071
:1091D000F0B5274F0760022383B0044615461046BA
:1091E000244900220AF0DEFA431C064624D02B68EC
:1091F00053F80C3C984222D84FF0FF3329463246B0
:1092000001A80AF025FE204601A90AF0B6FA019B42
:109210000C3FA3F10C00B8421FD13346294600226F
:1092200001A80AF015FE284601A90AF0A6FA019B3A
:10923000A3F10C00B84205D1204603B0F0BD0E48A2
:109240000AF0D7FE53F8042C511E002A43F8041CE0
:10925000F2DC69460AF0A6FBEEE753F8042C511E37
:10926000002A43F8041CD8DC69460AF09BFBD4E7CB
:10927000A4050020E8380308B80B0308F0B50D4634
:1092800085B001460446164601A82A46FFF7A0FF0E
:10929000294602A80AF093FD02A903A8EBF754F8A7
:1092A000201D03A90AF069FA039B4C4DA3F10C00A1
:1092B000A8427ED1029BA3F10C00A8426ED194F883
:1092C00050305A0750D41B074ED4E06908B10DF056
:1092D0003BFC606842490DF0D9FE3368E06100282C
:1092E00056D040499B6862683046984794F85030A1
:1092F0003D4943F0040384F850300022022301A8C2
:109300000AF092FA013018BF384BE06916BF1B68AB
:1093100000235B686361002102220EF063F80746B8
:1093200000282DD1E0690EF00FF9394620623A4647
:10933000E0690EF057F833682D499B68226A304681
:109340009847019AA2F10C000023A8426362A3622D
:1093500014D052F8043C591E002B42F8041C0DDCBA
:1093600003A90AF01FFB09E0336822499B683046D5
:109370009847019BA3F10C00A84226D105B0F0BD8F
:1093800033681D499B683046984700232362D8E71D
:1093900062689B68194930469847EAE753F8042CFD
:1093A000511E002A43F8041C89DC03A90AF0FAFACA
:1093B00085E753F8042C511E002A43F8041C3FF79C
:1093C00079AF69460AF0EEFA74E753F8042C511E9F
:1093D000002A43F8041CD1DCC2E700BF9805002036
:1093E000004E03082C3903083C390308C80200204A
:1093F00064390308EC3803084039030814390308BA
:109400002DE9F04786B0044605A81546EAF70AFF9D
:10941000022305A8514900220AF006FA94F85030B8
:10942000013018BF01205B074BD5236A002B6DDD8F
:10943000A66A626A0A2E59D9B2FBF6F7991A0FB1D9
:10944000B1FBF7F7002855D107EE103AF8EEC77ACE
:1094500007EE101AB8EE470A9FED417ADFF824A113
:10946000DFF8248137EEC00A4FF4616920EE070A65
:1094700080EE270A0BF01CFDAAFB0603DB0AA8FB03
:10948000061209FB136E5209A8FB0E0EC2EB021066
:10949000296862680093A6EB80064FEA5E13BCEE73
:1094A000C00A019302968C682E4910EE103A2846A5
:1094B000A047002F30D12B682B499B68284698473E
:1094C00009E0E369E3B12B6870B128499E68626ADC
:1094D000236A2846B047059B254AA3F10C00904219
:1094E00030D106B0BDE8F0872249EFE70027991A8E
:1094F0000028A9D028681D4984682846A047EAE7C3
:109500002B681D499B6828469847E4E72B681B4950
:109510009B6828469847DEE7A8FB0713AAFB0702CB
:109520005B09D20AC3EB0313296809FB1279A7EB85
:1095300083070097A8FB09038C6811495B0928463B
:10954000A047B8E753F8042C511E002A43F8041C26
:10955000C7DC04A90AF026FAC3E700BF783903087C
:109560000000C842D0390308F84303087C390308D7
:109570009805002098390308B83903082C3A0308E5
:109580000C3A0308C5B3A29189888888F8B590F889
:1095900050305B0704460E46174601D4C3693BB3FF
:1095A00094F85030154903F0F70300256FF3820358
:1095B00084F850302A4665622562201D0AF09EFA22
:1095C0006561E0690DF0C0FA3368E56153F80C3C61
:1095D0006BB90B4C23689869EEF7A8FB2368D86831
:1095E000EFF716FA3B6807499B6838469847F8BD7D
:1095F000136805499B6810469847F8BD283F030843
:10960000C8020020443A0308B839030830B58A88F4
:109610004EF68F739A4285B00C46054601D005B0D0
:1096200030BDCA884BF631239A42F8D10F4901AABE
:1096300003A80AF051FC28460D4A03A9FFF7A6FF2C
:10964000039B0C4AA3F10C00904204D1237C43F00D
:1096500001032374E3E753F8042C511E002A43F856
:10966000041CF3DC02A90AF09DF9EFE7283F030888
:109670002C0300209805002070B590F85050136816
:10968000C5F3C00504460E463DBB9B681C49104609
:10969000984730461B490AF015F994F85030D0F13C
:1096A000010038BF002060F38613DBB243F00803EB
:1096B000C3F380061A4684F850309EB165F38202E7
:1096C000D2B242F0100284F8502094F851300A22AD
:1096D00062F3030384F8513070BD0B499B68104658
:1096E000984770BD094B0A491B68586803689B6816
:1096F000984794F8503066F3041384F85030E4E748
:10970000A03A0308D43A03088C3A0308C8020020A0
:10971000D83A030870B50C46064609B90AE02C464B
:109720003046E168FFF7F6FFA5682046E9F702FB3F
:10973000002DF4D170BD00BF30B5044685B009B12D
:1097400005B030BD90F85030590729D41A07F7D525
:10975000224D2A686FF3C30384F85030D068EEF7C7
:10976000CFFD04F13800216CFFF7D4FF94F85100CD
:1097700094F850201A49002363F3030084F8510041
:109780002D68236404F13C006064A0646868E364AD
:10979000056863F3041284F85020AB689847CFE75C
:1097A000104901AA03A80AF097FB20460E4A03A914
:1097B000FFF7ECFE039B0D4AA3F10C00904202D18F
:1097C00094F85030C2E753F8042C511E002A43F895
:1097D000041CF5DC02A90AF0E5F8F1E7C802002054
:1097E000EC3A0308FC1503082C0300209805002020
:1097F0002DE9F04F90F85030B5B013F0080F0D90F0
:109800009146136800F09781A7499B6810469847D6
:109810000D99CB6C002B00F095810D9B5D6C03F1D5
:109820003C04A54218BF14AF0ED06A69298A14926D
:109830003B4600224AF61640E9F70AFD284609F0A1
:10984000EEFD84420546F0D1D9F80030974A9B6876
:1098500097490F924846984707F056FD954E0E904F
:10986000A6F10C0A07F050FD0E9B9349C01A8842DE
:1098700000F210814FF000080D9AD2F844B05C4518
:109880004FF0000753D014ADBBF8102018964AF6DD
:1098900016404EF618312B46E9F7B0FC00283AD0B6
:1098A000B8F1000F2BD0D9F8003014989B680B93B7
:1098B000189B0C930AF008FDDDED157ABFEE007AD7
:1098C000F4EE477AF1EE10FA02460B4600F0DD8026
:1098D00017EE900A0A9209910AF0F6FCCDE906010A
:1098E0000A9A099B9DED067B16980490CDE900230A
:1098F0008DED027B0C9A71490B9B4846984757B9EE
:109900009DED147ADBED057AB4EEE77AF1EE10FA0C
:1099100054BF00270127189BA3F10C00504540F0CD
:109920005381584609F07BFD84428346ACD1B8F19F
:10993000000F40F0F9800F99002F40F0C9800B68AC
:1099400093F8A820920700F1CF800D9B574D196C1A
:1099500003F13800FFF7DEFE0F990D9A0B6854648F
:10996000002694641664D66493F8A820970700F143
:1099700016810D99CB6853F80C3C002B40F0ED801C
:109980004C4CDFF84881A4F10C0614AF0DF1480BE4
:10999000D9F800304A499B68484698470F990B68A8
:1099A000D868EEF7ADFC0F9A0D991368C86ADB68AA
:1099B00093F8345045F0020283F834200AF084FC16
:1099C000CDE900010D9A106B0AF07EFCCDE9020191
:1099D0000D9B586B0AF078FC0DF1D00A394ACDE99D
:1099E0000401802138460EF049FA4AF8844D384681
:1099F0000EF03BFB3946024650460AF07FF80F99BD
:109A0000CDF8488008685A460121E8F7A3FA139B6D
:109A1000A3F10C00B042C5F3400540F0EF800F9A6F
:109A2000224E1368DB6893F83410002265F341017D
:109A300083F834104AF67650134641F68911E9F757
:109A400007FC0F990B6893F8A840C4F34004002C5E
:109A50007DD1D9F800301C499B68484698470D993C
:109A600091F85030D80640F1AB8043F0040364F322
:109A7000041381F850300D9A92F850306FF3C303FD
:109A800082F8503035B0BDE8F08F9FED057B8DED4D
:109A9000067B27E707F038FC4FF001080E90EBE655
:109AA0000000000000000000103B0308C802002076
:109AB000283B0308A40500203F420F000C2A03089E
:109AC000843B0308B43B0308C83B03082C03002075
:109AD00008680D9A0321E8F73DFA0F9A136893F886
:109AE000A82095077FF5BEAE58684A4903689B6871
:109AF00098470F990B68D868EEF702FC0D9A116C25
:109B000002F13800FFF706FE0D9B0D9993F85020E7
:109B10005C64002363F3C3028C6481F850200B64FF
:109B2000CB6435B0BDE8F08FD9F800303A499B6876
:109B300048469847FFE639499B681046984735B034
:109B4000BDE8F08F364A0F9201F13C04FDE65868FB
:109B5000304903689B6898478DE7D9F80030314950
:109B60009B68314CDFF8C880484698470D9A159499
:109B700002F10C0114AF15A80AF02DF92868CDF8F0
:109B800050803A460121E8F7E5F9159BA4F10C064F
:109B9000A3F10C00B04223D10DF1480BF8E6586850
:109BA0001C4903689B6898472B68D868EEF7A8FBA8
:109BB0000D9A92F8503066F3C30382F85030B0E744
:109BC00033681A495868C4E753F8042C511E002A18
:109BD00043F8041C3FF7A5AE12A909F0E3FEA0E686
:109BE00053F8042C511E002A43F8041C0DF1480BB5
:109BF0003FF7CEAE594609F0D5FEC9E653F8042C1E
:109C0000511E002A43F8041C3FF709AF11A909F0BF
:109C1000C9FE04E7443B030860410308003B030816
:109C2000C80200205C3B0308A4050020DC3B0308BD
:109C30002C030020AFF3008070B5764B1B6893F8BF
:109C4000A8309B0786B0044601D506B070BD51F818
:109C5000043B049305A80AF0B2F805A901A80AF08C
:109C6000AEF8019D55F80C3C002B49D055F8043C4A
:109C7000002B03DB01A809F0FBFE019D2E78304686
:109C80000DF086FD00283BD055F8043C002B04DB8A
:109C900001A809F0EDFE019D2E7830460DF06EFD15
:109CA00070B302A801A9EAF7BDFA02A85A4909F05F
:109CB00009FE002839D101A903A80AF080F820463E
:109CC00003A9049A554CFFF7D9FA039BA3F10C00A2
:109CD000A0423ED1029BA3F10C00A04240F08E8036
:109CE000019BA3F10C00A0420FD053F8042C511E8D
:109CF000002A43F8041C08DC03A909F053FE04E021
:109D0000464CA5F10C00A04270D1059BA3F10C00BC
:109D1000A0429AD053F8042C511E002A43F8041C88
:109D200093DC03A909F03EFE8FE702A83C4909F045
:109D3000C9FDC8B901A903A80AF041F8204603A942
:109D4000049A364CFFF75CFB039BA3F10C00A04286
:109D5000C0D053F8042C511E002A43F8041CB9DC6F
:109D6000694609F01FFEB5E702A82E4909F0AAFDD1
:109D700078B901A903A80AF022F8204603A9049A99
:109D8000264CFFF703FC039BA3F10C00A042A1D0DB
:109D9000DFE702A8244909F095FD78B901A903A8D5
:109DA0000AF00DF8204603A9049A1C4CFFF764FC46
:109DB000039BA3F10C00A0428CD0CAE702A81B4968
:109DC00009F080FD08B1154C84E701A903A809F04A
:109DD000F6FF204603A9049A104CFFF709FD039BE8
:109DE000A3F10C00A0423FF475AFB2E755F8043C74
:109DF0005A1E002B45F8042C87DC7DE753F8042C11
:109E0000511E002A43F8041C3FF76AAF03A909F06A
:109E1000C9FD65E7C8020020143C0308980500202E
:109E2000F03B0308FC3B0308043C03080C3C03081C
:109E3000F0B587B002AA0C46064649699C4D05A8B4
:109E40000AF04AF803A805A9EAF73CFA059BA3F132
:109E50000C00A84240F0B581227AC2F3400717B344
:109E60002368152B50D0172B62D0182B52D0192BEA
:109E700043D01A2B00F097801B2B00F00881202B79
:109E800000F02C81B3F5167F00F0EB8040F25922F0
:109E9000934200F0C480039BA3F10C00A84240F061
:109EA0006B8107B0F0BD5107F5D563681C2BF2D16B
:109EB00096F850301A07EED57E4A126867F3C3034E
:109EC000D06886F85030EEF71BFA316C06F1380096
:109ED000FFF720FC96F8501096F85120376406F1F1
:109EE0003C0367F3041167F30302F76486F850102C
:109EF00086F851207364B364CDE796F850306FF361
:109F0000820386F85030C6E7E0686B4903689B68B7
:109F10009847C0E7F369002BBDD0664B96F85020F8
:109F20001B6842F004025B68B36186F85020B2E718
:109F300003AA05A86149EBF747FB301D05A909F005
:109F40001CFC059BA3F10C00A84240F04681F0697F
:109F50000023736138B196F8502063F3820286F8CB
:109F600050200CF0F1FD706855490DF08FF8F0614C
:109F7000002800F0F580002102220DF033FA074698
:109F8000002841D000233362E0684E4907687268B8
:109F9000BF68B847E0684C4903689B68984700234E
:109FA0007362B36277E7F369002B54D0716805AA36
:109FB00004A809F091FF4549376A01AA05A809F0EC
:109FC0008BFF304605A9E268FFF7E0FA059BA3F195
:109FD0000C00A84240F01981049850F80C3C002B6A
:109FE00040F0AF80A0F10C03AB423FF454AF50F807
:109FF000042C511E002A40F8041C3FF74CAF1846B1
:10A0000005A909F0CFFC46E7F0690DF09DFA394645
:10A0100030623A46F0690DF0E5F9336AB4E702AA16
:10A020002A4905A809F058FF304605A9E268FFF75C
:10A03000DFFB059BA3F10C00A8423FF42CAF53F8C3
:10A04000042C511E002A43F8041C3FF724AF04A936
:10A0500009F0A8FC1FE7E0681D4903689B68984762
:10A0600019E71C4B19495009012808BF194602AAD3
:10A0700005A809F031FF304605A9E268FFF7FCFAB0
:10A08000059BA3F10C00A8423FF405AFD7E702AA55
:10A09000114905A809F020FF304605A9E268FFF73D
:10A0A000AFF9059BA3F10C00A8423FF4F4AEC6E75C
:10A0B00098050020C80200201C3C0308481403082F
:10A0C000004E03084C3C0308683C0308283F030883
:10A0D000783C0308D43A03088C3C030803AA05A87B
:10A0E0005049EBF771FA301D05A909F046FB059BB5
:10A0F000A3F10C00A8427CD1F0690023736138B150
:10A1000096F8502063F3820286F850200CF01CFD74
:10A11000706845490CF0BAFFF061002842D096F80B
:10A12000503043F0040386F85030002102220DF035
:10A1300059F9044660B30023336200237362B362AB
:10A14000A9E639490CF0A2FFF061002831D004A93A
:10A15000301D09F040FE002304983762736141E727
:10A16000E0687268036831499B689847039BA3F1D4
:10A170000C00A8423FF495AE53F8042C511E002A5F
:10A1800043F8041C3FF78DAE05A909F00BFC88E6E7
:10A19000F0690DF0D9F9214630622246F0690DF0E0
:10A1A00021F9CAE7E0682149036872689B6898470B
:10A1B000C3E7E0681D490368049A9B6898470498C0
:10A1C00010E753F8042C511E002A43F8041C3FF7F3
:10A1D00043AE04A909F0E6FB3EE653F8042C511EF9
:10A1E000002A43F8041C3FF7B2AE04A909F0DAFBD9
:10A1F000ADE653F8042C511E002A43F8041C3FF727
:10A200007BAF04A909F0CEFB76E753F8042C511E6E
:10A21000002A43F8041C3FF7DFAE02A909F0C2FB95
:10A22000DAE600BF48140308004E0308343C030874
:10A2300030B5274B274D044640F8383B83B0216C9E
:10A24000FFF768FA2369A3F10C00A84214D1E36870
:10A25000A3F10C00A84230D1A368A3F10C00A842DE
:10A2600020D16368A3F10C00A84210D12046E8F782
:10A270000BFE204603B030BD53F8042C511E002ABB
:10A2800043F8041CE3DC01A909F08CFBDFE753F879
:10A29000042C511E002A43F8041CE7DC01A909F034
:10A2A00081FBE3E753F8042C511E002A43F8041CF9
:10A2B000D7DC01A909F076FBD3E753F8042C511E33
:10A2C000002A43F8041CC7DC01A909F06BFBC3E7B3
:10A2D000803D03089805002030B5294B294D0446E0
:10A2E00040F8383B83B0216CFFF714FA2369A3F1DF
:10A2F0000C00A84217D1E368A3F10C00A84233D1A7
:10A30000A368A3F10C00A84223D16368A3F10C0059
:10A31000A84213D12046E8F7B7FD2046E8F70AFD2A
:10A32000204603B030BD53F8042C511E002A43F8D8
:10A33000041CE0DC01A909F035FBDCE753F8042C30
:10A34000511E002A43F8041CE4DC01A909F02AFB91
:10A35000E0E753F8042C511E002A43F8041CD4DC17
:10A3600001A909F01FFBD0E753F8042C511E002A65
:10A3700043F8041CC4DC01A909F014FBC0E700BFCA
:10A38000803D0308980500202DE9F8438C6880463D
:10A390009146BCB1168800E01C46258AB5428BBFA9
:10A3A000A368E36801270027002BF5D15FB9AE420F
:10A3B000234615D80023C8F80040C8F804304046AA
:10A3C000BDE8F8830C1DCB68A3420FD0204609F0EE
:10A3D0004CF8B9F80060058AAE4223460446E9D934
:10A3E000002288E80C004046BDE8F883002388E896
:10A3F0001800E4E72DE9F047064682B018200D4624
:10A400001F4608F07FFF044648B13B681B88038263
:10A41000002200234261037043608360C360371DE4
:10A42000AF4204F1100A31D0B4F81080B5F81090A2
:10A43000C8451DD2F068A84209D0284609F015F891
:10A44000038A434529D2C368002B2ED02846002D0D
:10A450002DD0002833D001203B462A46214609F062
:10A4600006F8736920460133736102B0BDE8F087D6
:10A470001ED93069A84218D0284608F0D0FF038AB8
:10A4800043450AD9EB682BB30546E0E7736923B16E
:10A490003069238A028A9A4207D368465246314677
:10A4A000FFF772FF9DE82100D1E7054638B9054660
:10A4B0002046E8F73FFC284602B0BDE8F087AF42EF
:10A4C000C9D0B4F81080B5F81090C14594BF0020F1
:10A4D0000120C1E7002DF8D1EAE700BF2DE9F047E0
:10A4E000814D82492B685B681A688AB0926804467D
:10A4F000184690472B6801219869EDF77BFB2B6884
:10A5000093F8A8605868C6F34006002E3DD1036852
:10A5100077499B6898472B68DB6804F12C07D3F8D0
:10A520000801D3F80C11D3F81021E06233467960AA
:10A53000BA6042F6332132464AF67650E8F788FE92
:10A540002B6804F13808D868F0F7CEFA4046216C41
:10A55000FFF7E0F894F85030266404F13C079A06BF
:10A56000E6646764A76403D4C3F38016002E38D072
:10A57000A36853F80C3CABB92B685E495868036874
:10A580009B6898470AB0BDE8F08703685A499B6802
:10A59000984794F850306FF3C30384F850300AB0F2
:10A5A000BDE8F08704F1080108A8544C089409F0AC
:10A5B00012FC534B2868079307AA0121E7F7CAFC4E
:10A5C000089B0C3CA3F10C00A042D5D053F8042CFE
:10A5D000511E002A43F8041CCEDC06A909F0E2F95A
:10A5E000CAE732464AF616404BF2D31107AB07963C
:10A5F00008960996E8F702FE002834D0079EDDF899
:10A6000020A056452FD00C360DF1140956ED027AD4
:10A61000F5EEC07AF1EE10FA1FDD236C002B53D05B
:10A62000B6F800E039461A8A72452ABF1946DB6837
:10A630009B68002BF7D18F4202D00B8A73450AD951
:10A64000CDF8009040462F4A069606ABFFF7D2FEA3
:10A6500056ED027A0146C1ED057A06F108039A45E6
:10A6600006F11406D2D1666CB74218BF4FF000084D
:10A670000ED0318ACDF81880002206AB4AF616407B
:10A68000E8F7E6FD304608F0CAFE87420646F0D1FC
:10A69000079F089A974208BF38460FD0DFF86890A6
:10A6A0003E4607F11008F31B143658F80330A3F1A7
:10A6B0000C0048450AD1B242F5D1079800283FF472
:10A6C00057AFE8F737FB53E73946B9E753F8041CAF
:10A6D00001F1FF3E002943F804ECECDC06A90392EB
:10A6E00009F060F9039AE6E7C8020020903C0308ED
:10A6F000E83C0308043D0308CC3C0308A405002003
:10A700002C030020D0380308980500202DE9F043E1
:10A7100090F850301C07A5B005460DD590F8512093
:10A7200012F00F0108D00F3101F00F0161F30302A5
:10A7300080F85120002972D0990736D55B0731D5B2
:10A74000594F3B6893F8A830C3F34003002B29D13D
:10A75000984603AE05E030460DF087FC044600281D
:10A7600042D130468221EA690CF082FB044600287F
:10A77000F1D195F850304D4960F3820385F850309F
:10A780002246281D09F0BAF96C622C62E8690CF0C7
:10A79000DBF9A869EC616C6120B1036844499B68EE
:10A7A0009847AC6125B0BDE8F08343F00202134640
:10A7B00085F85020DA07C1D503AE304605F1100107
:10A7C00009F0FDFA384B1B681A6802B104322846BA
:10A7D0003146FEF753FD039B364AA3F10C0090422D
:10A7E00056D195F85030A9E724AB034413F8853CC3
:10A7F0000A2B0CD0E8690CF0AFF940B9686918B1C0
:10A8000003682D499B6898474FF00108A9E7B8F104
:10A81000000F01D1012C05D14FF00008A1E7FFF78F
:10A820005DFEBFE7686920B1036824499B68324632
:10A8300098470DF19008DFF88C9048F8889D3046D5
:10A840000DF013FC31460246404609F057F96B699A
:10A850001B49386824AA002B08BF0B4642F88C3DE0
:10A860000121E7F777FB029B6A6AA9F10C09A3F1C2
:10A870000C00224448456A6294D053F8042C511EBF
:10A88000002A43F8041C8DDC694609F08BF889E73F
:10A8900053F8042C511E002A43F8041CA1DC01A922
:10A8A00009F080F89DE700BFC8020020283F030898
:10A8B000603D030898050020403D03083C3D030827
:10A8C0002C030020A405002010B5034B03600446B0
:10A8D000E8F7DAFA204610BDC03D030810B5054B75
:10A8E00003600446E8F7D0FA2046E8F723FA20464A
:10A8F00010BD00BFC03D030810B51D4B1B6893F889
:10A90000A820C2F34002044672B1837A980709D5A1
:10A910006368227A1969D140C90722D4012101FA5A
:10A9200002F29A61002010BD017B481C00F00F006C
:10A93000052804DC60F303012173002010BD62F3DD
:10A94000030198692173EDF799F8A37A9A07E9D57D
:10A9500080F0010003F00103C0B28342227A6368F1
:10A96000DCD14FF4803101FA02F29A61002010BD6F
:10A97000C802002010B50446E8F796FA2046054BB9
:10A9800040F8043BE8F7DAFA237B6FF30303237301
:10A99000204610BDC03D0308F0B5624D6249634CCE
:10A9A00085B003AA064601A809F096FA2B68002292
:10A9B00058694BF65D511346E5F794FF01A9074628
:10A9C00002A809F0FCF902A93846E6F747FC01465F
:10A9D00003A8E6F717FC01A803A908F0CEFE039B25
:10A9E000A3F10C00A04240F08680029BA3F10C0072
:10A9F000A0425ED12B680022586945F6F411134637
:10AA0000E5F770FF01A9054602A809F0D8F902A9E7
:10AA10002846E6F723FC014603A8E6F7F3FB01A866
:10AA200003A908F0AAFE039BA3F10C00A04235D1B4
:10AA3000029BA3F10C02A24246D101A903A809F08E
:10AA4000BEF9301D03A9E8F7FFFA83799B0713D5F8
:10AA50000279036852001E6803259540012126EA09
:10AA6000050501FA02F22A431A60827912F0010FF9
:10AA700002790DD091409961039BA3F10C00A04293
:10AA80002ED1019BA3F10C00A04240D105B0F0BD36
:10AA90004FF4803101FA02F29A61EDE753F8042C89
:10AAA000511E002A43F8041CC2DC694608F07AFFF4
:10AAB000BEE753F8042C511E002A43F8041C99DC0D
:10AAC00003A908F06FFF95E753F8041C481E0029FE
:10AAD00043F8040CB1DC104603A908F063FFACE7AF
:10AAE00053F8042C511E002A43F8041CC9DC02A9A7
:10AAF00008F058FFC5E753F8042C511E002A43F80C
:10AB0000041C3FF772AF694608F04CFF6DE753F83D
:10AB1000042C511E002A43F8041CB7DC03A908F0DA
:10AB200041FFB3E7C8020020B03D030898050020AC
:10AB3000F0B5304D2968002285B0134604464869B7
:10AB40004DF68341E5F7CEFE0021E6F777FBE6F709
:10AB50005FFB064630B11CB1236820465B6898470E
:10AB600005B0F0BD21462046FFF716FF2B681820E0
:10AB70005D6A08F0C7FB0746E6F718FC1E4B1F4A44
:10AB80001B6801979B0BA2FB0313DB0800EE103A36
:10AB9000B8EEC00A0AF0E8F8194B0293039604AB2A
:10ABA00013E90300BDEEC00A07F108037C6087EDDE
:10ABB000040A83E8030087ED050A72B62B690B2BA4
:10ABC0000CD9AB68EA6893420ED0019A0BB11A60B7
:10ABD000AB680433AB6062B605B0F0BD0C212961EF
:10ABE0002846E8F7B1FCECE7281D01A9EAF79EF931
:10ABF000F1E700BFC8020020D0010020ABAAAAAA3A
:10AC0000F9A8010808B50B6808469B6801499847F0
:10AC100008BD00BFC83E030808B5044A0B681268A7
:10AC20009B68126B08460249984708BDC80200207D
:10AC30002439030808B50B6808469B680249984701
:10AC4000024B05221A6008BDD83E03087403002099
:10AC500008B50B6808469B680149984700BE08BDC7
:10AC60000C3F03080B6810B50C4608469B68474923
:10AC70009847236846499B6820469847236845497A
:10AC80009B6820469847236843499B68204698471D
:10AC9000236842499B6820469847236840499B683F
:10ACA0002046984723683F499B6820469847236879
:10ACB0003D499B682046984723683C499B6820464D
:10ACC000984723683A499B68204698472368394942
:10ACD0009B6820469847236837499B6820469847D9
:10ACE000236836499B6820469847236834499B6807
:10ACF00020469847236833499B6820469847236835
:10AD000031499B6820469847236830499B68204614
:10AD1000984723682E499B682046984723682D4909
:10AD20009B682046984723682B499B682046984794
:10AD300023682A499B6820469847236828499B68CE
:10AD400020469847236827499B68204698472368F0
:10AD500025499B6820469847236824499B682046DC
:10AD60009847236822499B682046984723682149D1
:10AD70009B682046984723681F499B682046984750
:10AD800023681E499B682046984710BD2C3F030846
:10AD9000383F0308443F0308503F0308643F03085B
:10ADA000703F0308783F0308943F0308A03F03085F
:10ADB000B43F0308C03F0308D43F03080040030822
:10ADC0002840030844400308644003088440030803
:10ADD000C44003080C4103083041030848410308FC
:10ADE000644103087C41030884410308E0410308EF
:10ADF0004042030880420308E84203082043030856
:10AE000010B501210446E8F755F820460221E8F77D
:10AE100051F820460421E8F74DF8024B00221A6051
:10AE200010BD00BF74030020044B1868002802DD29
:10AE30000138186000B17047E9F774BA7403002054
:10AE400008B50B6808469B68034998470120BDE890
:10AE50000840E9F767BA00BF54430308F0B5164B42
:10AE6000164A1E68164D0B6885B00C4603A840F2C2
:10AE70001341C6F30B068E4214BF2E4616469D683C
:10AE8000E5F7B2FA074603A8E5F7B2FA0D490E4A0C
:10AE9000096800960346A2FB0101890C3A4601911C
:10AEA00020460A49A847236809499B68204607228B
:10AEB000984705B0F0BD00BF002004E06C430308D4
:10AEC00074430308D001002083DE1B437C43030846
:10AED000C04303080846FAF791BD00BF10B5034B05
:10AEE00003600446E7F7D0FF204610BD904E0308EC
:10AEF00010B5054B03600446E7F7C6FF2046E7F7A9
:10AF000019FF204610BD00BF904E030830B583B036
:10AF10000C4642F60D0048F29361002201ABE8F7BF
:10AF20006DF930B9236809499B682046984703B0FA
:10AF300030BD019D236806499B682A4620469847F4
:10AF4000284605F0DFFA03B030BD00BFCC4303084C
:10AF50002439030870B5034684B002A80E4619468A
:10AF6000E9F760F903A802A9E9F7EEF9039C164D89
:10AF7000A4F10C00A8421CD1029BA3F10C02AA422E
:10AF80000BD1204607F070FC28B133680F499B684D
:10AF900022463046984704B070BD53F8041C481E42
:10AFA000002943F8040CECDC104603A908F0FAFC75
:10AFB000E7E754F8042C511E002A44F8041CDBDC9B
:10AFC00001A908F0EFFCD7E798050020E443030847
:10AFD00030B5034685B003A80D461946E9F722F9B6
:10AFE00002A803A9E9F7B0F9039B194CA3F10C00DF
:10AFF000A04217D10298002107F0AAFC2B6858B98B
:10B0000014499B68029A28469847029BA3F10C00BA
:10B01000A04212D105B030BD0F499B68029A284664
:10B020009847F2E753F8042C511E002A43F8041CF9
:10B03000E0DC01A908F0B6FCDCE753F8042C511E53
:10B04000002A43F8041CE5DC03A908F0ABFCE1E7A7
:10B05000980500201C440308FC43030870B5034610
:10B0600084B00E4603A8194608F0A9FE03A902A859
:10B07000E9F76AF9039B1C4CA3F10C02A24226D10A
:10B08000029807F039FC054678B1184B186802A9F8
:10B09000303008F0A0FE284607F054FC029BA3F1D4
:10B0A0000C00A04208D104B070BD336810499B6801
:10B0B000029A30469847F1E753F8042C511E002AB3
:10B0C00043F8041CEFDC03A908F06CFCEBE753F831
:10B0D000041C481E002943F8040CD1DC104601A9C9
:10B0E00008F060FCCCE700BF98050020C8020020F3
:10B0F0003444030870B5044686B003A80D462146C3
:10B10000E9F790F804A82146E9F78CF8049850F87C
:10B110000C3C002B2FD19FED250A06AC03A824ED93
:10B12000010AE8F707FF2346014600224AF61640C7
:10B13000E8F78EF890B92B681D499B68039A28465A
:10B140009847049B1B4CA3F10C00A04222D1039B07
:10B15000A3F10C00A04212D106B070BD05982C6876
:10B16000039E09F0B1F8CDE900013246A368124907
:10B1700028469847E5E700210DF01EFECDE753F87D
:10B18000042C511E002A43F8041CE5DC02A908F037
:10B1900009FCE1E753F8042C511E002A43F8041C73
:10B1A000D5DC02A908F0FEFBD1E700BF00000000DB
:10B1B0006C4403089805002054440308F0B5064683
:10B1C00085B003A80D463146E9F72CF801A803A97C
:10B1D000E9F7BAF8039B2D4CA3F10C00A04232D141
:10B1E00002AF314603A8E9F71DF8384603A9E9F78D
:10B1F000ABF8039BA3F10C00A04219D1019802996E
:10B2000007F04AFB2B6888B921499E68019A029B86
:10B210002846B047029BA3F10C00A0422AD1019B13
:10B22000A3F10C00A0421AD105B0F0BD1949ECE71A
:10B2300053F8042C511E002A43F8041CDEDC694636
:10B2400008F0B0FBDAE753F8042C511E002A43F84B
:10B25000041C02AFC5DC394608F0A4FBC1E753F873
:10B26000042C511E002A43F8041CDDDC03A908F05D
:10B2700099FBD9E753F8042C511E002A43F8041C0B
:10B28000CDDC03A908F08EFBC9E700BF98050020BC
:10B29000B0440308944403082DE9F041034686B006
:10B2A0000F4604A8194608F08AFD03A804A9E9F787
:10B2B0004BF8049B444EA3F10C00B04263D103A8A9
:10B2C000424908F0FFFA002857D0DFF82081404CAF
:10B2D000D8F8003001219869ECF78CFC3D490398BF
:10B2E00004940BF0D3FE3C49059004A8E8F7DCFD7C
:10B2F0000598049408B10BF027FC0820039D08F082
:10B3000001F8364B0360044628460CF093FE60605B
:10B3100072B6334901AA04A808F0DEFD182007F030
:10B32000F1FF012304A922460546F1F75FF8049BCB
:10B33000A3F10C00B0423CD1D8F8000002212A460B
:10B34000E6F708FE1CB1236820465B6898472DB1DC
:10B350002846F0F743FF2846E7F7ECFC62B63B6867
:10B36000039A9B681F4938469847039BA3F10C003A
:10B37000B04213D106B0BDE8F08103A81A491322E8
:10B3800008F0BCFBA1E753F8042C511E002A43F837
:10B39000041C94DC02A908F005FB90E753F8042C88
:10B3A000511E002A43F8041CE4DC04A908F0FAFA50
:10B3B000E0E753F8042C511E002A43F8041CBBDCC0
:10B3C00002A908F0EFFAB7E798050020380E030845
:10B3D000E8120308501403083C160308100A030877
:10B3E000C4440308CC44030828160308C8020020FC
:10B3F0002DE9F04F034689B007A888461946E8F7BB
:10B4000011FF5A490022022307A808F00DFA079BF2
:10B4100057490130A3F10C0218BF01208A42049061
:10B4200040F09680002005F04DF8524AD8F80030E0
:10B43000126851499B68514C121A05924046984730
:10B440004F4B0020D3F8009005F03CF8D8F80030BE
:10B450004C499B688246021B40469847544573D22C
:10B460000022D3460392012523469446CA461C680F
:10B47000454ADFF838E14549534504EB0307A4F199
:10B480000809049C06BFD3F804A0012600260B334C
:10B49000002E18BF964640462A4623F007034CB1BB
:10B4A000D8F80040A468CDF808C08DE80042A04755
:10B4B000DDF808C036B1BB45CC4405F1010508D91B
:10B4C0003B46D4E7039CBB454C44039405F101057E
:10B4D000F6D8E346D8F800302D499E68039A2D4DE2
:10B4E0002D4C5B464046B047D8F80030059A2B49B2
:10B4F0009B685A4440469847D8F8003028689E68B0
:10B50000E7F78EFC07462068E7F78AFC3A460346D1
:10B5100023494046B047049A3AB128684146E7F7C4
:10B520001FFC20684146E7F71BFC1E4BD8F80020A3
:10B530001B7894681C49C3EBC303DB0040465C22C4
:10B54000A04709B0BDE8F08F00240394A346C1E7EB
:10B5500053F8041C481E002943F8040C3FF762AF5F
:10B56000104606A908F01EFA5CE700BF3C39030844
:10B570009805002078030020F044030828070020E5
:10B58000AC0500200C450308E444030824450308E7
:10B5900054450308180300201C03002070450308CD
:10B5A0008C45030850030020A8450308283F0308E2
:10B5B00070B5044686B001A80D462146E8F732FE74
:10B5C000214602A8E8F72EFE029B53F80C6CAEB998
:10B5D00001A8E8F7AFFC03AC01462346324643F628
:10B5E0009440E7F70BFE2B6800283ED09E683D494B
:10B5F000019A9DF810302846B04723E002A83A4946
:10B6000008F060F9002846D1374902A808F05AF935
:10B6100006ACD0F1010038BF002004F80C0D01A8E1
:10B62000E8F788FC2346014648F2235243F694404B
:10B63000E7F70EFE2B6890B19E682C49019A029B99
:10B640002846B047029B2A4EA3F10C00B04217D106
:10B65000019BA3F10C00B04238D106B070BD254962
:10B660009B68019A28469847ECE79B682249019A13
:10B670001F4E28469847029BA3F10C00B042E7D02A
:10B6800053F8042C511E002A43F8041CE0DC214628
:10B6900008F088F9DCE702A8184908F013F9002837
:10B6A000B2D0029800210DF087FB06AC10EE103AE4
:10B6B00001A844F80C3DE8F73DFC2346014646F658
:10B6C0001F3243F69440E7F7C3FDB3E753F8042C69
:10B6D000511E002A43F8041CBFDC214608F062F921
:10B6E000BBE700BFEC450308004603080846030813
:10B6F0009805002020460308D8450308044603089F
:10B700002DE9F04F0446A9B009A888462146E8F77C
:10B7100089FD09A86B490022022308F043F8B0F123
:10B72000FF3F824636D0099B53F80C3C012B40F278
:10B73000C5804FF0FF3309A9022214A808F088FB46
:10B740001498DFF8A49100210A220DF0D1FB149B7C
:10B750008246A3F10C00484540F0A48021680BA864
:10B76000E9F72CF90B9B0C9AD21A9210062A18D0E2
:10B77000D8F8003054499B68404698470B9808B168
:10B78000E7F7D8FA099BA3F10C0048457ED129B010
:10B79000BDE8F08F09A9204608F01DFBDFF84891AD
:10B7A000DCE793ED000AD3ED010A93ED021AD3ED25
:10B7B000031A93ED042AD3ED052A14A8FAF75EF9CB
:10B7C0001698159CDDF850B008F07EFD0646204620
:10B7D0000F4608F079FD044658460D4608F074FD02
:10B7E000CDE90045CDE90201D8F80030CDE90601E8
:10B7F000D3F808C0354932463B464046E047BAF1E7
:10B80000FF3F3CD09DED067B50218DED047B304AFF
:10B810005346CDE90067CDE9024514A80CF02EFB94
:10B8200014A9502834BF024650220EAB0AA808F0D3
:10B8300068FB0AA9274A01230EA8F0F7D7FD264B7B
:10B840000EAA18680221E6F785FBD8F800302349D4
:10B850009B685246404698470EA8F0F7BFFC0A9BEB
:10B86000A3F10C00484589D053F8042C511E002A3E
:10B8700043F8041C82DC08A908F094F87EE7D8F8A5
:10B88000003017499B684046984777E753F8042CE7
:10B89000511E002A43F8041C3FF779AF14A908F0A1
:10B8A00081F874E753F8042C511E002A43F8041C55
:10B8B0003FF754AF0EA908F075F84FE7094808F0B4
:10B8C00098FB00BF44460308204703084846030886
:10B8D000C04603082C030020C8020020E4460308E9
:10B8E00080460308B80B0308980500202DE9F041B5
:10B8F0000346A6B00C4605A8194608F060FA03A84E
:10B9000005A9E8F721FD059B474FA3F10C00B842BC
:10B910007ED103A8454907F0D5FF002856D00398EB
:10B9200043490BF0B3FB23680546002854D0414936
:10B930009B68039ADFF814812046984706E09B68CD
:10B94000204698479DF814303B2B18D184212A4675
:10B9500005A80BF08DFA3849236805AA0028EED116
:10B9600036499B682046984728460BF0EDF8039B24
:10B97000A3F10C00B84240D126B0BDE8F08105A982
:10B9800001AA04A808F0A8FA182007F0BBFC0123BC
:10B9900004A92B4A0646F0F729FD049BA3F10C00ED
:10B9A000B8421FD1D8F8000002213246E6F7D2FA99
:10B9B000304626B1F0F712FC3046E7F7BBF9D8F86D
:10B9C000000003210022E6F7C5FABFE703A81D49DE
:10B9D000132208F093F8A2E71B499B68039A2046BC
:10B9E0009847C4E753F8042C511E002A43F8041C5E
:10B9F000D8DC02A907F0D6FFD4E753F8042C511E77
:10BA0000002A43F8041CB7DC05A907F0CBFFB3E715
:10BA100053F8042C511E002A43F8041C3FF779AF59
:10BA200004A907F0BFFF74E798050020380E03084B
:10BA3000004E03084C470308744703087C4703087B
:10BA40002C030020281603089C470308C802002086
:10BA50002DE9F04F574E336885B0054698690C467E
:10BA6000ECF70CF838B9236853499B68204698478F
:10BA700005B0BDE8F08F294603A808F0A0F902A898
:10BA800003A9E8F761FC039BDFF844A1A3F10C00D4
:10BA9000504540F08380029848490BF0F7FA23683C
:10BAA0000746002874D046499B68029ADFF8248133
:10BAB0002046984700254FF47A79236820469B69F1
:10BAC00098470346032120461A461BB93068E6F71B
:10BAD00041FAF2E723681B6998475FFA80FBBBF1E4
:10BAE000040F3946584643D0BBF11A0F40D00BF033
:10BAF000FBFA0135834588FB05324FEAE57328D010
:10BB0000236830499B682046984738460BF01CF85C
:10BB1000236820469B6998470346032120461A461E
:10BB200013B323681B699847C0B2042801D01A28B0
:10BB3000EED1029BA3F10C00504599D053F8042C90
:10BB4000511E002A43F8041C92DC03A907F02AFFC7
:10BB50008EE7C3EBA21209FB1252002AADD1306866
:10BB60000321E6F7F7F9A8E73068E6F7F3F9CFE73E
:10BB700038460AF0E9FF236813499B682A462046A5
:10BB80009847029BA3F10C0050453FF471AFD5E7F5
:10BB90000E499B68029A20469847CAE753F8042C3E
:10BBA000511E002A43F8041C3FF775AF01A907F0A6
:10BBB000F9FE70E7C8020020B047030850140308DC
:10BBC000DC4703084C480308384803081C480308AE
:10BBD00098050020D34D62102DE9F04703688A4F85
:10BBE00053F80C3C86B00546029703970C460C3F71
:10BBF00005AE0DF1100863B938E008F044F8059B74
:10BC0000A3F10C00B84240F0AF802B6853F80C3C15
:10BC100063B330462946E8F705FB059B53F8042C2F
:10BC2000002A03DB304607F023FF059B1B782D2BF2
:10BC3000314603A8E1D00DF108094846314608F025
:10BC4000CAF82B6853F80C3C002B7CD1059BA3F160
:10BC50000C00B8420CD053F8042C511E002A43F8B3
:10BC6000041C05DC414607F09DFE01E00DF10809CA
:10BC70004946404608F0A3F830464146E8F764FBE1
:10BC80004846314607F079FD059BA3F10C00B84208
:10BC900040F08C80049BA3F10C00B84240F0A880D7
:10BCA000029806F029FE814650B956E023685749AC
:10BCB0009B6820469847236855499B6820469847CB
:10BCC000484606F039FE054600282CD023686A460F
:10BCD00029464046D3F808A008F0FEF83046414611
:10BCE000E8F73AFA20464B49059AD047059BA3F15D
:10BCF0000C00B84244D1049BA3F10C00B8424AD1D5
:10BD000095F80421002AD1D103A84349022307F062
:10BD100049FD0130CFD02368D5F800219B683F4909
:10BD200020469847C7E7484606F00CFE039BA3F160
:10BD30000C00B84251D1029BA3F10C00B84241D192
:10BD400006B0BDE8F08748463549012207F0C4FF38
:10BD50004846294607F097FF78E7236831499B68F2
:10BD6000029A20469847E1E753F8042C511E002A16
:10BD700043F8041C3FF749AF414607F013FE44E780
:10BD800053F8042C511E002A43F8041CB3DC01A90B
:10BD900007F008FEAFE753F8042C511E002A43F8C1
:10BDA000041CADDC314607F0FDFDA9E753F8042C77
:10BDB000511E002A43F8041C3FF76CAF01A907F09D
:10BDC000F1FD67E753F8042C511E002A43F8041CC8
:10BDD000B6DC314607F0E6FDB2E753F8042C511EFD
:10BDE000002A43F8041CA6DC314607F0DBFDA2E77D
:10BDF00053F8042C511E002A43F8041C3FF750AF9F
:10BE0000314607F0CFFD4BE7A4050020380E0308AC
:10BE1000F84303083C3D03084446030888480308E8
:10BE2000481203088C480308F0B50346AFB00F462C
:10BE300013A8194607F0C3FF01A813A9E8F784FA6D
:10BE4000139B3E4EA3F10C00B04255D101983C49E2
:10BE50000BF01CF90446002838D013A8E6F786F941
:10BE6000384D08E0286803210022E6F773F82046E1
:10BE70000AF072FE68B903A80121402223460BF0A4
:10BE8000EDF90028EED0024603A913A8E6F770FDED
:10BE9000E8E73B6813A89D68E6F7B0FD014602A8F5
:10BEA000E6F7EEFD019B2849029A3846A847029B17
:10BEB000A3F10C00B04235D120460AF045FE019BAB
:10BEC000A3F10C00B04222D12FB0F0BD3B681F4956
:10BED0009B68019A38469847019BA3F10C00B04239
:10BEE000F2D053F8042C511E002A43F8041CEBDC5A
:10BEF00013A907F057FDE7E753F8042C511E002A59
:10BF000043F8041CA2DC03A907F04CFD9EE753F89C
:10BF1000042C511E002A43F8041CD5DC02A907F0AA
:10BF200041FDD1E753F8042C511E002A43F8041CAC
:10BF3000C2DC694607F036FDBEE700BF9805002069
:10BF4000004E0308C8020020AC4803081439030857
:10BF50002DE9F04F9C4E2DED028B3368ABB00446BB
:10BF6000D8680D46EEF7C0FD214612A8E8F75AF949
:10BF700012A8964907F0A6FC0746002844D113AA48
:10BF8000104621460E92E8F74DF914A82146E8F72D
:10BF900049F915A82146E8F745F9214616A8E8F71A
:10BFA00041F9139B53F80C3C002B40F01A822B688C
:10BFB00087499B68874F28469847169BA3F10C003A
:10BFC000B84240F0A984159BA3F10C00B84240F0A0
:10BFD000B084149BA3F10C00B84240F0B784139BCB
:10BFE000A3F10C00B84240F00E83129BA3F10C00A9
:10BFF000B84240F00C843368D868ECF781F92BB074
:10C00000BDEC028BBDE8F08F12A8734907F05AFC13
:10C010000746002840F0EA8013A82146E8F702F915
:10C0200014A82146E8F7FEF815A82146E8F7FAF823
:10C03000139850F80C3C002B00F07382149B53F8BB
:10C040000C3C002B00F06D8239460CF0B5FE1498C4
:10C050008DED0B0A39460A220CF04AFF81461598ED
:10C0600050F80C3C002B00F0DA8239460CF0A4FEAC
:10C0700010EE104A3368594AD8680892EEF734FD3A
:10C08000204608F021F90B9BDFF83CA1CDE9040123
:10C0900083F0004008F018F99DED047B1AACCDE95F
:10C0A00000018DED027B40214D4A20460BF0E6FE5B
:10C0B0002B684C499B680DF1A808224628469847F2
:10C0C000089A48F8502D0DF1600B21465A4600237E
:10C0D00017A8179307F000FF424630680121E5F7E3
:10C0E00039FFB9F1000F38D0DAF8003093F8A870B2
:10C0F000C7F34007002F40F0BD820B9808F0E4F82A
:10C10000CDE9060106E0DAF8003093F8A8209007A0
:10C1100000F1B0829DED067B8DED007B9DED047BF3
:10C1200040218DED027B304A20460BF0A7FE2B68A4
:10C130002C499B6822462846984720460BF095FFDD
:10C140002146024617A807F0D9FC013730680121C3
:10C150004246E5F7FFFEB945D5D13368DFF8689070
:10C1600093F8A880C8F34008B8F1000F40F082822D
:10C170000B98184F08F0A8F89DED047BCDE900015D
:10C180008DED027B164A402120460BF077FE2B688E
:10C1900014499B68224628469847089B18932146D5
:10C1A00011AA19A8CDF8648007F096FED9F800000E
:10C1B00001215A46E5F7CEFE199BA3F10C00B842C7
:10C1C00040F06E83336856E2C8020020B44803088A
:10C1D000304A030898050020D44803082C030020A7
:10C1E000DC480308D04D0308F048030812A898491A
:10C1F00007F068FB0746002840F09A8114A8214602
:10C20000E8F710F815A82146E8F70CF816A821461B
:10C21000E8F708F8149850F80C3C002B00F0DB818C
:10C22000159B53F80C3C002B00F0D58139460CF0DF
:10C23000C3FD169850F80C3CB0EE408A002B40F03D
:10C240005E823368D868ECF789F9F0EE408A159879
:10C2500000210A220CF04CFE0B90002800F0C9824D
:10C2600018EE100A08F030F8CDE9060118EE900A31
:10C2700008F02AF8774F784A0892B1EE488A13AA54
:10C280000023B946CDE90C018DED0F8A04930E927F
:10C290001AAC0DF1600B0DF1640A6F4F904606E089
:10C2A000049B0B9A01339A42049300F095809DED14
:10C2B000067B8DED007B9DED0C7B40218DED027B9F
:10C2C000664A20460BF0DAFD2B6865499B682246DA
:10C2D000284698470023214642465046199318970E
:10C2E00007F0FAFD306801215A46E5F733FE199B45
:10C2F000A3F10C00484540F0BB829DED067B402138
:10C300008DED007B574A20460BF0B8FD2B68544951
:10C310009B682246284698470023214642465046BD
:10C320001993189707F0D8FD306801215A46E5F7B0
:10C3300011FE199BA3F10C00484540F08D820F9827
:10C3400007F0C2FF484ACDE90801CDE900014021CC
:10C3500020460BF093FD2B6841499B6822462846F6
:10C36000984700232146424650461993189707F0F4
:10C37000B3FD306801215A46E5F7ECFD199BA3F1A6
:10C380000C00484540F05C829DED087B40218DED1E
:10C39000007B364A20460BF071FD2B6830499B68C4
:10C3A0002246284698470023214642465046199384
:10C3B000189707F091FD306801215A46E5F7CAFD4C
:10C3C000199BA3F10C00484540F02E82336893F886
:10C3D000A83099077FF564AF4F462B6824499B68C6
:10C3E000FDE0149850F80C3C002B3FF4E0AD159B99
:10C3F00053F80C3C002B3FF4DAAD39460CF0DCFC72
:10C40000169850F80C3CB0EE408A002B00F0DC800F
:10C4100039460CF0D1FC8DED060A159800210A2250
:10C420000CF066FD0490002800F0DE810A4B094FF5
:10C4300008931AAC23464FF000080DF1640A0DF181
:10C44000600B0C97CDF82CA0444699461DE000BF28
:10C4500000490308980500202C0300200849030820
:10C46000D04D030818490308204903082849030848
:10C47000CC480308199B0C9AA3F10C00904240F0A1
:10C48000BA81049F474500F02281139B53F8042C86
:10C49000002A03DB0E9807F0EBFA139B18780DF0D7
:10C4A000B9F8824618EE100A1CB1B1EE487A17EEC0
:10C4B000100A07F009FFCDE90001069807F004FF14
:10C4C0005346CDE90201A34A402148460BF0D6FC71
:10C4D0002B68A1499B684A4628469847002349464D
:10C4E00011AA089F0B981993189707F0F5FC30686C
:10C4F00001215A46E5F72EFD336893F8A83013F072
:10C50000020F08F1010884F00104B3D0199B0C9FBD
:10C51000A3F10C00B84240F0F3812B688F499B686F
:10C5200049E52B688E499B688E4F284698474AE517
:10C5300012A88D4907F0C6F9002840F0CA8016A855
:10C540002146E7F76FFE18A82146E7F76BFE214664
:10C550001AA8E7F767FE169B53F80C2C002A65D043
:10C56000189C54F80C2C002A60D01A9A52F80C2C03
:10C57000002A5BD053F8042C002A04DB16A807F02D
:10C5800077FA169B189C18780DF044F8C0B257281B
:10C590008CBF58383E385FFA80F8002120460A22C6
:10C5A0000CF0A6FCB8F1050F074600F217813368BE
:10C5B000DB6893F89C31434500F2A7802B686B49F8
:10C5C0009B682846984736E03368D868EBF7C6FF83
:10C5D0008DED060A21E72B6865499B68614F284667
:10C5E0009847169BA3F10C00B84240F07D81159B43
:10C5F000A3F10C00B84240F04781149BA3F10C005A
:10C60000B8423FF4F2AC53F8042C511E002A43F810
:10C61000041C3FF7EAAC1AA907F0C4F9E5E4336853
:10C62000D868EBF79BFF10EE104A23E52B685149C1
:10C630009B68284698471A9B4A4FA3F10C00B842C2
:10C6400040F0C080189BA3F10C00B84240F09781E5
:10C65000169BA3F10C00B8423FF4C7AC53F8042C6E
:10C66000511E002A43F8041C3FF7BFAC15A907F080
:10C6700099F9BAE43B4FD868EBF742FE2B6837498B
:10C680009B6828469847179BA3F10C00B84240F0DE
:10C690006A81159BA3F10C00B84240F01981149BEC
:10C6A000A3F10C00B84240F00781139BA3F10C00EA
:10C6B000B8423FF49AAC53F8042C511E002A43F8B8
:10C6C000041C3FF792AC594607F06CF98DE40C9FBF
:10C6D00023E72B6828499B68224F284698472B68F8
:10C6E00026499B68284698472B6825499B68284619
:10C6F00098472B6823499B682846984775E4394634
:10C700000CF05AFBF0EE408AA1E51A9800210A22AB
:10C710000CF0EEFB002869D007EE100AF8EE477A1D
:10C720009FED197AC7EE277AFCEEE77A17EE909A1A
:10C7300087EAE775A5EBE7753368002D38D093F8E5
:10C74000A840C4F340049CBBFF434FEA8808FF0F96
:10C7500020E000BFB8480308D04D0308CC480308C8
:10C76000584A030898050020344903086049030823
:10C77000784A0308984A030880490308B84903081F
:10C78000E4490308104A03080024744993F8A820D8
:10C7900092070DD4DB689B68394653F80800E7F729
:10C7A0003DF801344846E7F78BFFAC423368EDD1E2
:10C7B000D868794FECF72CF91A9BA3F10C00B8421A
:10C7C0003FF440AF53F8042C511E002A43F8041CD8
:10C7D0003FF738AF15A907F0E5F833E72B686F4945
:10C7E0009B682846984726E76B4F96E6DFF8B0919E
:10C7F0009EE7694FF1E553F8042C511E002A43F8D7
:10C80000041C3FF73EAE11A907F0CCF839E653F807
:10C81000042C511E002A43F8041C3FF7ECAB1AA964
:10C8200007F0C0F8FFF7E7BB53F8042C511E002AAD
:10C8300043F8041C3FF7CAAD414607F0B3F8C5E51D
:10C8400053F8042C511E002A43F8041C3FF79CADFA
:10C85000414607F0A7F897E553F8042C511E002A2B
:10C8600043F8041C3FF76BAD414607F09BF866E5C3
:10C8700053F8042C511E002A43F8041C3FF73DAD29
:10C88000414607F08FF838E553F8042C511E002A72
:10C8900043F8041C3FF7B1AE1AA907F083F8ACE6E1
:10C8A00053F8042C511E002A43F8041C3FF78AACAD
:10C8B00011A907F077F885E453F8042C511E002ADB
:10C8C00043F8041C3FF7F1AE594607F06BF8ECE66D
:10C8D00053F8042C511E002A43F8041C3FF7DFAE26
:10C8E000594607F05FF8DAE653F8042C511E002A87
:10C8F00043F8041C3FF77BAE1AA907F053F876E61D
:10C9000053F8042C511E002A43F8041C3FF705AECF
:10C9100011A907F047F800E653F8042C511E002A2D
:10C9200043F8041C3FF74FAB1AA907F03BF8FFF799
:10C930004ABB53F8042C511E002A43F8041C3FF74D
:10C9400048AB1AA907F02EF8FFF743BB53F8042CA5
:10C95000511E002A43F8041C3FF741AB1AA907F007
:10C9600021F8FFF73CBB53F8042C511E002A43F872
:10C97000041C3FF78EAE594607F014F889E653F8C9
:10C98000042C511E002A43F8041C3FF761AE15A980
:10C9900007F008F85CE600BF980500203849030856
:10C9A00040420F002DE9F04F044689B007A80E461B
:10C9B0002146E7F737FC04A807A9E7F7C5FC079B62
:10C9C000DFF844B2A3F10C00584540F0F98005A807
:10C9D0002146E7F727FC05A8854906F073FF0546C1
:10C9E000002840F08680214606A8E7F71BFC0A22B3
:10C9F0000698079507A90CF07BFA079A069B9A42BE
:10CA0000044688BF0122A3F10C009ABF01952C4671
:10CA10000192584540F0C880002C05DD4FF47A7033
:10CA200000FB04F0E7F762FE4FF0FF39049871490C
:10CA30000AF02CFB804600287AD008AD6E4B45F8F2
:10CA4000083D00242746DFF8C4A118E00134502C2B
:10CA5000304612DD336806995B699847069B0021D2
:10CA600053F80C2C28460B4606F0B6FF0024DAF8E3
:10CA7000000003210022E5F76DFA4F4522D0404621
:10CA80000AF07AF903460793013307A94FF0010230
:10CA9000284617D007F020F9079B0A2BD6D1336818
:10CAA00006995B6930469847069B002153F80C2C89
:10CAB00028460B4606F090FF512C07F10107A8BF4E
:10CAC0000024D4E740460AF03FF8019BDBB9069BFF
:10CAD000A3F10C0058455CD1059BA3F10C0058450F
:10CAE00041D1049BA3F10C00584575D109B0BDE8B4
:10CAF000F08F05A8414906F0E5FE50B94FF0FF3927
:10CB00000022019292E733683D495B6930469847BD
:10CB1000DDE700230A220598079307A90CF0E8F93E
:10CB2000079A059B9A428CBF81464FF0FF39E7E791
:10CB3000336834499B68049A30469847059BA3F1B3
:10CB40000C0058451AD1049BA3F10C005845CDD0D8
:10CB500053F8042C511E002A43F8041CC6DC07A914
:10CB600006F020FFC2E753F8042C511E002A43F8B8
:10CB7000041CB6DC03A906F015FFB2E753F8042C39
:10CB8000511E002A43F8041CDDDC07A906F00AFF49
:10CB9000D9E753F8042C511E002A43F8041C9BDCEF
:10CBA00003A906F0FFFE97E753F8042C511E002A54
:10CBB00043F8041C3FF730AF03A906F0F3FE2BE760
:10CBC00053F8042C511E002A43F8041C3FF7FFAE13
:10CBD00006A906F0E7FEFAE653F8042C511E002AD7
:10CBE00043F8041C82DC03A906F0DCFE7EE700BFEC
:10CBF000BC4A0308004E0308A4050020283F030890
:10CC0000C04A03081439030898050020C802002010
:10CC100030B585B06A460C4603A84969414D07F016
:10CC20005BF902A803A9E7F74DFB039BA3F10C00F6
:10CC3000A84261D1237A990704D52368142B36D0F2
:10CC40001E2B06D0029BA3F10C00A84249D105B0CF
:10CC500030BD029B53F80C1C0029F4D0324A1268F4
:10CC600092F8A8205207EED4304B0393043103A866
:10CC700006F0E9FF04222E4903A807F02DF802A9C7
:10CC800003A807F000F803A8E168FEF763F9039B27
:10CC9000A3F10C00A842D5D053F8042C511E002A51
:10CCA00043F8041CCEDC01A906F07CFECAE7E0686C
:10CCB000204903689B6898476A461F4903A807F004
:10CCC0000BF903A8E168FEF787FF039BA3F10C00B3
:10CCD000A8421CD1E068194903689B689847029BE9
:10CCE000B1E753F8042C511E002A43F8041CAEDCB3
:10CCF00003A906F057FEAAE753F8042C511E002A98
:10CD000043F8041C96DC01A906F04CFE92E753F8A8
:10CD1000042C511E002A43F8041CDBDC01A906F098
:10CD200041FED7E798050020C8020020A405002096
:10CD300048140308C44A030860120308D84A0308C9
:10CD40002DE9F041174682B0194D1A4C0646884627
:10CD5000022206E055F8084F2046D4B10BF085F9C1
:10CD60000246214630460BF089F90028F2D14146AF
:10CD700001A86C6807F023F801A83946A047019B79
:10CD80000D4AA3F10C00904207D1012002B0BDE88A
:10CD9000F081204602B0BDE8F08153F8042C511E0A
:10CDA000002A43F8041CF0DC694606F0FBFDECE7C2
:10CDB000F03D0308E84A0308980500202DE9F04FEC
:10CDC0002DED048B034691B00DA80D461946E7F7EB
:10CDD00029FAA049002202230DA806F025FD0D9B8B
:10CDE0009D490130A3F10C0218BF01208A4209902D
:10CDF00040F0FC810DF1300ADFF87492D9F8003070
:10CE00000DA8D968EFF786F9099A002A40F0BE818B
:10CE10000D9BD3ED017AFDEEE77A17EE902A002AFA
:10CE2000CDED087A59DD9FED938A0C26012431E07F
:10CE3000C7EE887A17EE900A07F046FADBED017A22
:10CE4000C7EE887ACDE9060117EE900A07F03CFAA2
:10CE5000DBED007AC7EE887A02460B46CDE9022365
:10CE600001340C369DED066B17EE900A8DED006BCC
:10CE700007F02AFA4246CDE9040178492846B84726
:10CE80000C9B7549A3F10C00884240F0A381089ADD
:10CE9000A24222DB2B685046611E9F68E7F7D8FB51
:10CEA000D9F800200D9BD268DDF8308092F834204C
:10CEB00003EB060BD307DBED027AB9D417EE900A29
:10CEC00007F002FACDE90601DBF8040007F0FCF9EF
:10CED000DBED007A02460B46C0E7534600224FF4D2
:10CEE0004C4042F2EC01E6F789F9D9F800202B68B2
:10CEF000D268DDF8308092F834209C68D8ED007A52
:10CF0000D20740F198809FED5B8AC7EE887A17EED2
:10CF1000900A07F0D9F9D8ED017AC7EE887A06466B
:10CF20000F4617EE900A07F0CFF9D8ED027A87EE98
:10CF3000888A02460B46CDE9002318EE100A07F056
:10CF4000C3F93246CDE902013B4645492846A04790
:10CF500000220023CDE90023CDE9022328684149BE
:10CF600084682846A047D9F800200D9BD1682A681C
:10CF700091F83410D2F80880089A541C04EB440449
:10CF8000A40003EB040AC807DAED027A40F1D68068
:10CF90009FED388AC7EE887A17EE900A07F094F969
:10CFA000DAED017AC7EE887A06460F4617EE900A48
:10CFB00007F08AF9DAED007A87EE888A02460B4696
:10CFC000CDE9002318EE100A07F07EF93246CDE9CC
:10CFD00002013B4628462449C047099BD9F8002056
:10CFE000002B49D0D1680D9B91F834102A680C347D
:10CFF0001C44C907D2F8088094ED027A00F1AD8094
:10D0000017EE100A07F060F9064660680F4607F051
:10D010005BF9D4ED007A02460B4617EE900ACDE993
:10D02000002307F051F93246CDE902013B4628467C
:10D030000E49C04738E017EE900A07F045F906465A
:10D04000D8F804000F4607F03FF998ED028A02462F
:10D050000B4670E73C39030898050020004B030895
:10D06000184B0308344B0308504B03086C4B030860
:10D07000C80200203333CB41D1680D9B2A6891F858
:10D08000341096682344CA07D3ED037A44BF1FEDDA
:10D09000077AC7EE877A17EE900A07F015F902466D
:10D0A0000B4628465949B047D9F800302A68DB6852
:10D0B000D2F8088093F8342093F8D04093ED358A65
:10D0C000D3ED368AD3ED377AD3072AD59FED509A20
:10D0D000C7EE897AC8EE898A88EE098A17EE900A27
:10D0E00007F0F2F8064618EE900A0F4607F0ECF843
:10D0F00002460B4618EE100ACDE9002307F0E4F8CB
:10D100000494CDE9020132463B4628464149C047D6
:10D110000D9808B1E5F70EFE11B0BDEC048BBDE82B
:10D12000F08F17EE900A07F0CFF8064618EE900A37
:10D130000F4607F0C9F802460B46DBE717EE900AE8
:10D1400007F0C2F80646DAF804000F4607F0BCF80C
:10D150009AED008A02460B4632E79FED2D8A87EE54
:10D16000087A17EE100A07F0AFF8D4ED017AC7EE8F
:10D17000887A06460F4617EE900A07F0A5F8D4ED18
:10D18000007A02460B46C7EE887A46E70D9A2B686E
:10D19000D2ED027A9C68FCEEE77A504617EE901AC0
:10D1A000C9B2E7F755FA1C490C9A2846A0470C9BD0
:10D1B0001A49A3F10C0088423FF42AAE53F8042C1C
:10D1C000511E002A43F8041C3FF722AE0BA906F0BB
:10D1D000E9FB1DE653F8042C511E002A43F8041CF9
:10D1E0003FF755AE0BA906F0DDFB50E653F8041CE3
:10D1F000481E002943F8040C0DF1300A3FF7FCAD3E
:10D200001046514606F0CEFBF6E500BF904B0308F2
:10D210003333CB41A04B0308EC4A030898050020A8
:10D220002DE9F04F0446A7B00EA80E462146E6F7BA
:10D23000F9FF0EA8A84906F045FB002874D1214645
:10D2400010A8A64F1A97E6F7EDFF109B53F80C4C69
:10D25000002C40F09F8022464AF616404BF2D31134
:10D2600013AB139414941594E5F7C8FF002800F04D
:10D270005781DDF84C80DDF85090C84500F02683DA
:10D2800008F1100108F1140544460A91C8EB0403A3
:10D290000A9A55F8140C52F803A0B4F80CB0376889
:10D2A00007F012F8CDE9000155F8100C07F00CF862
:10D2B000CDE90201A168049152465B461434BF686F
:10D2C00087493046B847A14505F11405DED1149EC3
:10D2D000139D844FB54200F00A832C4605F11008D7
:10D2E000631B143458F80330A3F10C00B84240F02B
:10D2F0000083B442F4D1139808B1E5F71BFD109BED
:10D30000A3F10C00B84240F00C831A9BA3F10C006F
:10D31000B84240F0CC820E9BA3F10C00B84240F022
:10D32000F48227B0BDE8F08F0EA86F4906F0CAFA64
:10D33000002852D10FA82146E6F774FF0FA86B49C9
:10D3400006F0C0FA002800F0AA81664F4FF0000AEC
:10D3500010A80F99E7F732FB0F9B53F80C3C002BFA
:10D3600061D1336862499B6830469847109808B18C
:10D37000E5F7E0FC0F9BA3F10C00B842CBD053F8CB
:10D38000042C511E002A43F8041CC4DC16A906F024
:10D3900009FBC0E710A8E6F7CDFD4EF618310246AE
:10D3A00016AB4AF61640E5F729FF002800F0B080DA
:10D3B00016983568109C06F087FFCDE90001179894
:10D3C00006F082FFCDE90201189B0493AB6849493E
:10D3D000304622460C3F984791E70EA8464906F092
:10D3E00071FA0028A6D00EA8444906F06BFA04464C
:10D3F000002800F09B800EA8414906F063FA00283F
:10D4000040F072813F49374F10AA16A806F064FD1C
:10D4100016A83146FFF7D2FC169BA3F10C00B842C8
:10D420003FF479AF43E2109B119AD21A921098D030
:10D43000012AD3F800B040F24682022A5C6814BF89
:10D440009D6825460EA82849DFF8C08006F03AFA04
:10D45000002840F0F880D8F800301990DB681A9066
:10D460005B681B901A681C9013A90A910DF158096A
:10D470001846CDF858B017941895D4680A9A4946BA
:10D48000A0471398D6F800B006F01EFF0446149883
:10D490000D4606F019FFCDE90001159806F014FFBE
:10D4A000CDE9020122462B46DBF8084016493046FA
:10D4B000A047DDF84CB0149C159DBAF1000F40F068
:10D4C0009F81109808B1E5F735FC0F9BA3F10C0084
:10D4D000B8423FF420AF87E1384E0308A40500208E
:10D4E000BC4B030898050020044C0308D04C0308EB
:10D4F000D84C0308EC4B0308084C0308D44C030831
:10D50000644C0308684C03080C4C0308C802002054
:10D5100033686C499B68109A304698470C3FEEE69A
:10D52000336869499B6830469847D0E626AD674F17
:10D53000DFF8B08145F8408D3B682A46D86821461F
:10D540002346EBF747F8336861499B68169A3046E3
:10D550009847169B284653F80C2C2146234606F084
:10D560003BFA3B682A46D86801212346EBF732F89C
:10D57000336858499B68169A30469847169B284648
:10D5800053F80C2C2146234606F026FA3B682A461F
:10D59000D86802212346EBF71DF833684E499B6893
:10D5A000169A30469847169B284653F80C2C21466D
:10D5B000234606F011FA3B682A46D8680321234621
:10D5C000EBF708F8336844499B68169A3046984749
:10D5D000169B284653F80C2C2146234606F0FCF9EE
:10D5E0003B682A46D86804212346EAF7F3FF3368EC
:10D5F00039499B68169A30469847169B284653F837
:10D600000C2C2146234606F0E7F93B682A46D868E9
:10D6100005212346EAF7DEFF33682F499B68169AF7
:10D6200030469847169A28462346214652F80C2C35
:10D6300006F0D2F9169BA8F10C07A3F10C00B84232
:10D640003FF469AE33E1D8F80030CDF84CB0DB6878
:10D65000149458681595036813AA0DF158090A9295
:10D6600011469B684A469847336816980B9306F014
:10D670002BFE024617980992089106F025FECDE987
:10D680000001189806F020FECDE902010B99099AD5
:10D69000D1F808C0089B11493046E0470DE7214604
:10D6A00016A8E6F7BFFD0FA816A906F066F8169BA8
:10D6B0000B4FA3F10C00B84240F03F814FF0010A3C
:10D6C00046E600BF6C440308D84B0308C80200209C
:10D6D000484C0308544C0308D04D03082C4C030855
:10D6E00098050020A40500200EA89A4906F0EAF843
:10D6F0000446002840F0C480DFF878823268D8F809
:10D70000003092680A929A68DB6892F814A093F845
:10D71000A410BAF1030F13A888BF4FF0000AE6F770
:10D7200097FFD8F80030139DDA68536B03F47C330D
:10D73000B3F5103F00F0CD80B3F5C03F00F0D480CA
:10D74000B3F5104F14BF112313230B9392F8342019
:10D750000DF1580912F0010F0CBF4FF0150B4FF0EF
:10D76000140B4B4612F0020F4CF6FC3045F23E71A2
:10D770004FF000020CBF5B275A27E5F73FFD08B1C9
:10D78000169B1C68D8F80030DB6808931846EAF747
:10D79000E5FE089B0B9993F834300297DB0748BFEE
:10D7A000DFED6D7A039448BF80EE270A8DE802080A
:10D7B0006A4F10EE100A06F087FDCDE90401D8F893
:10D7C0000030DB68D3F8600106F07EFD2B46CDE922
:10D7D00006015246304662490A9CA047139BA3F1BA
:10D7E0000C00B8423FF497AD53F8042C511E002AA8
:10D7F00043F8041C3FF78FAD494606F0D3F88AE59D
:10D80000584606F061FDCDE90001204606F05CFDBA
:10D81000CDE90201284606F057FD26ACCDE904010A
:10D82000504A402148460AF029FB4F4B44F8483DF6
:10D8300048460AF01AFC49460246204606F05EF9C0
:10D840004A4B0A9AD8F8000013930121E4F782FBAF
:10D85000D8F8003001219869EAF7CCF9149BA3F1BC
:10D860000C00B8423FF42DAE53F8042C511E002A90
:10D8700043F8041C3FF725AE0DA906F093F820E607
:10D880000EA83B4906F01EF830BB3A4A33681168CF
:10D890009C68324F16A8E4F727F830463649169AA6
:10D8A000A047169BA3F10C00B8423FF434AD53F8E7
:10D8B000042C511E002A43F8041C3FF72CAD13A979
:10D8C00006F070F827E55C465D46BBE540460C3F38
:10D8D00012E511210B9139E7336828499B680E9AAC
:10D8E0001E4F3046984716E512230B932EE7284625
:10D8F00002E553F8042C511E002A43F8041C3FF79C
:10D90000F8AC0FA906F04EF8F3E453F8042C511EBE
:10D91000002A43F8041C3FF704AD16A906F042F8AC
:10D92000FFE453F8042C511E002A43F8041C3FF76F
:10D93000ECAC13A906F036F8E7E453F8042C511EBA
:10D94000002A43F8041C3FF7B9AE13A906F02AF8E1
:10D95000B4E600BF6C4C03083333CB41980500207C
:10D96000744C0308B43B0308A40500202C030020DA
:10D97000AC4C0308C8020020D04D0308B44C030887
:10D980002DE9F04F2DED028B85B07C4E3368DB68BE
:10D990000D4693F89C417A4900AF924628460022F2
:10D9A000062305F041FF421CE84600F0C2802B68C8
:10D9B00053F80C3C984200F2C68002464FF0FF3309
:10D9C00007F10800294606F043FAD7F808B05BF8DB
:10D9D0000C3C012B40F2A6805BF8043C002B05DBDD
:10D9E00007F1080006F044F8D7F808B09BF80000EB
:10D9F0000BF010FEC0B257288CBFA0F15809A0F15F
:10DA00003E095FFA89F94C4579DD5BF80C3C002B47
:10DA100000F099804FF0FF3307F10801012207F170
:10DA20000C0006F015FAF868DFF860B100210BF081
:10DA3000C3F9FB68A3F10C005845B0EE408A40F0F2
:10DA40009080A3000A3303F4FF63ADEB030DEA46B5
:10DA500000216A46002301339C4242F8041BFADC91
:10DA60000AEB890383ED008A2846012345490022F9
:10DA700005F0DAFE431C63D02B6853F80C3C421CC3
:10DA80009A425DD24FF0FF33294607F10C0006F0B1
:10DA9000DFF9F86800210BF08FF9FB68A3F10C00A7
:10DAA0005845B0EE408A51D13368D868EDF71CF87C
:10DAB0003368D868836853F8293093ED090A224601
:10DAC00028EE000A5146EBF725FA336801219869E0
:10DAD000EAF726F83368D868EAF712FCBB68A3F1C6
:10DAE0000C00584517D053F8042C511E002A43F857
:10DAF000041C10DC07F10C0105F054FF0BE0DAF810
:10DB0000003021499B6850469847BB681F4AA3F1E3
:10DB10000C009042E7D11437C546BD46BDEC028BE0
:10DB2000BDE8F08FDAF8003019499B6850469847F5
:10DB3000EBE7DAF8003017499B6850469847EAE768
:10DB4000B7EE008AB0E7144806F053FA53F8042CF5
:10DB5000511E002A43F8041CA6DC391D05F022FFE3
:10DB6000A2E753F8042C511E002A43F8041C3FF787
:10DB700068AF391D05F016FF63E700BFC80200203B
:10DB8000004D03083C4D03082C4D03089805002068
:10DB9000404D0308084D0308B80B0308F0B58DB0DD
:10DBA00051F8043B0493054605A806F008F905A9B9
:10DBB00002A806F004F9029C54F80C3CC3B154F8D6
:10DBC000043C002BC0F2388102A805F051FF029CF2
:10DBD000267854F8047C304609F0DAFDB8B9002FF5
:10DBE00004DB02A805F044FF029C2678242E0CD00A
:10DBF0009F4DA4F10C00A8423AD1059BA3F10C0063
:10DC0000A84240F09C810DB0F0BD54F8047C002F78
:10DC100003DB02A805F02CFF029C2378242B32D0D2
:10DC200003A802A9E6F7FEFA03A8924905F04AFE06
:10DC3000002863D1904B8E4D1B68DC6902A906A8B1
:10DC400006F0BDF8204606A9049AF9F7AFF8069B3E
:10DC5000A3F10C00A84240F0E380039BA3F10C0069
:10DC6000A84240F07881029CA4F10C00A842C4D0E4
:10DC700054F8043C5A1E002B44F8042CBDDC06A9C1
:10DC800005F090FEB9E754F80C3C012BC8D954F8C4
:10DC9000043C002B03DB02A805F0EAFE029C63783B
:10DCA000482B44D01DD8232B77D0472B6DD17349F7
:10DCB0006F4D01AA06A806F00FF906A80499FFF710
:10DCC000AFFA069BA3F10C00A842CCD053F8042C69
:10DCD000511E002A43F8041CC5DC03A905F062FEAE
:10DCE000C1E74A2B73D0582B4FD1634B186890F87B
:10DCF000A830990700F1AF805D4DB5E703A86049F2
:10DD000005F0E0FD002873D15B4B594D1B68DC69C1
:10DD100002A906A806F053F8204606A9049AF9F7C6
:10DD20002BF9069BA3F10C00A84296D078E0524E46
:10DD3000306890F8A8309A0700F1948090F8A830E5
:10DD40004B4D5B074CBF4F494F496A4603A806AC91
:10DD500006F0C2F8012303A92046049AEEF746FB19
:10DD6000039BA3F10C00A84240F00D813068022112
:10DD70002246E4F7EFF82046EEF730FA04984349DC
:10DD800003689B689847029C6EE7049840490368C3
:10DD9000374D9B689847029C66E73E49344D01AA7F
:10DDA00006A806F099F806A80499FFF707F8069B5D
:10DDB000A3F10C00A842E1D053F8042C511E002A14
:10DDC00043F8041CDADC03A905F0ECFDD6E702A950
:10DDD00006A805F0F4FF284606A9049A244DFFF78B
:10DDE000CFFD069BA3F10C00A8423FF43CAF6DE7CA
:10DDF00003A8294905F066FD30BB1F4B1C4D1B686D
:10DE0000DC6902A906A805F0DAFF204606A9049AF3
:10DE1000F9F78EF9069BA3F10C00A8423FF41DAF61
:10DE200053F8042C511E002A43F8041C3FF715AF89
:10DE300001A905F0B7FD10E72678304609F0A8FCE7
:10DE400000283FF4D3AEE8E603A8144905F03AFDF4
:10DE500040BB074D01E707210122E4F77BF8049856
:10DE60000F4994E707210122E4F774F8306865E769
:10DE700098050020D44D0308C80200206C4C03080C
:10DE8000984D0308704D0308784D03086C4D030846
:10DE90007C4D0308283F0308A44D0308143C0308E5
:10DEA000584D030803A83E4905F00CFD0028D0D0CA
:10DEB00003A83C4905F006FD0028CAD003A83A494A
:10DEC00005F000FD0028C4D003A8384905F0FAFC8D
:10DED0000028BED003A8364905F0F4FC0028B8D0CD
:10DEE00006AC0022022303A9204605F0B1FF20461C
:10DEF0003049314D05F0E6FC069BA3F10C02AA4225
:10DF0000064634D1002E3FF4A8AE039E02A9204657
:10DF100005F055FF21463046049AFEF711FF0446EE
:10DF2000069801A90C3805F03FFD002C7FF495AE52
:10DF3000049822490368039A9B6898478DE653F832
:10DF4000042C511E002A43F8041C3FF75CAE06A9BE
:10DF500005F028FD57E653F8042C511E002A43F81B
:10DF6000041C3FF780AE06A905F01CFD7BE653F8C4
:10DF7000041C481E002943F8040CC3DC104601A908
:10DF800005F010FDBEE753F8042C511E002A43F89B
:10DF9000041C3FF7EBAE01A905F004FDE6E600BF67
:10DFA000F03B0308FC3B0308043C03080C3C03085B
:10DFB000E04D0308B04D030898050020B44D030858
:10DFC00038B504460020A0618868154638B1CA6893
:10DFD000A061E2618B6804F11000022298471423CB
:10DFE000044984F82950002284F8283021626262B2
:10DFF000204638BDCDCC4C3D10B582B083698DF83C
:10E0000000108DF801206BB1C46901AB6946022292
:10E010001030A0479DF804009DF8053043EA002029
:10E0200002B010BD05F0E8FF10B504EE901A90F8AC
:10E030002830DFED507A9FED505A9FED506A06EE82
:10E04000903AB8EE647A044687EE277AF8EEE67ADC
:10E05000F0EE065AD0ED086A67EE857A0AE05B08B2
:10E06000042B84F8283071D904EE903AF8EEE47A63
:10E0700067EE857A67EEA67A67EE277AC7EEA57A0D
:10E08000F4EEC67AF1EE10FAE9DCB7EE005AF4EEDF
:10E09000C57AF1EE10FA21D55B00DBB2282B84F8AB
:10E0A00028305DD8DFED345AB0EE066A04E0D3B212
:10E0B000282B84F8283053D804EE903AF8EEE47A0E
:10E0C0005A0067EEA57A66EEA77A67EE277AC7EE62
:10E0D000867AF4EEC57AF1EE10FAE8D4FCEEE77A2F
:10E0E000053B17EE902AD2B2A270232B18D8DFE896
:10E0F00003F03217171717271717171717171717C0
:10E1000017121717171717171717171717171717A4
:10E1100017171717173C6378022262F30103637025
:10E1200022882046C2F30621D2B2FFF765FF62883B
:10E130002046C2F30621BDE81040D2B2FFF75CBF13
:10E140006378012262F301036370E9E70522FF238C
:10E1500084F82820A37063786FF301036370DFE70E
:10E160002822012384F82820A370637843F0030356
:10E170006370D5E700007A440000804300007F43CD
:10E1800010B5FF2903780DDD082262F3C603037082
:10E190004FF480740288C2F30621D2B2FFF72CFF3D
:10E1A000204610BD7F2905DD072262F3C6030370F8
:10E1B0008024EFE73F2905DD062262F3C6030370E2
:10E1C0004024E7E71F2905DD052262F3C60303703B
:10E1D0002024DFE70F2905DD042262F3C603037064
:10E1E0001024D7E7072905DD032262F3C603037075
:10E1F0000824CFE7032905DD022262F3C60303707A
:10E200000424C7E7012905DD012262F3C603037078
:10E210000224BFE76FF3C60303700124BAE700BF0F
:10E22000027861F3000202700288C2F30621D2B2C2
:10E23000FFF7E2BE10B541780278044601F07F0195
:10E24000FFF7DAFEE178A27801F077012046FFF7C8
:10E25000D3FE6179227901F071012046FFF7CCFEEF
:10E26000E179A27901F071012046FFF7C5FE617ADC
:10E27000227A01F077012046FFF7BEFEE17AA27A0A
:10E2800001F07F012046FFF7B7FE617B227B01F0A2
:10E290007F012046FFF7B0FEE17BA27B204601F024
:10E2A0007001BDE81040FFF7A7BE00BF2DE9F84F91
:10E2B0003C4E336804460A460D46586946F284319E
:10E2C0004FF46873E2F70EFB1421E2F7B7FFE2F7B1
:10E2D0003BFFBCEEC00A336810EE102A84F82820F9
:10E2E00046F284312A46586948F2FD33E2F7FAFAD9
:10E2F0009FED2D0AE2F7ACFFE2F726FF0520022290
:10E3000001214FEA001862F383084FEA01194FF028
:10E31000000661F3020961F301084FF0400705218F
:10E32000002361F302074FEA021C304631464FF0EA
:10E330000C0B4FF0200A4FF0600562F3010B63F302
:10E34000000A63F3070663F3010563F3010063F357
:10E35000000C63F300014FF00103A27284F801B0D6
:10E3600084F800A04FF0100B4FF0700AA370312218
:10E370004FF03203207384F8039084F80B8084F804
:10E3800005C067722371E271A67184F808B06573E5
:10E39000A17384F80FA084ED080A2046BDE8F84F69
:10E3A000FFF748BFC8020020CDCC4C3D042A10B571
:10E3B0000C46014600F082800FD9062A73D032D372
:10E3C000072A25D0FF2A44D1FFF734FF23684149AB
:10E3D0009B6820469847012010BD022A2ED00CD8F9
:10E3E000012A36D1008820F47F6020F00F00C3F3AB
:10E3F0000B0303430B80104610BD828822F47F621A
:10E40000C3F30B0322F00F021A438280012010BDD8
:10E41000828922F47F62C3F30B0322F00F021A43B6
:10E420008281012010BD028922F47F62C3F30B03B5
:10E4300022F00F021A430281012010BD428822F40B
:10E440007F62C3F30B0322F00F021A4342800120C4
:10E4500010BD236820499B682046984723681F49C0
:10E460009B682046984723681D499B68204698472B
:10E4700023681C499B682046984723681A499B6873
:10E4800020469847236819499B6820469847236887
:10E4900017499B6820469847236816499B68204681
:10E4A0009847002010BD428922F47F62C3F30B031A
:10E4B00022F00F021A434281012010BDC28822F4CB
:10E4C0007F62C3F30B0322F00F021A43C2800120C4
:10E4D00010BD00BFC04E0308D44E0308E84E030829
:10E4E000FC4E0308104F0308244F0308384F03085D
:10E4F0004C4F0308604F03082DE9F0470B6890F874
:10E5000029209B680C46054686B0B04920469847AE
:10E51000697801F0700141F0800100222846FFF780
:10E520006BFD22682B889768A9490646C6F30B0243
:10E53000C3F30B032046B8472368C6F3C01EC6F3D7
:10E540008000C6F3400106F00102C6F3C307CDF810
:10E5500000E0029003910492C6F301280197D3F8DA
:10E5600008C09C49C6F3812243462046E0472A78EA
:10E5700020686B789849C2F3800EC2F3C30C4FEA4F
:10E58000D2198DE80052C2F3400602F00102049253
:10E5900003968668C3F38102204603F00303B04765
:10E5A000E97801F0700141F0800100222846FFF770
:10E5B00023FD22686B88D2F808C088490646C6F356
:10E5C0000B02C3F30B032046E04723688449D3F8CA
:10E5D00008C05FFA86F9C6F302224B462046E047A0
:10E5E0002368EA789E687F49AB7802F007022046EC
:10E5F000B047697901F0700141F08001002228469E
:10E60000FFF7FAFC2268AB88D2F808C076490646C4
:10E61000C6F30B02C3F30B032046E047236873499C
:10E62000D3F808C0C6F30022F3B22046E0472368BF
:10E630006A799E686E492B7902F001022046B04744
:10E64000E97901F0700141F0800100222846FFF7CE
:10E65000D3FC2268EB88D2F808C066490646C6F3A8
:10E660000B02C3F30B032046E04723686249D3F84B
:10E6700008C0C6F30022F3B22046E0472368EA79D7
:10E680009E685E49AB7902F001022046B047697A84
:10E6900001F0700141F0800100222846FFF7ACFC38
:10E6A00022682B89D2F808C055490646C6F30B02EA
:10E6B000C3F30B032046E04723685249D3F808C050
:10E6C000C6F30222F3B22046E04723686A7A9E68C6
:10E6D0004D492B7A02F007022046B047E97A01F053
:10E6E000700141F0800100222846FFF785FC226876
:10E6F0006B89D2F808C045490646C6F30B02C3F33E
:10E700000B032046E04723684149F2B20092D3F858
:10E7100008C0C6F38122C6F301232046E047E87A09
:10E720002368AA7A00929E683A4900F00303C0F376
:10E7300081022046B047697B01F0700141F0800101
:10E7400000222846FFF758FC2268AB89D2F808C09F
:10E7500031490646C6F30B02C3F30B032046E047DC
:10E760002368C6F3811EC6F30110C6F3810106F0CB
:10E770000302CDF800E0019002910392D3F808C0A3
:10E780002649C6F38122C6F301232046E0472A7BAF
:10E79000687B236822494FEA921CC2F3011E8DE870
:10E7A0000050C2F3810602F00302039202969E68B3
:10E7B000C0F3810200F003032046B047E97B01F07B
:10E7C000700141F0800100222CE000BF804F03085F
:10E7D000A04F0308B44F0308045003085450030823
:10E7E0006C50030888500308A4500308B85003086D
:10E7F000D4500308F05003080851030820510308BF
:10E8000038510308505103086C510308885103081C
:10E81000A0510308C4510308E8510308005203083B
:10E82000505203082846FFF7E7FB23683F499B68DF
:10E830000646F2B220469847C6F3401AC6F3001CBB
:10E84000C6F3C00E23688DE80054C6F38000C6F3FB
:10E85000400106F00102039004910592D3F808C02C
:10E8600033492046C6F3C012C6F38013E047B8F11F
:10E87000000F0CD0B8F1010F52D09FED2E7ADFEDD2
:10E880002E7AB8F1020F18BFF0EE477A01E0DFED03
:10E890002B7A07EE109AD5ED086A2668B8EEC76A9B
:10E8A000B0EE067A26EE077A67EEA67AC7EE277AEA
:10E8B00017EE900A05F008FDB6680B46024620499F
:10E8C0002046B04723689B686FB3013F0222BA40DD
:10E8D00020461C499847B5F804C0B5F806E02F89D2
:10E8E0006E89B5F80C8020682A886B881649CCF3AD
:10E8F0000B0CCEF30B0E8DE80050C8F30B05C7F3DD
:10E900000B07C6F30B060297039604958568C2F3BE
:10E910000B022046C3F30B03A84706B0BDE8F087FF
:10E92000DFED0A7AB5E70122D2E700BFA052030863
:10E93000B0520308000020460000A0450000A0449B
:10E940000053030810530308245303080000204514
:10E9500038B5C17B01F07001002241F0800104460E
:10E96000FFF74AFB054610F00100636A45D0D9075E
:10E9700052D543F0010363620120AA0739D59907F4
:10E980003FD543F00203636201206A072DD5590782
:10E9900058D543F00403636201202A0721D51807E4
:10E9A00045D543F0080363620120E90615D5DA0670
:10E9B00004D543F010036362012038BD274B28497A
:10E9C0001B6894F82920586803689B689847636A15
:10E9D00043F010036362012038BD23F0100363622B
:10E9E00038BD23F008036362DFE723F004036362AA
:10E9F000D3E723F002036362C7E723F001036362F6
:10EA0000BBE7164B17491B6894F829205868036820
:10EA10009B689847636AB4E7104B13491B6894F8E6
:10EA20002920586803689B689847636AA1E70B4BE5
:10EA30000E491B6894F82920586803689B6898471A
:10EA4000636AAEE7054B0A491B6894F829205868A9
:10EA500003689B689847636A9BE700BFC802002071
:10EA6000105403089053030868530308E85303083D
:10EA7000BC530308806A830754BFC0F380000220A0
:10EA8000704700BF70B5002585608D680446164646
:10EA90002DB1CA688560C2608B680222984794F8DD
:10EAA000372084F83960002302F0EF0263F3C302D9
:10EAB000322184F8372023632161204670BD00BFD6
:10EAC0002DE9F041476A84B006460069884605F0A2
:10EAD000D9FB044640460D4605F0D4FB02460B46E2
:10EAE0002046294605F044FC0022414B05F040FC3D
:10EAF0003BA3D3E9002304460D4605F063FD002245
:10EB00003C4B05F081FA05F0CDFEC0B20F2827F08E
:10EB1000400710D97762336A96F8372023F01F0335
:10EB20001F2894BF184343F01F00D306306214D44B
:10EB300004B0BDE8F08147F040072BA3D3E90023E0
:10EB400077622046294605F03DFD0022294B05F05D
:10EB50005BFA05F0A7FEC0B2DDE7736AB2688DF814
:10EB60000630190C1B0A8DF804108DF80530002AA8
:10EB700031D003ABF46801A903223046A0479DF8C9
:10EB80000D009DF80C409DF80E10336AB2688DF8A8
:10EB90000A30000240EA044008430011190C1B0A25
:10EBA000B0628DF808108DF80930A2B103AB02A94C
:10EBB000F46830460322A0479DF80D309DF80C10F4
:10EBC0009DF80E201B0243EA014313431B11B3625D
:10EBD00004B0BDE8F08105F00FFA00BFAFF300808C
:10EBE00000000000C0EB124100000000402404417E
:10EBF000000040400000E03F2DE9F8430646006A6F
:10EC000000F01F0005F03EFB80463069894605F0A4
:10EC100039FB736A5B0604460D4622D419A7D7E96F
:10EC20000067404649460022134B05F0EFF90022E9
:10EC3000124B05F09DFB02460B463046394605F067
:10EC400097FB22462B4605F0BDFC00220C4B05F03D
:10EC50008FFB00220A4B05F08BFB05F023FEBDE87D
:10EC6000F88303A7D7E90067DBE700BFAFF30080B5
:10EC700000000060B81EC53F0000F03F0000A03F4C
:10EC800000408F40000000400AD7D33FAFF3008020
:10EC900030B5036A01F3060123F4BF3383B00446A1
:10ECA00001F07F0123F480730AB143F4803394F8B8
:10ECB000372043EA0123D206236201D403B030BDDA
:10ECC000A2688DF80230190C1B0A8DF800108DF81F
:10ECD00001309AB1694601ABE56820460322A84796
:10ECE0009DF805309DF804109DF806201B0243EAAC
:10ECF000014313431B11A36203B030BD05F07CF93F
:10ED000030B5FF2983B004460EDD4FF48073C36233
:10ED1000002062692C4B94F8371013400343CA0655
:10ED200063610FD403B030BD7F2903DD8023C3624C
:10ED30000120EEE73F2924DC1F2926DD2023C362C2
:10ED40000320E6E7A2688DF80230190C1B0A8DF843
:10ED500000108DF80130002A33D0694601ABE56818
:10ED600020460322A8479DF805309DF804109DF821
:10ED700006201B0243EA014313431B11A36203B0A5
:10ED800030BD4023C3620220C3E70F2905DC0729F9
:10ED900007DD0823C3620520BBE71023C3620420FC
:10EDA000B7E7032903DD0423C3620620B1E7012985
:10EDB00003DD0223C3620720ABE70123C3620820FF
:10EDC000A7E705F019F900BFF0FF0F00C06A704710
:10EDD00030B5436983B0044641B194F8372043F419
:10EDE0000073D206436108D403B030BD94F83720D5
:10EDF00023F40073D2064361F6D5A2688DF8023081
:10EE0000190C1B0A8DF800108DF801309AB1694673
:10EE100001ABE56820460322A8479DF805309DF820
:10EE200004109DF806201B0243EA014313431B1103
:10EE3000A36203B030BD05F0DFF800BF30B5436911
:10EE400083B0044641B194F8372043F48073D2066E
:10EE5000436108D403B030BD94F8372023F48073A5
:10EE6000D2064361F6D5A2688DF80230190C1B0A50
:10EE70008DF800108DF801309AB1694601ABE56854
:10EE800020460322A8479DF805309DF804109DF800
:10EE900006201B0243EA014313431B11A36203B084
:10EEA00030BD05F0A9F800BFF0B583B001290446D4
:10EEB0009DF920C09DF8246061DD0F29A8BF0F21B6
:10EEC00041F30405EDB294F83500352A65F30400EA
:10EED00084F8350004DC232A2CDD4FF4803701E070
:10EEE0004FF4C0376FF00200BCF10C0FA8BF4FF019
:10EEF0000C0C8445B8BF8446A569234884F83420A7
:10EF00000CF10302D2B2284083F3040340EAC2109A
:10EF100003F0070340F4804040EA03100143394303
:10EF20000EB941F4805194F83730A161DB0607D463
:10EF300003B0F0BD172AD4BF00270127FF03D1E794
:10EF4000A369A2688DF80230190C1B0A8DF8001015
:10EF50008DF80130B2B1694601ABE5682046032265
:10EF6000A8479DF805309DF804109DF806201B0267
:10EF700043EA014313431B11A36203B0F0BD022116
:10EF80000D46A0E705F038F80060FEFF2DE9F041DE
:10EF900082B090F8367090F837609DF920500446A2
:10EFA0009DF9240084F8342063F3030765F3071701
:10EFB00060F30206012984F8367084F837606BDD4F
:10EFC0000F29A8BF0F2141F30407FFB294F8356061
:10EFD000352A67F3040684F8356008DC232A35DD1A
:10EFE000002B4FF4803806DC4FF0000C0EE04FF49D
:10EFF000C038002BF8DD082BB4BF9C464FF0080C3E
:10F000000CF1FF3C5FFA8CFC4FEA0C1C0C2DA8BFE6
:10F010000C25A669234B94F837706FF002029542D5
:10F02000A8BF2A4680F302000332334043EAC023DC
:10F03000D2B243EAC2120A4342EA080242EA0C028E
:10F04000FB06A26109D402B0BDE8F081172AD4BF43
:10F05000002201224FEAC238CBE7A3688DF80220D4
:10F06000110C120A8DF800108DF80120BBB1694611
:10F0700001ABE56820460322A8479DF805309DF8BE
:10F0800004109DF806201B0243EA014313431B11A1
:10F09000A36202B0BDE8F08102210F4696E704F0BA
:10F0A000ABFF00BF0020FEFF30B5836983B004468C
:10F0B00041B194F8372043F40053D206836108D459
:10F0C00003B030BD94F8372023F40053D206836197
:10F0D000F6D5A2688DF80230190C1B0A8DF80010C5
:10F0E0008DF801309AB1694601ABE56820460322EC
:10F0F000A8479DF805309DF804109DF806201B02D6
:10F1000043EA014313431B11A36203B030BD04F073
:10F1100073FF00BFF0B583B090F837509DF82460BE
:10F120009DF82070012E28BF0126F603032F28BF6B
:10F13000032746F42026032B28BF0323B1F5F07FD5
:10F1400028BF4FF4F071B2F5F07F28BF4FF4F07292
:10F1500046EA4736490946EA431615F0080F4FEAD2
:10F16000521246EA022280F8381008BF00211143EB
:10F17000EB060446C16101D403B0F0BD83688DF88D
:10F1800002100A22090A8DF801108DF8002093B1AF
:10F19000694601ABC5680322A8479DF805309DF874
:10F1A00004109DF806201B0243EA014313431B1180
:10F1B000A36203B0F0BD04F01FFF00BF30B5C36908
:10F1C00023F00F0383B00446C36119B190F83820CF
:10F1D0001343C36194F8373061F3C30384F83730C5
:10F1E000DB0601D403B030BDE369A2688DF80230BC
:10F1F000190C1B0A8DF800108DF801309AB1694680
:10F2000001ABE56820460322A8479DF805309DF82C
:10F2100004109DF806201B0243EA014313431B110F
:10F22000A36203B030BD04F0E7FE00BF30B58369D0
:10F2300023F00F0383B00446836129B190F8352091
:10F2400042F304021343836194F83730DB0601D4A0
:10F2500003B030BDA369A2688DF80230190C1B0AF7
:10F260008DF800108DF801309AB1694601ABE56860
:10F2700020460322A8479DF805309DF804109DF80C
:10F2800006201B0243EA014313431B11A36203B090
:10F2900030BD04F0B1FE00BF70B56B4B1B68044677
:10F2A00088B00A46586946F2843148F2FD33E1F7E6
:10F2B00019FB3221E1F7C2FFE1F746FF634AA36879
:10F2C0006262BCEEC00A00254FF400204FF42021FA
:10F2D0004FF4402284ED040AA061E161226265617D
:10F2E0008DF808508DF809508DF80A50002B00F069
:10F2F000A98007ABE66802A903222046B0479DF823
:10F300001D009DF81C609DF81E10A369A2688DF871
:10F310000E30000240EA064008430011190C1B0A97
:10F32000A0628DF80C108DF80D30002A00F08A8054
:10F33000E66803A9032207AB2046B0479DF81D00ED
:10F340009DF81C609DF81E10E369A2688DF81230CC
:10F35000000240EA064008430011190C1B0AA06293
:10F360008DF810108DF81130002A6BD0E66804A9D2
:10F37000032207AB2046B0479DF81D009DF81C6096
:10F380009DF81E10236AA2688DF81630000240EA2C
:10F39000064008430011190C1B0AA0628DF81410D6
:10F3A0008DF81530002A4DD0E66805A9032207AB79
:10F3B0002046B0479DF81D009DF81C609DF81E106A
:10F3C000636AA2688DF81A30000240EA06400843DA
:10F3D0000011190C1B0AA0628DF818108DF8193055
:10F3E00082B307ABE66806A920460322B0479DF822
:10F3F0001D109DF81C009DF81E3094F8372009025E
:10F4000041EA004119430126091142F010020C2380
:10F41000A16284F83720204636228DE84800072173
:10F420000D23FFF741FD20462946FFF7FFFE20464A
:10F430002021FFF765FC204632460A21FFF728FC11
:10F4400008B070BD04F0D8FDC802002010000E0006
:10F4500030B5426A012985B0044622F0300342D01B
:10F46000032908BF43F0200343629A421DD0A268DB
:10F470008DF80630190C1B0A8DF804108DF8053034
:10F48000002A34D001A9032203ABE5682046A8472F
:10F490009DF80D209DF80C009DF80E10636A120275
:10F4A00042EA00420A431211A262A2688DF80A30B1
:10F4B000190C1B0A8DF808108DF80930BAB102A991
:10F4C00003ABE56820460322A8479DF80D309DF860
:10F4D0000C109DF80E201B0243EA014313431B113D
:10F4E000A36205B030BD43F010034362BDE704F0F2
:10F4F00083FD00BF10B590F83730DB06044620D4FA
:10F500009FED196A636ADFED195ADFED196A94ED10
:10F51000047ADFED187A13F0400F08BFF0EE656A49
:10F5200066EE866AB8EE477A86EE870A20EE270AEC
:10F5300020EE270A05F0BCFCBCEEC00A10EE100A53
:10F5400010BD0321FFF784FFA36ADFED077AC3F341
:10F55000842306EE103AB8EE466AB7EE007A36EE2D
:10F56000076A26EE276ACDE70000003D52B89E3EAE
:10F57000C3F5283E00007A44F8B504460F46002142
:10F58000FFF766FF94F83750266BC5F30015002D82
:10F590004FD126F001062663002D3ED126F002034E
:10F5A00023630020002D2ED123F00403236305BB29
:10F5B00023F0080323633DB923F01003236375B9D7
:10F5C00023F020032363F8BDA26A9606F4D5D8067B
:10F5D00047D543F0100323630120002DF0D0A26A29
:10F5E0005106EDD59A062FD543F020032363012061
:10F5F000F8BDA26AD106DBD51A0766D543F0080329
:10F6000023630120D7E7A26A1607CDD558074FD547
:10F6100043F0040323630120C9E72046FFF72AFAD9
:10F620008207BBD5B30736D546F00203236301201A
:10F63000B8E72046FFF71EFAC007AAD5F1071DD587
:10F6400046F001062663A7E73B6826499B6894F8C5
:10F65000392038469847236B43F020032363012069
:10F66000F8BD3B6820499B6894F839203846984794
:10F6700094F83750236BC5F30015AAE73B681B4984
:10F680009B6894F839203846984794F83750266B91
:10F69000C5F30015D4E73B6815499B6894F83920F9
:10F6A0003846984794F83750266BC5F30015BBE7EA
:10F6B0003B6810499B6894F839203846984794F87D
:10F6C0003750236BC5F30015A2E73B680A499B68D6
:10F6D00094F839203846984794F83750236BC5F38F
:10F6E00000158BE714550308E45403083854030845
:10F6F000645403088C540308B85403082DE9F043FC
:10F700000C4685B00546002A40F000816B4E3368F8
:10F71000DB689B681B6893F83910C1F3400100292E
:10F7200000F08C81226890F837109768CA0600F1C3
:10F730009E814FF0FF392846D3F82C80FFF7DAFE80
:10F74000434600904A4620465D49B84732682368E0
:10F75000D2689B6892685B49126892F8392012F06F
:10F76000010F0CBF01224FF0FF3220469847284678
:10F77000FFF742FA236854499E68EB6A0246204626
:10F78000B0472B6A2068C3F306218668CAB24806D0
:10F7900048BF42F0C0024D4952B243F300432046F5
:10F7A000B04795F8373013F0080F236814BF484965
:10F7B00048499B6820469847EB69206895F83820AF
:10F7C0004549C3F3411EC3F3C036C3F34137CDF8F7
:10F7D00000E001970296C3F303235B0186685201A0
:10F7E0002046B04795F83730D9065CD423683B49AA
:10F7F0009B682046984795F83730DF0649D4236840
:10F8000037499B682046984795F83730D90631D458
:10F81000236834499B6820469847AB691A0723D070
:10F82000236831499B68204698472368AA699B68EA
:10F830002E49C2F3803220469847236895F8352038
:10F840009E682B4995F9343042F304022046B047B4
:10F85000AB695B0440F1FA80236826499B68204627
:10F86000984705B0BDE8F083236823499B6820468C
:10F870009847DAE72846FFF7FDF8C0B20028C7D05E
:10F88000236801280CBF1D491D499B6820469847E5
:10F89000C3E7AB6A5E0640F1BF80236819499B68E5
:10F8A00020469847B0E7AB6A9A0640F1BE802368CD
:10F8B00015499B68204698479DE700BFC802002075
:10F8C000445703085C57030864570308705703083C
:10F8D0007C570308845703088C570308B057030864
:10F8E000BC570308C0570308F0570308CC57030858
:10F8F000D457030860410308F4570308C4570308AA
:10F90000C8570308B4570308A85703080B6890F8B2
:10F9100039209B685F492046984728462146FFF7D3
:10F920002BFE95F83730AA6ADB0613D5D70709D521
:10F93000236859499B682046984795F83730AA6A4A
:10F94000DE0607D5100605D5236854499B68204676
:10F950009847AA6A236852499B68920A20469847AA
:10F9600095F83730D90600F18D804FF0FF322368CB
:10F970004C499B68204698472846FFF73DF9236885
:10F9800049499B68024620469847236828469E6856
:10F99000FFF7B0FD454902462046B0472368EA6AB2
:10F9A00043499B6820469847236842499B68204604
:10F9B00098476A69236840499E6820461346B047C5
:10F9C000AA6923683D499E6820461346B047EA6904
:10F9D00023683B499E6820461346B0472A6A23683D
:10F9E00038499E6820461346B0476A6A23683649FC
:10F9F0009E6820461346B0472168EF692E6A686A00
:10FA00006A69AB690290009701968D682F4920467C
:10FA1000A84705B0BDE8F083D8067FF5F0AE2368AF
:10FA20002B499B6820469847EEE61B077FF5DEAE24
:10FA3000236828499B6820469847DCE6FFF708FDC5
:10FA4000236825499B68204698477FE695F837004C
:10FA500095F836302268214940F3020000909568FD
:10FA6000204643F3030243F30313A847F4E60121BE
:10FA7000FFF7EEFC3268AB6AD26892684FEA9329CE
:10FA8000136858E628460121FFF7E2FCAA6A920AA9
:10FA90006DE700BF44550308685503088C550308FB
:10FAA000AC550308CC550308E4550308FC5503087E
:10FAB00014560308285603083856030860560308EE
:10FAC00088560308AC560308D856030804570308A1
:10FAD000B8570308AC57030858570308E057030802
:10FAE000024B1B685968FFF747BD00BFC8020020E2
:10FAF00070B5032A86B016460D46044600F0F8801D
:10FB000040F2A980052A00F0E980C0F0D380FF2AE6
:10FB100040F0AF80436982688DF80230190C1B0AEF
:10FB20008DF800108DF80130002A00F0EB8005AB55
:10FB3000C66869460322B0479DF815009DF8146019
:10FB40009DF81610A369A2688DF80630000240EAFD
:10FB5000064008430011190C1B0AA0628DF804101E
:10FB60008DF80530002A00F0CD80E66801A9032257
:10FB700005AB2046B0479DF815009DF814609DF830
:10FB80001610E369A2688DF80A30000240EA0640C8
:10FB900008430011190C1B0AA0628DF808108DF89B
:10FBA0000930002A00F0AE80E66802A9032205AB06
:10FBB0002046B0479DF815009DF814609DF816107A
:10FBC000236AA2688DF80E30000240EA064008431E
:10FBD0000011190C1B0AA0628DF80C108DF80D3065
:10FBE000002A00F08F80E66803A9032205AB2046B7
:10FBF000B0479DF815009DF814609DF81610636AD3
:10FC0000A2688DF81230000240EA06400843001155
:10FC1000190C1B0AA0628DF810108DF81130002A03
:10FC200070D005ABE66804A920460322B0479DF8D2
:10FC300015209DF814609DF816002B6832499B68CA
:10FC4000120242EA064202431211A2622846984773
:10FC5000012006B070BD012A36D0022A09D10968F8
:10FC600083611A4628468B6828499847012006B0C8
:10FC700070BD2B6826499B68284698472B68254904
:10FC80009B68284698472B6823499B6828469847D5
:10FC90002B6822499B68284698472B6820499B6817
:10FCA000284698472B681F499B682846984700209C
:10FCB00006B070BD096803621A4628468B681A4967
:10FCC0009847012006B070BD096843611A4628466E
:10FCD0008B6816499847304606B070BD0968436284
:10FCE0001A4628468B6812499847012006B070BD15
:10FCF0000968C3611A4628468B680E499847012057
:10FD000006B070BD04F078F9C04E0308205803080F
:10FD1000C4580308E0580308FC58030814590308A2
:10FD2000385903085C5903086C580308F85703084E
:10FD30009858030848580308836810B4041D8BB111
:10FD4000097820461A7C8A422ABF1846DB689B68DD
:10FD5000002BF7D1844205D0037C8B4202D85DF89A
:10FD6000044B704720465DF8044B70472DE9F04F77
:10FD700087B006AD4F2305F8023D0C468146294663
:10FD80002046FFF7D9FF04F1040A824500F0A08263
:10FD90004F23204629468DF81630FFF7CDFF8245C8
:10FDA00000F0BE80A368002B00F0B78051461A7C9B
:10FDB0004E2A8ABF1946DB689B68002BF7D18A451B
:10FDC00000F0AB800B7C4F2B00F2A7800E7D06AFBE
:10FDD000512307F8013D20463946FFF7ADFF824524
:10FDE00000F0AB81A368002B00F0978051461A7C8D
:10FDF000502A8ABF1946DB689B68002BF7D18A45D9
:10FE000000F08B800B7C512B00F287800A7D71B251
:10FE100052B24846FEF73CFF4FF0010806AE4823B9
:10FE200006F8033D20463146FFF786FF824523D082
:10FE300006A9492301F80A3D2046FFF77DFF8245C8
:10FE40001AD006A94A2301F8093D2046FFF774FF9E
:10FE5000824511D04B23204629468DF81630FFF7F6
:10FE60006BFF824508D04C23204639468DF8173069
:10FE7000FFF762FF82455DD15323204639468DF856
:10FE80001730FFF759FF824529D0A368002B44D0D3
:10FE900051461A7C522A8ABF1946DB689B68002BA0
:10FEA000F7D18A4539D00B7C532B36D8D1F814B012
:10FEB000BBF1000F00F0A680BBF1010F00F04681FE
:10FEC000BBF1020F00F0DE81BBF1030F0BD0BBF1E1
:10FED000040F00F01482BBF1050F00F0368240469B
:10FEE00007B0BDE8F08F5A23394620468DF8173009
:10FEF000FFF722FF8245F2D0A36873B151461A7C06
:10FF0000592A8ABF1946DB689B68002BF7D18A45BE
:10FF100003D00B7C5A2B40F2EA818B4804F069F83D
:10FF2000D9F82030C3F30623DEB25A0648BF46F0A4
:10FF3000C0064CE7A0680028EFD0514603461A7C63
:10FF4000472A8ABF1946DB689B68002BF7D18A4590
:10FF5000E3D00B7C482BE0D84969D64603461A7C8F
:10FF6000482A8ABF9E46DB689B68002BF7D1F24582
:10FF7000D3D09EF81030492BCFD8DEF81420D446C9
:10FF8000034693F810E0BEF1490F8ABF9C46DB6838
:10FF90009B68002BF5D1E245BFD09CF810304A2B6E
:10FFA000BBD89CF814C0D046034693F810E0BEF1CD
:10FFB0004A0F8ABF9846DB689B68002BF5D1C24583
:10FFC000ABD098F810304B2BA7D898F81480534634
:10FFD00090F810E0BEF14B0F8ABF0346C0688068FE
:10FFE0000028F5D19A4598D0187C4C2895D8CDF8A2
:10FFF00000801B7D019348466346FFF78BF84FF066
:020000040802F0
:10000000010839E706A9552301F8083D2046FFF706
:1000100093FE82453FF45BAF06A9562301F8073DE6
:100020002046FFF789FE82453FF451AF06A95723CA
:1000300001F8063D2046FFF77FFE82453FF447AFBB
:100040005823294620468DF81630FFF775FE824565
:100050003FF43DAF5923204639468DF81730FFF75E
:100060006BFE82453FF433AFA06800283FF455AFE4
:10007000514603461A7C542A8ABF1946DB689B689E
:10008000002BF7D18A453FF448AF0B7C552B3FF648
:1000900044AF097D544603461A7C552A8ABF1C4644
:1000A000DB689B68002BF7D1A2453FF436AF237C79
:1000B000562B3FF632AF227D554603461C7C562C0C
:1000C0008ABF1D46DB689B68002BF7D1AA453FF429
:1000D00024AF2B7C572B3FF620AF2B7D5646044692
:1000E000257C572D8ABF2646E468A468002CF7D1EA
:1000F000B2453FF412AF347C582C3FF60EAF367D3C
:100100005546047C582C8ABF0546C0688068002884
:10011000F7D1AA453FF401AF287C59283FF6FDAE40
:1001200070B20090287D019049B2484652B25BB24D
:10013000FEF7BAFE4FF00108D1E6B9F8222042F3EB
:100140000002D2B263E600BF7859030806A955231E
:1001500001F8053D2046FFF7EFFD82453FF4B7AEBD
:1001600006A9562301F8043D2046FFF7E5FD824528
:100170003FF4ADAE5723314620468DF81530FFF7DA
:10018000DBFD82453FF4ABAE5823294620468DF86F
:100190001630FFF7D1FD82453FF4A1AE5923394611
:1001A00020468DF81730FFF7C7FD82453FF497AE24
:1001B000A06800283FF4B1AE514603461A7C542A89
:1001C0008ABF1946DB689B68002BF7D18A453FF44C
:1001D000A4AE0B7C552B3FF6A0AE097D54460346DA
:1001E0001A7C552A8ABF1C46DB689B68002BF7D116
:1001F000A2453FF492AE237C562B3FF68EAE227D75
:10020000554603461C7C562C8ABF1D46DB689B68FE
:10021000002BF7D1AA453FF480AE2B7C572B3FF63D
:100220007CAE2B7D56460446257C572D8ABF26463C
:10023000E468A468002CF7D1B2453FF46EAE347C7C
:10024000582C3FF66AAE367D5546047C582C8ABF42
:100250000546C06880680028F7D1AA453FF45DAE26
:10026000287C59283FF659AE70B2009095F91400D9
:10027000019049B2484652B25BB2FEF787FE4FF09A
:1002800001082CE65A23394620468DF81730FFF72F
:1002900053FD82453FF423AEA368002B3FF43DAEEF
:1002A00051461A7C592A8ABF1946DB689B68002B85
:1002B000F7D18A453FF431AE0B7C5A2B3FF62DAE79
:1002C000484691F91410FEF7EFFE4FF0010806E6DC
:1002D00006AF512307F8013D20463946FFF72CFDB4
:1002E000824508BF4FF000083FF498AD50E54846FE
:1002F00091F91410FEF7A2FD4FF00108EFE55A2323
:10030000394620468DF81730FFF716FD82453FF439
:10031000E6ADA368002B3FF400AE51461A7C592A83
:100320008ABF1946DB689B68002BF7D18A453FF4EA
:10033000F4AD0B7C5A2B3FF6F0AD484691F9141002
:10034000FEF746FD4FF00108C9E55A23394620461D
:100350008DF81730FFF7F0FC82453FF4C0ADA3687D
:10036000002B3FF4DAAD51461A7C592A8ABF194650
:10037000DB689B68002BF7D18A453FF4CEAD0B7C40
:100380005A2B3FF6CAAD49694B1E5942484659415E
:10039000FEF714FF4FF00108A1E500BF064A4BF637
:1003A000EF60CDF6AD6001466B4633F00703E2E83F
:1003B00002019A42FBD370472807002030B52D4830
:1003C0002D4A0021121A87B007F08EFAFFF7E6FFD8
:1003D0002A4A2B4B2B4922F01F020A601968186821
:1003E000C1F307210139C0F30720814238BF99606A
:1003F000234B1968C1F3072101B1DA60204B1A6859
:10040000C2F307220AB109221A611D4B1A68C2F30E
:1004100007222AB105225A60BFF34F8FBFF36F8FB7
:1004200001F05CF8184D194C00F072F818480021E2
:100430002A1A07F059FA17480021221A07F054FA2D
:10044000154A521B294692B26846E2F743FB134A0B
:1004500003AD121B92B221462846E2F73BFB104A3D
:10046000104B00A911601D6007F062F9DFF78AFFE9
:1004700001F070FE9002002028070020FF73012089
:1004800090ED00E0780300200080012000C00120F2
:100490000080012000C0012000C0012000000220D7
:1004A000180300201C030020022801DC01207047F3
:1004B00002F0A2B908B5012001F04CFE08B5FFF723
:1004C000F9FF00BF09490A681318EFF30880834257
:1004D00003D207480068834205D3064B0C221A60FA
:1004E0004FF0FF3070470B6010467047CC01002082
:1004F0007803002024070020EFF3058303B100BE3A
:1005000007F0A0B9EFF3058303B100BE07F0A2B96D
:1005100008B500F0ABFFBDE8084001F04FB800BFE0
:1005200000B58BB0082800F29780DFE800F01525B1
:1005300035455565758505004B4B4C4800220992A1
:100540001A6B42F480721A631B6B03F48073099375
:10055000099B0BB05DF804FB434B45480022019218
:100560001A6B42F001021A631B6B03F00103019343
:10057000019B0BB05DF804FB3B4B3E48002202920E
:100580001A6B42F002021A631B6B03F00203029320
:10059000029B0BB05DF804FB334B374800220392FB
:1005A0001A6B42F004021A631B6B03F004030393FB
:1005B000039B0BB05DF804FB2B4B304800220492E8
:1005C0001A6B42F008021A631B6B03F008030493D2
:1005D000049B0BB05DF804FB234B294800220592D5
:1005E0001A6B42F010021A631B6B03F010030593A1
:1005F000059B0BB05DF804FB1B4B224800220692C2
:100600001A6B42F020021A631B6B03F0200306935F
:10061000069B0BB05DF804FB134B1B4800220792AE
:100620001A6B42F040021A631B6B03F040030793FE
:10063000079B0BB05DF804FB0B4B1448002208929B
:100640001A6B42F080021A631B6B03F0800308935D
:10065000089B0BB05DF804FB0D4801F069FD00201C
:100660000BB05DF804FB00BF0038024000200240E0
:10067000000002400004024000080240000C02405A
:10068000001002400014024000180240001C02400A
:10069000B459030830B50C4687B00546C0F30310C3
:1006A000FFF73EFF05F00F0504F00F0201210A4B92
:1006B00001FA05F553F8223001950322C4F302151F
:1006C00001A9C4F3C314029303950594049200F0A6
:1006D000ADFF07B030BD00BF8059030838B50346F1
:1006E000C0F303100C4603F00F05FFF719FF022CAF
:1006F000C2684FEA45034FF0030198BF9C4001FADE
:1007000003F322EA0303C360C36888BF00241C43C9
:10071000C46038BD01EB001000B2704730B5274A05
:1007200003681360B5EEC00AF1EE10FA89B0044612
:100730003DD4F7EE007AB4EE670AF1EE10FAC8BFC6
:10074000B0EE670A94ED027A227CF8EE477A002335
:1007500027EE800A6020BCEEC00A013A84ED030A4D
:100760008DED020A0190039304930593069307937A
:10077000032A10D8DFE802F01102151304250F48F0
:1007800001A92A4601F06EFAA0B9637C0B482946FC
:100790004BB101F0D1FA09B030BD0025EFE70C25CF
:1007A000EDE70825EBE701F06BF909B030BD9FEDEF
:1007B000040AC7E7034801F0BBFCE6E77C0300201E
:1007C00000000000D859030870B52DED028B504D84
:1007D000826803682B6086B004460E46002A5ED00D
:1007E00006EE902AF8EE667AD0ED036AB8EE667AE5
:1007F000B7EE000AC7EE277AF4EEC07AF1EE10FAEF
:10080000C8BFB0EE408A4CDD196A41F211120A40AD
:100810002AB9196A40F244420A40002A44D001A889
:10082000694601F059F823683A4A93424DD040D9BD
:10083000394A93420BD061D9384A934207D002F526
:100840008062934203D0A2F50062934223D101F06B
:1008500033F8059A0090731EEB602D4B002A3DD1B2
:100860002F4AA2FB0010800C013858600023284852
:100870002B61AB6001F0A8F910B12A4801F058FCD7
:10088000B0EE480A2046FFF749FF2B68A6601A68B9
:1008900042F001021A6006B0BDEC028B70BDDFEDC4
:1008A000227AB0EE678AAFE71A6822F001021A6076
:1008B000B5E7A2F5A052934207D017D91B4A93423D
:1008C00003D002F540629342E5D100F0E5FF049ABF
:1008D0000090731EEB600E4B002AC1D0104A4000FE
:1008E000A2FB0010800C01385860BFE7B3F1804FC5
:1008F000EBD0A2F580629342CDD1E6E7A2F5644247
:100900009342E2D002F560429342C4D19FE700BF18
:100910007C030020001C0040000401400044014012
:1009200083DE1B43D859030800000000000C004080
:1009300030B50D4604468DB06F49284601F054FC91
:100940006D492060284601F079FC23686B4AC0F3AA
:10095000C3219342C0F3C030217460746DD0B3F1F1
:10096000804F3ED0664A934275D102F50D32002188
:100970000291116C41F002011164126C02F002024A
:100980000292029A5F4A934240F0A58002F57842B3
:1009900000210691516C41F480315164526C02F493
:1009A00080320692069A584A93420BD1574B002246
:1009B0000B921A6C42F480721A641B6C03F48073FD
:1009C0000B930B9B28464C4901F0CAFB0023A580E2
:1009D000A360E360204644F62061FFF7F5FE0DB00A
:1009E00030BD4A4A00210191116C41F001011164AE
:1009F000126C02F001020192019A454A9342C1D160
:100A000002F59A3200210591516C41F002015164C6
:100A1000526C02F002020592059A3E4A9342C2D1FC
:100A20003A4B00220A921A6C42F080021A641B6C44
:100A300003F080030A930A9BC4E702F59C3200216D
:100A40000091516C41F001015164526C02F00102BD
:100A50000092009AD1E7304A93421CD102F50C3241
:100A600000210391116C41F004011164126C02F039
:100A700004020392039A294A93421CD1234B002279
:100A800008925A6C42F480225A645B6C03F480230F
:100A90000893089B96E7224A9342AED102F50B32A7
:100AA00000210491116C41F008011164126C02F0F4
:100AB00008020492049A1B4A9342AED1134B0022BF
:100AC00009921A6C42F040021A641B6C03F0400356
:100AD0000993099B76E7144A9342CCD10B4B002231
:100AE00007925A6C42F400325A645B6C03F4003390
:100AF0000793079B66E700BF885B0308000001407F
:100B00000004004000400140002000400038024046
:100B100000040140001C0040000800400048014063
:100B2000000C0040001800400044014008B50D4B87
:100B30005B681A050FD40B4B5B685B0505D50A4B48
:100B40000A4A1B68506803219847064BDA6842F44A
:100B50007462DA6008BD054A034B50681B680421C3
:100B60009847E8E700600240DC030020BC03002057
:100B700008B50D4B1B689A020FD40B4B1B68DB02A8
:100B800005D50A4B0A4A1B68106803219847064B93
:100B90009A6842F474129A6008BD054A034B1068C3
:100BA0001B6804219847E8E700640240DC0300204A
:100BB000BC030020F8B5B0F91EE0124B0768866848
:100BC000C5680469416982691F60BEF1FF3F5E60CC
:100BD0009D60DC6019619A6110D0B0F91C2001326F
:100BE0000CBF04220C225A61064801F043FA00B9F6
:100BF000F8BD0548BDE8F84001F09ABA08225A61EC
:100C0000F2E700BFB0050020F059030870B51E4C94
:100C10001E4E54F82130306082B00D4643B1026858
:100C2000510624D403689A0613D40368DB0601D462
:100C300002B070BD0023019303680193144B426816
:100C4000019254F825001B68019A0221984702B0CE
:100C500070BD0F4B54F825001B6800219847306881
:100C60006FF0200303600368DB06E1D5E2E7084A82
:100C7000184601211368984730686FF040030360FD
:100C800003689A06D1D5E4E7BC030020B005002034
:100C9000DC03002001480021FFF7B8BF001001402D
:100CA00001480121FFF7B2BF004400400148022182
:100CB000FFF7ACBF0048004001480321FFF7A6BF83
:100CC000004C004001480421FFF7A0BF0050004045
:100CD00001480521FFF79ABF001401402DE9F043B8
:100CE00089B004460E4608466F49BDF94070154666
:100CF000984601F079FA6D498146284601F074FA68
:100D00000146484601F04EFA694B2060984200F0D7
:100D1000BC8049D9674B98425DD003F58063984207
:100D200000F0A480A3F5444398426CD030465E495D
:100D300001F016FA5D49284601F012FA711C03D041
:100D400030460121FFF7CAFC6A1C03D02846012166
:100D5000FFF7C4FCB8F1FF3F03D040460121FFF785
:100D600099FC7B1C1DD03846534901F0F9F93846EF
:100D70000121FFF7B3FC4FF40073A36100234FF48C
:100D80001652A260E36023616361A683E583204677
:100D9000FFF710FF494A2368934243D009B0BDE8EA
:100DA000F0830023A361E9E7A3F50063984244D0F0
:100DB00003F580639842B9D1414B002204921A6C2A
:100DC00042F480221A641B6C03F4802304930223F0
:100DD000049A6360AAE73A4B00220092596C41F0F2
:100DE00010015964596C01F01001009100990192B1
:100DF000196B41F4800119631B6B626003F480037B
:100E00000193019B92E72E4B002206921A6C42F44A
:100E100080121A641B6C03F4801306930423069A51
:100E2000636083E7274B28482146A02201241C60E9
:100E300006F036FD09B0BDE8F083214B0022029296
:100E4000196C41F400311964196C01F400310291FC
:100E5000029903921A6B42F400121A631B6B03F49B
:100E6000001303930123039A63605FE7144B00228E
:100E700007925A6C42F020025A645B6C03F0200324
:100E80000793079B0523636050E70D4B00220592F3
:100E90001A6C42F400221A641B6C03F400230593BD
:100EA0000323059A636041E73C5F0308F85A03088F
:100EB000004C004000100140945E030800440040D4
:100EC00000380240B8030020F00500208160FFF7E1
:100ED00071BE00BF09290CBF4FF480510021013AB7
:100EE000C160032A12D8DFE802F00D02020D4FF4B0
:100EF00080624261022B0CBF4FF400530023036158
:100F0000FFF758BE4FF4C0624261F3E7002242612E
:100F1000F0E700BF036816488342F0B41FD000F525
:100F20004C40834219D1134C134EA768134D00F562
:100F3000AA3047F474174030A76042608660C160F1
:100F400005601A6822F010021A60026842F001027D
:100F500002605A6942F040025A61F0BC7047084C86
:100F60000848E768084E054D47F47467E760E4E712
:100F700000440040006402400410014018050308CA
:100F800000600240886002400444004010B4044BFA
:100F900044680448196040F824205DF8044B704709
:100FA000DC030020BC03002003684E48F0B44E4C24
:100FB0008342236078D03DD94C48834265D000F508
:100FC000806083426BD0A0F54440834262D0002011
:100FD000054606460446002A3AD001297DD072D340
:100FE000022903D1DA6842F01002DA6080B1404B86
:100FF000404A996873B203F1100706F01A065B09BC
:101000004FF0010C0CFA06F641F8270042F8236075
:10101000374B384A996863B203F1100004F01704A3
:101020005B09012606FA04F441F8205042F82340F7
:10103000F0BC7047A0F5006083423AD000F58060B4
:101040008342C4D1002006462B4D2724002AC4D158
:1010500001293DD032D3022903D1DA6822F01002EF
:10106000DA60DB6813F0B00FE2D1620920320121AF
:10107000204B04F0170401FA04F443F82240BFF3B4
:101080004F8FBFF36F8FF0BC70471C4D1C483A2642
:101090002524A0E7002006461A4D35249BE70020B2
:1010A0000646194D472496E700200646174D34247E
:1010B00091E7174D1748102626248CE7DA6822F0AE
:1010C0002002DA60CDE7DA6842F02002DA608DE7CC
:1010D000DA6822F08002DA60C3E7DA6842F0800260
:1010E000DA6083E7004C0040B005002000100140AA
:1010F00000ED00E000E100E0AD0C0208950C0208F4
:10110000710B0208C50C0208D10C0208B90C0208C8
:10111000A10C02082D0B0208026813689B06FCD57F
:10112000024B50681A60C0F308007047B0050020F9
:10113000026813681B06FCD5024BC1F3080151601D
:101140001A607047B00500202DE9F84F8046084628
:10115000894606F08AFFD8F80040554B9C42074666
:1011600059D003F54C439C4244D108F12003514D22
:10117000514EDFF858A109F1784B80462BE0F26818
:1011800042F04062F260726812F0507F03D0F26861
:1011900042F05072F260D3452ED847464A464FF08F
:1011A000000846496F60A960EA606A6942F004027B
:1011B0006A61434A2A60226822F0400222602A685B
:1011C00042F001022A606269B8F1000F42F0800229
:1011D000B94462616ADD2A68D707D0D57268100108
:1011E000FCD52A6822F001022A60626922F080029E
:1011F0006261C4E7BDE8F88FB8F1800F34BF47469D
:1012000080273A461846494606F04AFBC7EB0808CD
:1012100003460246C5E708F120032A4D2A4EDFF8AF
:10122000A0A004F1040832E0F26842F44012F26037
:10123000726812F4502F03D0F26842F45022F26028
:10124000802F34BFBE464FF0800ECEEB07077246AC
:1012500018464946F14406F023FB6F60C5F8088044
:10126000C5F80C906A6942F004026A61C5F800A0F2
:10127000226822F0400222602A6842F001022A60BD
:101280006269002F42F0800203466261B2DD2A6883
:10129000D107C9D572689202FCD52A6822F00102F2
:1012A0002A60626922F080026261BDE7BDE8F88FC2
:1012B00000440040B8640240006402400410014051
:1012C00040440208A060024000600240FEFF0F00A0
:1012D000014B5868704700BF40640240084B1868D3
:1012E00010B410B15DF8044B704706494FF08044CC
:1012F00001220C605DF8044B1A6000F035B800BFA5
:101300001C040020E003002008B5044B1B680BB947
:10131000FFF7E4FF4FF08043586A08BD1C0400202B
:1013200070B50F4C2368DA68910744BF6FF0020272
:101330001A61DA68520709D56FF00402094E1A6182
:101340005D6A3368EB1AB3F57A7F00D270BD00F0A6
:101350004FF92368356005F57A759D6370BD00BF50
:10136000900600202004002030B583B0234B244C8D
:101370002449254A00250195186C40F001001864A5
:10138000186C256100F0010001900198186AA560B1
:1013900040F001001862186A656120F001001862CF
:1013A0000968A2FB0131C90C01394FF080424FF0AE
:1013B000FF33204661602260E36000F0E9FB134ADE
:1013C000134B92681349C2F8B0104FF080521A6064
:1013D0002946204600F02EFB2046042100F02AFB7F
:1013E00023680D495A6A0A6002F57A729A63DA68CC
:1013F000284642F00402DA6003B030BD00380240F3
:1014000090060020D001002083DE1B4300ED00E0A9
:1014100000E100E02113020820040020104A114BD3
:10142000D2F8881041F4700110B4C2F8881019681D
:101430000D4C002041F0010119609860196821F0FD
:10144000847121F4803119605C601C684FF0005198
:1014500024F480241C60D8605DF8044B91607047D0
:1014600000ED00E00038024010300024164B9A686E
:1014700002F00C02042A24D0082A0AD0134A124B84
:1014800013489968134BC1F30311415CCA401A60B9
:101490007047586859685B6842024CBF0E4A0B4A55
:1014A00001F03F01C3F38813B2FBF1F202FB03F238
:1014B000054B5B68C3F3014301335B00B2FBF3F2FE
:1014C000DDE7054ADBE700BF003802400024F400F6
:1014D000D4600308D001002040787D0182B0002351
:1014E000304A00930193136843F48033136041F250
:1014F000883102E0009B8B4209D0136803F400336B
:101500000193009B01330093019B002BF2D0254BEC
:101510001B6813F4003318BF01230193019B012BB7
:1015200001D002B070471F4B1F4A186C1F4940F092
:1015300080501864106840F4804010609A689A6087
:101540009A6842F400429A609A6842F4A0529A6003
:1015500059601A6842F080721A6019460B68114A85
:101560009801FBD5124BC2F88430136843F08063B6
:10157000136011460B680B4A1B01FBD50D4B40F263
:1015800005711960936823F003039360936843F037
:1015900002039360936803F00C03082BFAD102B0A6
:1015A000704700BF003802400070004019544007E7
:1015B000C0430020003C0240704700BF08B50B4B01
:1015C0001A6842F400721A601A6842F480621A6063
:1015D0001A6842F480721A60032000F015F80F2098
:1015E000FFF7C2FEFFF7E8FF002008BD003C024005
:1015F000034B04491A6809780A441A60704700BF0F
:10160000CC060020D4010020074AD1684FF6FF0322
:101610000B4043F0BF6300F0070043F4003343EA9C
:101620000023D360704700BF00ED00E02DE9F00F0C
:1016300084B00F68DFF858C28E4E0197002303E094
:101640000133102B00F0AF800122019D9A4002EA85
:1016500005049442F4D14A6822F01009B9F1020F4E
:1016600000F0A5805D004FF00308D0F800B008FA44
:1016700005F86FEA080802F0030A08EA0B0B0AFAF9
:1016800005FA09F1FF394BEA0A0AB9F1010FC0F86E
:1016900000A040F2B680D0F80C908F6808EA0908E4
:1016A00007FA05F548EA0505C560D500C8D54FF02D
:1016B0000009CDF80C90DCF844506F4F45F480459C
:1016C000CCF84450DCF8448023F0030505F1804554
:1016D00008F4804805F59C35CDF80C8003F003082C
:1016E000DDF80CA0D5F808B04FEA88084FF00F0AD3
:1016F0000AFA08FAB8422BEA0A0A00F09A8007F5BB
:101700008067B84200F097805C4FB84200F0988044
:101710005B4FB84200F099805A4FB84200F09A806F
:10172000594FB84200F09B80584FB84200F09C805F
:10173000DFF8609148450CBF4FF007094FF00809EA
:1017400009FA08F848EA0A08C5F80880D6F80080BF
:10175000E543D7034CBF44EA080805EA0808C6F881
:101760000080D6F8048097034CBF44EA080805EAD5
:101770000808C6F80480D6F80880D7024CBF44EAAF
:10178000080805EA0808C6F80880D6F80C80920216
:1017900003F1010354BF05EA080444EA0804102BCE
:1017A000F4607FF451AF04B0BDE8F00F70474FEA2A
:1017B000D30800EB880803F00709D8F820704FEA37
:1017C00089094FF00F0A0AFA09FA27EA0A0A0F698B
:1017D00007FA09F94AEA0905C8F820505D004FF0F8
:1017E0000308D0F800A008FA05F86FEA080802F02C
:1017F000030908EA0A0A09FA05F94AEA0909C0F8D8
:101800000090D0F80890CF6808EA090907FA05FAAD
:1018100049EA0A09C0F80890D0F804A0C2F30019F8
:101820002AEA040A09FA03F94AEA0909C0F8049005
:1018300031E7C84686E74FF0010909FA08F881E761
:101840004FF0020909FA08F87CE74FF0030909FA9A
:1018500008F877E74FF0040909FA08F872E74FF043
:10186000050909FA08F86DE74FF0060909FA08F8C2
:1018700068E700BF003C0140000002400008024051
:10188000000C024000100240001402400018024008
:1018900000380240001C0240044B054A9B68054981
:1018A000C3F382230868D35CD840704700380240F5
:1018B000E4600308D0010020044B054A9B680549F9
:1018C000C3F342330868D35CD84070470038024005
:1018D000E4600308D00100200E4B0F22026010B418
:1018E0009C680D4A04F0030444609C6804F0F00412
:1018F00084609C6804F4E054C4609B685DF8044B09
:1019000003F46043DB080361136803F00F030B600B
:10191000704700BF00380240003C0240036A23F0D9
:101920000103F0B48F680E680362026A124D4368C7
:10193000846922F0020224F07304A84242EA0702FA
:1019400044EA06040AD005F58065A84206D0496835
:10195000436084614163F0BC02627047CF688E6966
:101960004D6922F0080223F440733A43354322F0D4
:1019700004022B43EBE700BF00000140036A23F49D
:101980008073F0B48F680E680362026A134D436877
:10199000C46922F4007224F07304A84242EA0722C8
:1019A00044EA06040AD005F58065A84206D04968D5
:1019B0004360C461C163F0BC02627047CF684E6986
:1019C0008D6922F4006223F4405342EA072243EA7D
:1019D000061322F4806243EA0513E8E700000140A1
:1019E000036A23F48053F0B48F680E680362046ABC
:1019F0000E4D4368C26924F4005422F4E642A84222
:101A000044EA073442EA06220AD005F58065A84276
:101A100006D049684360C26101640462F0BC70474B
:101A20004D6923F4804343EA8513F2E70000014047
:101A3000704700BF0368104A186A10B4012404FA02
:101A400001F120EA01001862186A934241EA00019C
:101A500019620BD002F58062934207D01A685DF8D4
:101A6000044B42F0010200201A6070475A6C42F4A5
:101A700000425A64F2E700BF00000140704700BF17
:101A80000368104A186A10B4012404FA01F120EA2C
:101A900001001862186A934241EA000119620BD0F2
:101AA00002F58062934207D01A685DF8044B42F059
:101AB000010200201A6070475A6C42F400425A64D6
:101AC000F2E700BF000001402F4A0368904230B4A3
:101AD00047D0B0F1804F30D0A2F57C4290422CD05C
:101AE00002F58062904228D002F58062904224D0B4
:101AF00002F57842904220D002F57052904220D0F8
:101B000002F5806290421CD002F58062904218D0AB
:101B1000A2F59832904214D002F58062904210D023
:101B200002F5806290420CD08C680A680360012341
:101B3000C462826230BC436170474A6823F070031C
:101B40001343CA688D680C6823F440731A430F4B23
:101B500002609842C562846210D00123436130BCA8
:101B600070474C68CA6823F070031C4324F4407427
:101B7000224302608B68C3620B6883620B69036354
:101B80000123436130BC7047000001400004014064
:101B900010B50446B0B190F8393003F0FF0263B1DC
:101BA0002146022351F8040B84F83930FFF78CFFEB
:101BB000012384F83930002010BD80F83820FFF769
:101BC00037FFEDE7012010BD10B50446B0B190F825
:101BD000393003F0FF0263B12146022351F8040BB0
:101BE00084F83930FFF770FF012384F83930002082
:101BF00010BD80F83820FFF741FFEDE7012010BD50
:101C0000036A23F01003F0B48F680E680362026A5F
:101C1000134D4368846922F0200224F4E644A8426C
:101C200042EA071244EA06240AD005F58065A84274
:101C300006D04968436084618163F0BC02627047EA
:101C4000CF684E698D6922F0800223F4406342EA36
:101C5000071243EA860322F0400243EA8503E8E7DD
:101C60000000014038B590F83830012B04460D468D
:101C700028D00121022380F8381080F839300C2A4E
:101C800019D8DFE802F00718181834181818471880
:101C90001818210029460068FFF740FE23682A69CA
:101CA000996941F008019961996921F004019961EC
:101CB00099690A439A610123002084F8393084F835
:101CC000380038BD022038BD29460068FFF788FE7D
:101CD00023682969DA6942F40062DA61DA6922F478
:101CE0008062DA61DA6942EA0122DA61E3E72946D1
:101CF0000068FFF785FF236829699A6942F400624A
:101D00009A619A6922F480629A619A6942EA012290
:101D10009A61D0E729460068FFF730FE23682A69F8
:101D2000D96941F00801D961D96921F00401D9616B
:101D3000D9690A43DA61BEE7036804201A6A00FA27
:101D400001F122EA01021A621A6A114319625A6CFD
:101D500042F400425A641A6842F001021A600020FC
:101D6000704700BF2DE9F0470568C1682B69C2695B
:101D7000D0F810E08768466923F4405319430446BD
:101D800080692961EB684EEA070123F41643314369
:101D900023F00C0311430B43EB606B6923F4407396
:101DA0000343B2F5004F6B61AF4B60D09D4200F032
:101DB000008103F580639D4200F0FB80FFF76CFD1E
:101DC0006368AA4E00EB80009B0000EB8000B0FB34
:101DD000F3F8FFF761FDA6FB0838636800EB8000AD
:101DE0009B0000EB8000B0FBF3F9FFF755FD636843
:101DF00000EB800000EB80009B00B0FBF3F3A6FB40
:101E000003235B09642707FB13994FEA0919FFF7BE
:101E100043FD09F13209A6FB0939636800EB800034
:101E20009B0000EB8000B0FBF3FAFFF735FD636821
:101E300000EB800000EB80009B00B0FBF3F3A6FBFF
:101E400003235B0907FB13A73F0132374FEA5919F8
:101E5000A6FB07364FEA581809F0F009C6F34316F7
:101E60004FEA08184E444644AE60BDE8F0879D42F4
:101E70005DD003F580639D4259D0FFF70DFD636887
:101E80007A4E00EB80005B0000EB8000B0FBF3F8C3
:101E9000FFF702FDA6FB0838636800EB80005B00DB
:101EA00000EB8000B0FBF3F9FFF7F6FC636800EB92
:101EB000800000EB80005B00B0FBF3F3A6FB032384
:101EC0005B09642707FB13994FEAC909FFF7E4FC94
:101ED00009F13209A6FB0939636800EB80004FEA7B
:101EE00058184FEA191900EB80005B004FEA0818F8
:101EF00009F4F879B0FBF3FAFFF7CEFC636800EB66
:101F0000800000EB80005B00B0FBF3F3A6FB032333
:101F10005B0907FB13A3DB003233A6FB0323C3F3E8
:101F20004213984408EB0903AB60BDE8F087FFF764
:101F3000C3FC63684D4E00EB80005B0000EB80004B
:101F4000B0FBF3F8FFF7B8FC636800EB80005B00C0
:101F500000EB8000B0FBF3F9FFF7AEFC636800EB29
:101F6000800000EB80005B00B0FBF3F3A6FB0323D3
:101F70005B09642707FB13994FEAC909FFF79CFC2B
:101F800009F13209A6FB09396368A6FB082800EBB2
:101F900080005B004FEA58184FEA191900EB8000E7
:101FA0004FEA081809F4F879B0FBF3FAFFF784FC5C
:101FB000A4E7FFF781FC63682C4E00EB80009B00D8
:101FC00000EB8000B0FBF3F8FFF776FCA6FB0838C7
:101FD000636800EB80009B0000EB8000B0FBF3F92E
:101FE000FFF76AFC636800EB800000EB80009B0059
:101FF000B0FBF3F3A6FB03235B09642707FB1399EC
:102000004FEA0919FFF758FC09F13209A6FB093913
:10201000636800EB80009B0000EB8000B0FBF3FAEC
:10202000FFF74AFC636800EB800000EB80009B0038
:10203000B0FBF3F3A6FB03235B0907FB13A31B0110
:1020400032334FEA5919A6FB0323C3F343134FEA74
:10205000581809F0F0094FEA0818994409EB0803E9
:10206000AB60BDE8F08700BF001001401F85EB5159
:10207000704700BF10B5044650B390F8393003F0F4
:10208000FF0203B32368242284F83920DA6822F49B
:102090000052DA602046FFF765FE23681A6922F4D1
:1020A00090421A615A6922F02A025A61D8680021C6
:1020B000202240F40050D860E163084684F83920BB
:1020C00084F83A2010BD80F83820FFF7D1FFD9E717
:1020D000012010BD704700BF38B5044670B1FFF74E
:1020E000F9FF04F1080007C8656823682A43024322
:1020F00041F08001196000205A6038BD012038BDD0
:10210000034600201A68DB6813607047704700BF01
:1021100008B503685A68910502D59A68D20700D4B9
:1021200008BD6FF001029A60FFF7F0FF08BD00BF25
:102130000FB400B5064B83B004AA1B6852F8041B09
:10214000D868019207F0DAFB012000F003F800BF25
:102150003802002008B500B9FEE700F0ADFFFBE74C
:10216000431C10B5044619D0B1F90030581C04D1F5
:102170000FE031F90C3F5A1C0BD09C42F9D120469C
:102180008968FEF787FA20460021BDE81040FEF777
:10219000A5BA0348BDE81040FFF7CABF10BD00BF95
:1021A000EC600308884208B50AD0431C07D001310F
:1021B00006D00448FFF7BCFF4FF0FF3008BD0846CB
:1021C00008BD00BF00610308B1F900305A1C04D1FA
:1021D00007E031F90C3F5A1C03D08342F9D148681B
:1021E00070471846704700BF08B5431C0DD0B1F9C1
:1021F00000305A1C04D109E031F90C3F5A1C05D0BB
:102200009842F9D14868411C00D008BD0248FFF748
:102210008FFF4FF0FF30F8E714610308B1F9003089
:102220005A1C04D107E031F90C3F5A1C03D08342F9
:10223000F9D1886870471846704700BF08B5431C3D
:102240000DD0B1F900305A1C04D109E031F90C3F2E
:102250005A1C05D09842F9D18868411C00D008BDAD
:102260000248FFF765FF4FF0FF30F8E734610308DD
:1022700038B50546FFF748F80446FFF745F8001B58
:10228000A842FAD338BD00BF4FF47A7303FB00F0C5
:10229000FFF7EEBFDFF838D0002100F004B80D4B97
:1022A0005B58435004310C480C4B42189A42FFF4DF
:1022B000F6AF0B4A00F003B8002342F8043B094B89
:1022C0009A42FFF4F9AFFFF7A9F8FEF777F87047E5
:1022D00000800120B06B03088801002090020020DC
:1022E0009002002028070020FFF7FEBF08B510B1BC
:1022F00003689B699847002008BD00BF406870478D
:102300004160704700234360704700BF014B03608A
:10231000704700BFB011030810B5034B03600446BB
:10232000E0F708FD204610BDB011030838B504469B
:10233000406800F027FF80B163680133636000F0FC
:1023400031FF04F108050146FF22284605F0CFFEC3
:102350000123284684F80C3138BD38BD08B54FF448
:10236000887000F0CFFF024A02600022426008BD80
:102370006061030810B5044600F01CFC024B034AE0
:10238000A2601C60204610BD24040020A08601002D
:1023900010B58160044600F077FB014B1C6010BD56
:1023A0002404002000F0B6BB00F094BB00F0AABBF0
:1023B0001830FEF7B1BE00BFC1EBC10100EB8100D8
:1023C000B83000F091BF00BF10B518300C46FEF7D2
:1023D000AFFE204610BD00BF10B5054B03F108024B
:1023E0003C33044680E80C0000F008FB204610BD9A
:1023F00080610308A0F10400FFF7EEBF10B5074BA2
:1024000003F108023C33044680E80C0000F0F6FAC1
:102410002046E0F78FFC204610BD00BF8061030816
:10242000A0F10400EAE700BF2DE9F04782B0894639
:102430000B99BDF928A005461F46904600F002FB07
:10244000104B2B6034336B6005F1B80405F5A276B0
:10245000204600211C3400F043FFB442F8D105F1BE
:102460001804494642463B462046CDF800A0FEF7F8
:1024700035FC204604492A46FEF788FD284602B06E
:10248000BDE8F08788610308B92302081830FEF719
:102490001DBD00BF1830FEF71BBF00BF1830FEF790
:1024A00039BD00BF1830FEF74FBE00BF014B0360BF
:1024B000704700BFD061030810B5034B03600446AA
:1024C000E0F738FC204610BDD061030870B5054622
:1024D00004460D4845F8040B82B04FF0FF362846FD
:1024E000009600F03BFC00230821084A226328469E
:1024F0001A46E362A16200F0CBFC2846216B00F093
:10250000F3FC204602B070BDD061030840420F00CA
:1025100070B5094D2B68834204460BD0061D30462A
:10252000A16AE26A002300F0B3FC3046216B00F0A0
:10253000DBFC2C6070BD00BF2804002010B4044CEC
:10254000816200232360C2625DF8044BFFF7E0BFA5
:1025500028040020024B016300221A60FFF7D8BF55
:102560002804002038B50C460546FFF7D1FF281D8A
:102570002146BDE8384000F0B9BC00BF036870B523
:102580001B690021012204469847431C05460ED0D2
:10259000236820461B6900210222984723680646CB
:1025A00029461B69204600229847304670BD70BD01
:1025B000084B094A026010B403F58071002453F8F7
:1025C000042B824208BF43F8044C8B42F7D15DF8DC
:1025D000044B70472C040020006203080A4B0B4A8E
:1025E00010B503F5807104460260002053F8042BF7
:1025F000944208BF43F8040C8B42F7D12046E0F721
:1026000099FB204610BD00BF2C0400200062030887
:1026100010B50C4C82B04FF0FF33204600930221DE
:102620000322FEF75BFB2046082100220123FEF770
:1026300051FC20464FF4165102B0BDE81040FEF7A1
:1026400045BC00BFF0050020F0B50F4685B0354908
:10265000064605F0E5FC28B9334B1B68002B3ED03D
:1026600005B0F0BD3046314905F0DAFC30B92E4BEB
:102670001B68002B3ED0012005B0F0BD30462C4930
:1026800005F0CEFC002830D02A4B002402E00134B3
:10269000402C3CD053F8045F002DF8D133783A2B0E
:1026A00038D0314602A800F0C5FD02A800F002FEB5
:1026B00020BB02A800F0F4FD054640B3036802A861
:1026C0009E6800F0EBFD3A4601462846B0470346B7
:1026D000EBB1194AE01C42F8243005B0F0BD01907E
:1026E000FFF796FF019805B0F0BD0F4B1B6853B183
:1026F0000220B5E7FFF78CFF0120B1E702A800F048
:10270000E3FD0346E4E7FFF783FF0220A8E74FF06D
:10271000FF30A5E73046094902AA05F005FC029BF7
:10272000D6E700BFE0610308B8030020F0610308AA
:10273000E8610308280400202C0400202862030814
:10274000022808B50BDDC21E074B53F822000021FA
:1027500043F8221028B103685B68984708BD002041
:1027600008BD4FF0FF3008BD2C040020022870B5D2
:102770000C4616460FDC0E4B1B680BB9FFF748FFE3
:10278000A51936B114F8011B0A48FEF7D1FCAC427A
:10279000F8D1304670BD0338074B53F8200018B10C
:1027A00003681B68984770BD4FF0FF3070BD00BFD5
:1027B000B8030020F00500202C040020022810B5EA
:1027C0000C460ADD03380A4B53F8200060B1036859
:1027D0009B6898470346184610BD0648FEF79CFCC8
:1027E00001232070184610BD4FF0FF33F3E700BF00
:1027F0002C040020F0050020022808B508DD03386D
:10280000064B53F8200028B10368DB68984708BDE1
:10281000012008BD4FF0FF3008BD00BF2C04002090
:10282000022808B508DD0338064B53F8200028B10C
:1028300003681B69984708BD002008BD4FF0FF30B2
:1028400008BD00BF2C040020022808B504D84FF4AE
:1028500000534B60002008BD04F01EF909230360FB
:102860004FF0FF3008BD00BF30B583B00146684669
:1028700000F0E0FC684600F013FD044648B1036830
:102880006846DD6800F00AFD01462046A84703B00F
:1028900030BD4FF0FF30FAE770B5034684B00C4608
:1028A0006846194600F0C6FC214602A800F0C2FCAA
:1028B000684600F0F5FC40B1684600F0F1FC0446C3
:1028C00002A800F0EDFC844203D04FF0FF3004B0CA
:1028D00070BD684600F0E4FC0446684623681D6944
:1028E00000F0DCFC064602A800F0D8FC31460246A7
:1028F0002046A84704B070BD30B503782F2B83B0B5
:1029000012D00146684600F095FC684600F0C8FC0D
:10291000044638B1036868465D6900F0BFFC0146B3
:102920002046A84703B030BD4378002BE9D1FFF71C
:1029300015FD03B030BD00BF08B503685B6898475C
:1029400008BD00BF08B503681B68984708BD00BFF5
:1029500070B5034682B00D466846194600F06AFC21
:10296000684600F09DFC044650B1036868469E69C5
:1029700000F094FC2A4601462046B04702B070BDE4
:102980004FF0FF30FAE700BF00207047F8B58E180F
:10299000B1420F4605460FD00C4601E0A64209D0D1
:1029A0002B6814F8011B5B6A284698470130F5D163
:1029B000E01BF8BDF01BF8BD0020F8BDF8B58E187F
:1029C000B1420F4605460FD00C4603E004F8010B58
:1029D000A64207D02B6828469B6A9847431CF5D12E
:1029E000E01BF8BDF01BF8BD0020F8BD00207047CB
:1029F00000207047002070470020704710B5074B3B
:102A000003F108023C33044680E80C00406904F0FE
:102A10009BF8204600F0CAFB204610BD3862030830
:102A2000A0F10400FFF7EABF10B50446FFF7E6FF88
:102A30002046E0F77FF9204610BD00BFA0F104005A
:102A4000FFF7F2BF10B584B0044600F0DFFB0B4B7C
:102A50000B4903F108023C3384E80C0001A822462C
:102A600005F03EFA01A8074904F010FB002160615F
:102A700005F074F9204604B010BD00BF38620308A9
:102A8000286203088062030870B5114D04682C6049
:102A9000064648F2010301E0013B02D0A269920719
:102AA000FAD40B4C696000234FF4804220466B61DE
:102AB000AB60EB612B62EB60AB612A6100F028FA3E
:102AC000736823B123681A6842F480621A6070BD8B
:102AD000D006002001680A4A6FF480634B610B68DE
:102AE000116043F480730B6041F2010301E0013B8C
:102AF00004D04A69D207FAD50020704701207047F8
:102B0000D006002003681A6842F400721A600020A0
:102B1000704700BF0268084BC9B211611B6841F2DF
:102B2000010004E05A69520704D4013803D05A69FD
:102B30001106F7D501207047D0060020184B196800
:102B400048F2010301E0013B02D08A699207FAD4FE
:102B50000368144A934219D0134A93420CD0134A83
:102B6000934208D1124B1A6A42F400021A621A6A9E
:102B700022F400021A6270470D4B1A6A42F4800276
:102B80001A621A6A22F480021A627047084B1A6AA3
:102B900042F400121A621A6A22F400121A62704792
:102BA000D00600200054004000580040005C004067
:102BB00000380240F0B5044685B008460E46454947
:102BC0001546FFF711FB444907462846FFF70CFB63
:102BD00001463846FFF7E6FA404A2060904238D076
:102BE00003463F4A934211D03E4A934203D13E4BA3
:102BF0001A68002A50D02046FFF7A0FF20463B4924
:102C0000FFF742FF0023636005B0F0BD384B1A6840
:102C1000002AF0D13748029201211960036C2D4936
:102C200043F480030364036C03F48003029330468F
:102C3000029BFFF795FA28462749FFF791FA30469D
:102C40000321FDF74BFD28460321FDF747FD2368CF
:102C5000CAE7294B1A68002ACDD1264801920121E2
:102C60001960036C1B4943F400130364036C03F401
:102C7000001301933046019BFFF772FA284616496C
:102C8000FFF76EFA30460321FDF728FD28460321A1
:102C9000FDF724FD2368A4E716480392012119607B
:102CA000036C0C4943F400030364036C03F4000356
:102CB00003933046039BFFF753FA28460649FFF774
:102CC0004FFA30460321FDF709FD28460321FDF7A1
:102CD00005FD90E7985A0308345E0308005400404D
:102CE00000580040005C004030050020A086010034
:102CF00034050020003802402C050020F8B5036898
:102D0000144C1D68D0F810C04269D0F818E0236058
:102D1000011DC2C925F04000186007250023204688
:102D2000C4F804C0C4F81CE067612661E562E16094
:102D3000A261A360A3622362636200F065F910B12F
:102D40000548FFF7F5F923681A6842F040021A6057
:102D5000F8BD00BF38050020846203082DE9F04F5C
:102D600087B00446894608464249BDF9405090461E
:102D70001F46FFF739FA4049034640460193FFF7E3
:102D800033FA3E4906463846FFF72EFA3C49834659
:102D90002846FFF729FA019B314682461846FFF77D
:102DA00001FA514606465846FFF7FCF901463046FF
:102DB000FFF7F8F9334B206098424DD0324B9842E0
:102DC00032D0324B98420CD103F5FE3300220592EB
:102DD0001A6C42F400421A641B6C03F4004305931E
:102DE000059B48462349FFF7BBF940462249FFF7B8
:102DF000B7F938462149FFF7B3F900233822636059
:102E0000A360E3606B1CA4F81C80A4F81E902784C8
:102E10006584A26116D14FF4007363612046FFF709
:102E20006DFF07B0BDE8F08F03F500330022049278
:102E30001A6C42F480421A641B6C03F480430493BE
:102E4000049BCEE728460E49FFF78AF92046FFF794
:102E500055FF07B0BDE8F08F03F5843300220392DD
:102E60005A6C42F480525A645B6C03F480530393AF
:102E7000039BB6E7F45E0308085A0308505A030898
:102E8000986003080030014000380040003C0040DA
:102E900010290CBF4FF400610021012A41601FD0AE
:102EA000022A19D0AAB1022101228160C2604269BE
:102EB000B2F5007F05D0002B0CBF4FF4802200221A
:102EC0004261002B0CBF4FF4827300230361FFF7B4
:102ED00015BF8260C260EAE700218260C160E6E758
:102EE0000021C2608160E2E7FFF708BF03689A68CB
:102EF0009007FCD589B2D9609A68D207FCD5024AFE
:102F0000D8681360704700BF38050020704700BFC5
:102F1000F8B5044600286CD090F83D3003F0FF026D
:102F2000002B51D02368344D242284F83D201A68A8
:102F300022F001021A60FEF7AFFC30496268236894
:102F4000A1FB0061890CAA42596027D85200B0FB4E
:102F5000F2F0C0F30B020131032A19628CBF8446E0
:102F60004FF0040C206AE769E6682169A269656987
:102F7000C3F81CC0384331432A4318609960DA60B3
:102F80001868002240F001002021186022641046D9
:102F900084F83D10226384F83E20F8BD4FF4967704
:102FA000174EA56807FB01F1A6FB017189090131E4
:102FB000196275B902EB4202B0FBF2F0C0F30B02EA
:102FC000A2B94FF0010CCDE780F83C20FFF79EFF3F
:102FD000A8E702EB820202EB8202B0FBF2F0C0F340
:102FE0000B02002AEDD040F4404CBBE740F4004C0B
:102FF000B8E70120F8BD00BFA086010083DE1B43B7
:10300000D34D6210704700BF2DE9F047804600287D
:103010004FD090F8513003F0FF02002B44D0D8F885
:103020000820D8F80470D8F80C60D8F81050D8F8F8
:103030001440D8F81C10D8F81830D8F80000D8F888
:1030400028C017433E4335432C4321434FF0020A27
:10305000D8F8204088F851A041EA04021D0C01680C
:10306000D8F8244003F4007942EA0C0205F0040584
:1030700045EA040342EA0902BCF5005F21F0400181
:1030800001600260436004BFD8F82C300361C1695D
:10309000002321F400610122C161C8F854301846B0
:1030A00088F85120BDE8F08780F85020FFF7AAFF8C
:1030B000B5E70120BDE8F08708B572B69620FFF7A6
:1030C000E3F8FBE78368094A026053B1084B1A68CA
:1030D000824201D106E01A4653688342FBD143681D
:1030E0005360704742681A60704700BFA8620308C7
:1030F0009005002083680C4A10B50446026053B165
:103100000A4B1A68904201D10AE01A4653689C4261
:10311000FBD1636853602046DFF70CFE204610BDEC
:1031200042681A60F7E700BFA86203089005002014
:10313000054B02738160036021B1044B1A68426041
:103140001860704741607047A8620308900500202E
:10315000F8B50B4B1C6807460E467CB1A56839468E
:10316000324628463DB104F0ABFF20B9284604F0B2
:103170007CFFB04202D06468002CEFD12046F8BD3D
:1031800090050020064B1B6843B138B1002201E0D6
:10319000904203D05B680132002BF9D1184670478A
:1031A0009005002080687047007B704710B5074B82
:1031B000044603F108023433226040F8043FFFF76D
:1031C00081FF2046FFF7F4F9204610BDB0620308E6
:1031D000A0F10400FFF7EABF094B10B5044603F164
:1031E00008023433226040F8043FFFF76BFF2046AB
:1031F000FFF7DEF92046DFF79DFD204610BD00BF3A
:10320000B0620308A0F10400FFF7E6BF10B5074B5A
:103210000446002240F8043BFFF78AFF044B03F109
:103220000802343384E80C00204610BD0062030815
:10323000B062030870B50023036043600A782F2A48
:10324000044601D0204670BD4A78002AFAD04E1CB0
:1032500006604D782F2D1DD07DB18D1C194600E0E4
:10326000B2B125602A782F2A2B4601F1010105F120
:103270000105F5D10D460133236029463046FFF79D
:1032800067FF30462946FFF763FF6060204670BD48
:103290000D46F2E71D463346EDE700BF0068704774
:1032A00010B504464068FFF77FFF01280CBF606837
:1032B000002010BD08B54068FFF776FFD0F101008F
:1032C00038BF002008BD00BF10B504464068FFF7B6
:1032D0006BFF18B9606810B1043810BD002010BD34
:1032E000002280E80600704708B5036801460BB16C
:1032F000984708BD406810B18B690831984708BDF0
:1033000000F000B810B5002814BF04460124204680
:10331000FDF7F2F830B9044B1B680BB9FDF7CAF89A
:103320009847F4E710BD00BF9405002008B5036876
:10333000DB0707D443780BB1FDF7BCF801234370DA
:10334000184608BD002008BD0123036070470346EE
:103350000846194603F090BBDFF7ECBC08B5F0EE69
:10336000E07A2DED028BB0EEC08A38EE278AB5EEFA
:10337000408AF1EE10FA0CD0C0EE087A80EE880A8E
:1033800020EE000AA7EEA70A02F018F828EE000ABD
:1033900001E0B0EE480ABDEC028B08BDC3689A6834
:1033A000C26002B1506042685A600A68904208BF29
:1033B0000B6005D04268916888420CBF9360D3606F
:1033C0009860436070478368DA68826002B1506039
:1033D00042685A600A68904208BF0B6005D0426894
:1033E000D16888420CBFD3609360D8604360704757
:1033F00003782BB943685B68834208BFDB680CD055
:1034000083681BB1DA6842B11346FBE743689A68E8
:10341000904202D118465B68F9E718467047C368C6
:103420001BB19A6862B11346FBE74368DA689042C1
:1034300002D118465B68F9E7C2689A4208BF0346A2
:1034400018467047C3681BB19A6862B11346FBE720
:103450004368DA68904202D118465B68F9E7C268AF
:103460009A4208BF034618467047FFF7C1BF2DE9CF
:10347000F0411F4603F1040800230C464A608B60AC
:10348000CB600B7048B1BA42916001D1796008E01D
:10349000BB689A4217D1B96015E0D160FB689A42C7
:1034A00011D1FC600FE065682A787AB96E68B3685C
:1034B0009D4221D1F3686BB11A785AB90121297064
:1034C0001970327034467B689C42ECD101221A702C
:1034D000BDE8F081EB689C4204D128464146FFF7E5
:1034E0005DFF2C46636801221A700023337030465A
:1034F0004146FFF768FF14E013B11A78002ADDD0C7
:10350000AB689C4204D128464146FFF75CFF2C463D
:10351000636801221A700023337030464146FFF77A
:103520003DFF2646CEE72DE9F0410F468168034670
:10353000C06809B901462AE0002828D00646B268CA
:103540000AB11646FBE79E423246F56821D0864214
:103550004E60B16007D0766805B16E6051688D60CD
:10356000D060D9684A607968994201D17A6005E0F3
:103570005968886898420CBF8A60CA60596851606F
:10358000187811781070344619701E4629E00D46DF
:103590001E46746805B16C607A689A4201D17D60FC
:1035A00005E05A68916899420CBF9560D560BA6889
:1035B0009A4209D1DA680AB95A6804E02A46916841
:1035C00009B10A46FBE7BA60FA689A4209D19A68DB
:1035D0000AB95B6804E02B46DA680AB11346FBE7D8
:1035E000FB603378002B73D007F104087B689D42A1
:1035F0006CD0002D64D1A06885422ED1E06803789C
:103600003BB901220270414620462370FFF7C6FEF7
:10361000E068836813B11A78012A05D1C268002ACC
:103620002FD01278012A2CD0C26812B11278012A48
:1036300007D101221A70002303704146FFF7C3FE31
:10364000E06823780370C3680122227003B11A7006
:1036500020464146FFF7A2FE38E003783BB901223D
:103660000270414620462370FFF7ADFEA068C36894
:1036700013B11A78012A0AD1826812B11278012A8C
:1036800005D100230370636825461C46AEE78268B7
:1036900012B11278012A07D101221A700023037097
:1036A0004146FFF77BFEA068237803708368012200
:1036B000227003B11A7020464146FFF784FE05E0F0
:1036C0002B78012B97D001232B7001E0002DFAD12C
:1036D0003046BDE8F08108B5036853F80C3C9942C8
:1036E00002D9104600F085FC084608BD006810B5F8
:1036F00050F80C0C044C241A2144914202D2184672
:1037000000F074FC10BD00BFFCFFFF3F036899424E
:1037100007D353F80C0C1844814294BF00200120B9
:10372000704701207047012A10B502D10A78027053
:1037300010BDBDE8104004F0B3B8012A10B502D1A5
:103740000A78027010BDBDE8104004F0B2B801293B
:1037500010B50B4601D1027010BD1146BDE81040F6
:103760001A4604F0C1B808B5521AFFF7DCFF08BDCD
:1037700008B5521AFFF7D7FF08BD036853F8042CA9
:10378000002AB8BF002210B5B8BF43F8042C0A685D
:1037900052F8044C002CBCBF002442F8044C0260D8
:1037A0000B6010BD2DE9F04107688846144657F8B4
:1037B0000C6C1D4633B9B24294BF10464FF0FF3037
:1037C000BDE8F081B34213D81744731B9C420FD855
:1037D00017F8013B98F800209A420DD1384608F1BD
:1037E00001016A1E04F04DF830B92046BDE8F081B1
:1037F0004FF0FF30BDE8F0810134E6E7036810B513
:1038000053F80C4C6CB1601E824238BF1046421C0B
:1038100006D01C5C8C4200F1FF3204D01046F6E763
:1038200010BD4FF0FF3010BD2DE9F0410F4614469A
:103830001D4623B1066856F80C8C444503D34FF05F
:10384000FF30BDE8F0813846315D2A4604F00AF8C1
:1038500008B90134F1E72046BDE8F081F8B5056804
:103860001E4655F80C3C0F4683B17EB15C1EA24249
:1038700038BF14463846295D324603F0F3FF18B9C5
:10388000631E1CB11C46F5E72046F8BD4FF0FF3023
:10389000F8BD2DE9F041056855F80C6C0F4614464B
:1038A0009846B44207D23846295D424603F0DAFF13
:1038B00028B10134F5E74FF0FF30BDE8F081204634
:1038C000BDE8F081F8B5076808460E4604F0CDFB68
:1038D00057F80C4C054631463846A54234BF2A46B7
:1038E000224603F0CEFF00B9601BF8BD044B98429E
:1038F00004D000238360016008440373704700BF55
:1039000098050020134B984210B5044602D912487E
:1039100000F06CFB884203D94B009C4238BF1C4628
:1039200004F11D03B3F5805F04F10D000CD98C4246
:103930000AD904F58054C3F30B03064AE41A9442EF
:1039400028BF144604F10D00FFF7DCFC00224460A0
:10395000826010BDFCFFFF3F2A630308F8B50F46E5
:10396000054608B9094C0EE00021FFF7CBFF00F136
:103970000C040646294620463A46FFF7E8FE304644
:103980002946FFF7B3FF2046F8BD00BFA40500207D
:1039900010B50446084611461A46FFF7DFFF2060BF
:1039A000204610BDDFF7C6B9054A904210B506D0D3
:1039B0008268541E002A846001DCFFF7F3FF10BD0B
:1039C0009805002013B50446006801A90C38FFF7DC
:1039D000EBFF204602B010BD2DE9F347076899467A
:1039E00057F80C3C0C46C1EB0308C2EB090A57F828
:1039F000081C9A448A4505461646C2EB080818D8A2
:103A000057F8043C002B14DCB8F1000F09D04E45E8
:103A100007D009EB04003119384439444246FFF716
:103A20008CFE286851460C38FFF760FF02B0BDE8F5
:103A3000F087504601AAFFF765FF00F10C0724B19B
:103A4000384629682246FFF76EFEB8F1000F08D00D
:103A50002B6809EB04003119384419444246FFF73A
:103A600062FE286801A90C38FFF79EFF2F60D8E797
:103A700003680A4A934210B504460DD053F8043C3B
:103A8000002B04DD00210A460B46FFF7A5FF236843
:103A90004FF0FF3243F8042C10BD00BFA4050020F6
:103AA000F8B51C4605460E46174611461A46094B00
:103AB000FFF71CFE284631463A462346FFF78CFFA7
:103AC00034B128689DF8182030442146FFF73FFEA6
:103AD0002846F8BD56630308F8B5069C1E462346E3
:103AE00005460F46FFF778FF2CB128683146384469
:103AF0002246FFF718FE2846F8BD00002DE9F341E5
:103B00000768194B57F80C8C04460E46414615467B
:103B1000FFF7ECFD20463146FFF7F8FDC8B957F82E
:103B2000043C002B15DCF31BAB4205D33846314671
:103B30002A46FFF7F8FD05E023B1384631462A460C
:103B4000FFF7FBFD206829460C38FFF7CFFE204623
:103B500006E000952046002142463346FFF7BCFFB1
:103B600002B0BDE8F08100BF9E6303082DE9F34178
:103B700006461C461746214A0D46FFF7ACFD224675
:103B8000304600211D4BFFF7B1FD30463946FFF7A7
:103B9000BDFD024638BBD6F8008058F8043C002B27
:103BA00021DC294623463046FFF716FF3268C8EB72
:103BB0000703134415441919A94202D82846194687
:103BC00002E0AB4202D32846224608E0EF1A28461C
:103BD00019463A46FFF7A7FDE8192919E21BFFF736
:103BE000A2FD304606E000943046294600223B46BE
:103BF000FFF772FF02B0BDE8F08100BF73630308F6
:103C0000034B984202D08368013383600C307047C5
:103C10009805002070B5044600680B4610446168A2
:103C20001A46FFF76FFE2268064600F10C0522B126
:103C3000284604F10C01FFF776FD30462168FFF7B6
:103C400055FE284670BD37B50446006850F8082C6C
:103C500091420B4603D150F8042C002A11DD50F894
:103C60000C2D01A993422CBFC2EB0302C2EB02024E
:103C7000FFF7D0FF0546206801A90C38FFF794FE36
:103C8000256003B030BDF8B50B6853F80C6C0446E2
:103C90000F46F6B1036853F80C5C53F8082C354412
:103CA000954211D853F8043C002B0DDC2368396889
:103CB00053F80C0C32461844FFF735FD20682946AE
:103CC0000C38FFF713FE04E020462946FFF7BBFF40
:103CD000ECE72046F8BD00002DE9F04104460E4611
:103CE000904672B3184B0021FFF700FD276857F884
:103CF0000C5C57F8083C45449D4203D857F8043CF7
:103D0000002B08DD20463146FFF700FD88B1204634
:103D10002946FFF798FF236853F80C0C31461844E6
:103D20004246FFF700FD206829460C38FFF7DEFD0C
:103D300007E020462946FFF786FF2368F61B1E444E
:103D4000E9E72046BDE8F081B3630308F8B504460F
:103D500017460D4619B32A46124B0021FFF7C6FC41
:103D6000236853F80C6C53F8082C2E44964211D853
:103D700053F8043C002B0DDC236853F80C0C294647
:103D800018443A46FFF7E3FC206831460C38FFF749
:103D9000ADFD04E020463146FFF755FFECE7204635
:103DA000F8BD00BFB363030808B58368002B02DBCE
:103DB000FFF726FF08BD0022FFF72CFF08BD13B553
:103DC0000446086801AA69460C38FFF7EDFF206039
:103DD000204602B010BD37B50446086823680C3889
:103DE0000C3B98420AD0694601AAFFF7DDFF054661
:103DF000206869460C38FFF7D7FD2560204603B0E0
:103E000030BD000088422DE9F04105460C4601D145
:103E10000D4E15E018B914B10C4800F0E4F8671B1A
:103E200000213846FFF76EFD00F10C06804629465A
:103E300030462246FFF797FC40463946FFF756FDCD
:103E40003046BDE8F08100BFA4050020DD63030813
:103E5000F7B50D6806461446084611460A4A1F463D
:103E6000FFF739FC55F80C2C121BBA4294BFA1186D
:103E7000E1192844294401AA4FF00003FFF7C2FFCB
:103E80003060304603B0F0BD0764030888422DE976
:103E9000F04105460C4601D10D4E15E018B914B19C
:103EA0000C4800F0A0F8671B00213846FFF72AFDF8
:103EB00000F10C068046294630462246FFF758FCA2
:103EC00040463946FFF712FD3046BDE8F08100BF9D
:103ED000A4050020DD63030870B5054616460C46B0
:103EE00021B1084604F0C1F8211801E04FF0FF317C
:103EF000204632464FF00003FFF7C8FF28602846EF
:103F000070BD10B50446084611441A464FF0000330
:103F1000FFF7BCFF2060204610BD00002DE9FF47E1
:103F2000044692462D4A0C9D0E469846FFF7D3FB59
:103F3000D4F8009059F80C3C9F1B574528BF5746B2
:103F4000204639462A46254BFFF7D0FB20464146FE
:103F5000FFF7DCFB18B959F8043C002B08DD2046BC
:103F6000009531463A464346FFF7B6FD044630E039
:103F700009EB060308EB05029A428CBF00230123DC
:103F8000ABB9BA194A44904511D241462A4602AB10
:103F900003A8FFF7B6FF0095204631463A46039B3B
:103FA000FFF79AFD044603A8FFF70CFD11E0C9EBEB
:103FB000080813B9A844C7EB0808204631463A461A
:103FC0002B46FFF709FD21682A4688194144FFF76F
:103FD000AAFB204604B0BDE8F08700BF8863030851
:103FE00008B5FCF767FA08B5FCF764FA08B5FCF702
:103FF00061FA08B5FCF75EFA08B5FCF75BFA000059
:1040000081F0004102E000BF83F0004330B54FEA89
:1040100041044FEA430594EA050F08BF90EA020FF6
:104020001FBF54EA000C55EA020C7FEA645C7FEA89
:10403000655C00F0E2804FEA5454D4EB5555B8BFAC
:104040006D420CDD2C4480EA020281EA030382EA1D
:10405000000083EA010180EA020281EA0303362DAF
:1040600088BF30BD11F0004F4FEA01314FF4801C82
:104070004CEA113102D0404261EB410113F0004F94
:104080004FEA03334CEA133302D0524263EB43034B
:1040900094EA050F00F0A780A4F10104D5F1200EE9
:1040A0000DDB02FA0EFC22FA05F2801841F1000144
:1040B00003FA0EF2801843FA05F359410EE0A5F118
:1040C00020050EF1200E012A03FA0EFC28BF4CF049
:1040D000020C43FA05F3C01851EBE37101F00045FF
:1040E00007D54FF0000EDCF1000C7EEB00006EEB0C
:1040F0000101B1F5801F1BD3B1F5001F0CD3490896
:104100005FEA30004FEA3C0C04F101044FEA4452EC
:1041100012F5800F80F09A80BCF1004F08BF5FEA73
:10412000500C50F1000041EB045141EA050130BD53
:104130005FEA4C0C404141EB010111F4801FA4F1F6
:104140000104E9D191F0000F04BF01460020B1FA4B
:1041500081F308BF2033A3F10B03B3F120020CDA83
:104160000C3208DD02F1140CC2F10C0201FA0CF061
:1041700021FA02F10CE002F11402D8BFC2F1200CC6
:1041800001FA02F120FA0CFCDCBF41EA0C0190407C
:10419000E41AA2BF01EB0451294330BD6FEA0404C5
:1041A0001F3C1CDA0C340EDC04F11404C4F12002B0
:1041B00020FA04F001FA02F340EA030021FA04F3C2
:1041C00045EA030130BDC4F10C04C4F1200220FA19
:1041D00002F001FA04F340EA0300294630BD21FA57
:1041E00004F0294630BD94F0000F83F4801306BF1D
:1041F00081F480110134013D4EE77FEA645C18BF11
:104200007FEA655C29D094EA050F08BF90EA020FA7
:1042100005D054EA000C04BF1946104630BD91EA9F
:10422000030F1EBF0021002030BD5FEA545C05D1A2
:104230004000494128BF41F0004130BD14F58004E1
:104240003CBF01F5801130BD01F0004545F0FE4155
:1042500041F470014FF0000030BD7FEA645C1ABF8A
:10426000194610467FEA655C1CBF0B46024650EAC1
:10427000013406BF52EA033591EA030F41F40021ED
:1042800030BD00BF90F0000F04BF0021704730B573
:104290004FF4806404F132044FF000054FF0000148
:1042A00050E700BF90F0000F04BF0021704730B509
:1042B0004FF4806404F1320410F0004548BF4042DE
:1042C0004FF000013EE700BF42004FEAE2014FEA33
:1042D00031014FEA02701FBF12F07F4393F07F4F0E
:1042E00081F06051704792F0000F14BF93F07F4F40
:1042F000704730B54FF4607401F0004521F0004183
:1043000020E700BF50EA010208BF704730B54FF008
:1043100000050AE050EA010208BF704730B511F00D
:10432000004502D5404261EB41014FF4806404F145
:1043300032045FEA915C3FF4DCAE4FF003025FEAC7
:10434000DC0C18BF03325FEADC0C18BF033202EB4F
:10435000DC02C2F1200300FA03FC20FA02F001FAA9
:1043600003FE40EA0E0021FA02F11444C1E600BF48
:1043700070B54FF0FF0C4CF4E06C1CEA11541DBFFB
:104380001CEA135594EA0C0F95EA0C0F00F0DEF8C6
:104390002C4481EA030621EA4C5123EA4C5350EAAB
:1043A000013518BF52EA033541F4801143F48013FC
:1043B00038D0A0FB02CE4FF00005E1FB02E506F08D
:1043C0000042E0FB03E54FF00006E1FB03569CF0E2
:1043D000000F18BF4EF0010EA4F1FF04B6F5007FE8
:1043E00064F5407404D25FEA4E0E6D4146EB06065A
:1043F00042EAC62141EA55514FEAC52040EA5E50E3
:104400004FEACE2EB4F1FD0C88BFBCF5E06F1ED88C
:10441000BEF1004F08BF5FEA500E50F1000041EBC3
:10442000045170BD06F0004646EA010140EA020070
:1044300081EA0301B4EB5C04C2BFD4EB0C0541EA92
:10444000045170BD41F480114FF0000E013C00F3A7
:10445000AB8014F1360FDEBF002001F0004170BDCB
:10446000C4F10004203C35DA0C341BDC04F11404E4
:10447000C4F1200500FA05F320FA04F001FA05F270
:1044800040EA020001F0004221F0004110EBD3703D
:1044900021FA04F642EB06015EEA430E08BF20EA69
:1044A000D37070BDC4F10C04C4F1200500FA04F30C
:1044B00020FA05F001FA04F240EA020001F000419E
:1044C00010EBD37041F100015EEA430E08BF20EA11
:1044D000D37070BDC4F1200500FA05F24EEA020E59
:1044E00020FA04F301FA05F243EA020321FA04F088
:1044F00001F0004121FA04F220EA020000EBD3703F
:104500005EEA430E08BF20EAD37070BD94F0000F3E
:104510000FD101F00046400041EB010111F4801F72
:1045200008BF013CF7D041EA060195F0000F18BF23
:10453000704703F00046520043EB030313F4801F5F
:1045400008BF013DF7D043EA0603704794EA0C0F19
:104550000CEA135518BF95EA0C0F0CD050EA41062F
:1045600018BF52EA4306D1D181EA030101F00041AC
:104570004FF0000070BD50EA410606BF10461946D4
:1045800052EA430619D094EA0C0F02D150EA0136E0
:1045900013D195EA0C0F05D152EA03361CBF104621
:1045A00019460AD181EA030101F0004141F0FE41C0
:1045B00041F470014FF0000070BD41F0FE4141F444
:1045C000780170BD70B54FF0FF0C4CF4E06C1CEA44
:1045D00011541DBF1CEA135594EA0C0F95EA0C0FF9
:1045E00000F0A7F8A4EB050481EA030E52EA0335B4
:1045F0004FEA013100F088804FEA03334FF08055D5
:1046000045EA131343EA12634FEA022245EA111501
:1046100045EA10654FEA00260EF000419D4208BFB2
:10462000964244F1FD0404F5407402D25B084FEA5F
:104630003202B61A65EB03055B084FEA32024FF40B
:1046400080104FF4002CB6EB020E75EB030E22BF68
:10465000B61A754640EA0C005B084FEA3202B6EB28
:10466000020E75EB030E22BFB61A754640EA5C00D7
:104670005B084FEA3202B6EB020E75EB030E22BF67
:10468000B61A754640EA9C005B084FEA3202B6EB68
:10469000020E75EB030E22BFB61A754640EADC0027
:1046A00055EA060E18D04FEA051545EA16754FEA89
:1046B00006164FEAC30343EA52734FEAC2025FEAA7
:1046C0001C1CC0D111F4801F0BD141EA00014FF036
:1046D00000004FF0004CB6E711F4801F04BF014307
:1046E0000020B4F1FD0C88BFBCF5E06F3FF6AFAE23
:1046F000B5EB030C04BFB6EB020C5FEA500C50F1B3
:10470000000041EB045170BD0EF0004E4EEA113135
:1047100014EB5C04C2BFD4EB0C0541EA045170BD3C
:1047200041F480114FF0000E013C90E645EA060E80
:104730008DE60CEA135594EA0C0F08BF95EA0C0FAE
:104740003FF43BAF94EA0C0F0AD150EA01347FF4F6
:1047500034AF95EA0C0F7FF425AF104619462CE7CD
:1047600095EA0C0F06D152EA03353FF4FDAE104630
:10477000194622E750EA410618BF52EA43067FF481
:10478000C5AE50EA41047FF40DAF52EA43057FF411
:10479000EBAE12E74FF0FF3C06E000BF4FF0010C1C
:1047A00002E000BF4FF0010C4DF804CD4FEA410C80
:1047B0007FEA6C5C4FEA430C18BF7FEA6C5C1BD04D
:1047C00001B050EA410C0CBF52EA430C91EA030FCE
:1047D00002BF90EA020F0020704710F1000F91EA2B
:1047E000030F58BF994208BF90422CBFD8176FEAF9
:1047F000E37040F0010070474FEA410C7FEA6C5CC7
:1048000002D150EA013C07D14FEA430C7FEA6C5CCD
:10481000D6D152EA033CD3D05DF8040B704700BFF9
:104820008446104662468C461946634600E000BF47
:1048300001B5FFF7B7FF002848BF10F1000F01BD19
:104840004DF808EDFFF7F4FF0CBF012000205DF8E4
:1048500008FB00BF4DF808EDFFF7EAFF34BF012069
:1048600000205DF808FB00BF4DF808EDFFF7E0FF02
:1048700094BF012000205DF808FB00BF4DF808ED53
:10488000FFF7CEFF94BF012000205DF808FB00BFBA
:104890004DF808EDFFF7C4FF34BF012000205DF89C
:1048A00008FB00BF4A0011D212F5001211D20DD53B
:1048B0006FF47873B3EB62520ED44FEAC12343F026
:1048C000004343EA505323FA02F070474FF00000D0
:1048D000704750EA013002D14FF0FF3070474FF07F
:1048E000000070474FEA4102B2F1E04324BFB3F544
:1048F000001CDCF1FE5C0DD901F0004C4FEAC00257
:104900004CEA5070B2F1004F40EB830008BF20F03A
:104910000100704711F0804F21D113F13872BCBFF4
:1049200001F00040704741F480114FEA5252C2F149
:104930001802C2F1200C10FA0CF320FA02F018BF92
:1049400040F001004FEAC1234FEAD32303FA0CFCE5
:1049500040EA0C0023FA02F34FEA4303CCE77FEA74
:10496000625307D150EA01331EBF4FF0FE4040F4BE
:104970004000704701F0004040F0FE4040F400006D
:10498000704700BF38B50022002304460D46FFF7EC
:1049900061FF28B920462946BDE8384000F00AB832
:1049A000204605F1004100F005F8404261EB41016D
:1049B00038BD00BF70B500220D4B04460D46FFF711
:1049C000D7FCFFF76FFF0646FFF75CFC0022094BA0
:1049D000FFF7CEFC02460B4620462946FFF714FBA4
:1049E000FFF760FF002242EA00042046314670BD16
:1049F0000000F03D0000F04138B553EC102BC3F33C
:104A00000A50A0F2FF3113291C4611DC002931DBCA
:104A10001E48084118422AD04FF400240C411C447F
:104A200024EA0004002123460A4643EC102B38BD3B
:104A300033290ADDB1F5806FF9D151EC100B0B462B
:104A4000FFF7E4FA41EC100B38BDA0F213414FF030
:104A5000FF35CD401542EAD0C0F586600230012115
:104A60008140891828BF5C1C21EA0501DBE7002A88
:104A7000D2D1DCE7013103F0004401D00021D2E7BC
:104A800044F07F5444F440140021CCE7FFFF0F00B2
:104A900038B510EE105A25F00044B4F1A14FF0EEF5
:104AA000407A0BDBB4F1FF4F56DCDFED527A9FED1D
:104AB000520A002DC8BFB0EE670A38BD4F4B9C426A
:104AC00059DCB4F1445F4ADB4FF0FF3367EEA76A6D
:104AD0009FED4B1A9FED4B2A9FED4B3ADFED4B1AA2
:104AE000DFED4B2A9FED4B4ADFED4B3A9FED4B5AE2
:104AF000DFED4B4A9FED4B6ADFED4B5A26EEA67A6F
:104B00005A1CA7EE012AE7EE212AA2EE073AE2EEAE
:104B1000873AA3EE074AE3EE874AA4EE075AE4EE8B
:104B2000875AA5EE076A25EE877A66EE266A3AD09E
:104B30003E493F4A9B00194436EE877A91ED005A70
:104B400097EE275A1344002D93ED000A75EE677A0D
:104B500030EE670A24DB38BD30EE000A38BDDFEDE9
:104B6000356A70EE266AB7EE007AF4EEC76AF1EEA7
:104B700010FAA9DD38BD00F0EFF82F4B9C4219DC8C
:104B8000A3F5D0039C422ADCF0EE007ABFEE007A57
:104B9000A0EE277A002370EE277AC7EE277A95E7F2
:104BA000B1EE400A38BD36EE877AB0EE670AA7EE5E
:104BB000670A38BD214B9C420BDCF7EE087AB7EE52
:104BC000007AA0EE277A022370EE677AC7EE877A22
:104BD0007CE7FFEE007AC7EE807A032376E7B7EE34
:104BE000007A70EE477A30EE077A0123C7EE877AB3
:104BF0006CE700BFDB0FC93FDB0FC9BFFFFFDF3E24
:104C0000D769853C59DA4B3D356B883D21A215BDEE
:104C10006BF16EBD6E2EBA3D95879DBD2549123E46
:104C2000388EE3BDABAAAA3ECDCC4CBE3864030897
:104C300048640308CAF24971FFFF973FFFFF1B401A
:104C400010EE103A23F00040C20D7F3A162A10B43D
:104C50001DDC002A1C4627DB1E481041184219D0D3
:104C6000DFED1D7A70EE277AF5EEC07AF1EE10FADC
:104C700010DD002B04DD4FF4000343FA02F214446C
:104C800024EA000000EE100A5DF8044B7047B0F112
:104C9000FF4F04D200EE103A5DF8044B704730EE3F
:104CA000000A5DF8044B7047DFED0B7A70EE277A4F
:104CB000F5EEC07AF1EE10FAECDD002B06DB0028F1
:104CC000B7EE000A08BF00EE103AE5E79FED030AD1
:104CD000E2E700BFFFFF7F00CAF2497100000080D9
:104CE00000B510EE103A1A4A23F00043934283B005
:104CF00019DDB3F1FF4F04DB30EE400A03B05DF87D
:104D000004FB684601F04EF800F0030001289DED19
:104D1000000ADDED010A12D002280BD0A0B101205B
:104D200001F040FDEAE7DFED0B0A01F0D3F903B033
:104D30005DF804FB01F0CEF9B1EE400ADEE701F0C8
:104D400031FDB1EE400AD9E701F0C4F9D6E700BF62
:104D5000D80F493F0000000010EE102A22F0004357
:104D600000EE103A704700BF10EE103A23F00040FA
:104D7000C10D7F39162910B418DC00291C4622DB2E
:104D80001E480841184214D0DFED1D7A70EE277AD4
:104D9000F5EEC07AF1EE10FA0BDD002B21DB24EAF0
:104DA000000000EE100A5DF8044B7047B0F1FF4FB1
:104DB00004D200EE103A5DF8044B704730EE000A62
:104DC0005DF8044B7047DFED0E7A70EE277AF5EE52
:104DD000C07AF1EE10FAECDD002B08DB9FED090A3A
:104DE000E9E74FF4000343FA01F10C44D7E7002848
:104DF000BFEE000A08BF00EE103ADCE7FFFF7F00BD
:104E0000CAF249710000000010EE103A33F0004081
:104E100001D102207047A0F50003B3F1FE4F01D28B
:104E200004207047054B421E9A4201D80320704768
:104E3000B0F1FF4358425841704700BFFEFF7F006A
:104E40009FED010A704700BF0000807F10EE101A2E
:104E500030B4C1F3C7540029A4F17F03ACBF0125CE
:104E60004FF0FF351E2B0FDC002B1BDBC1F31602AE
:104E7000162B42F400020DDDA4F1960002FA00F0B8
:104E800005FB00F030BC7047FDEEC07A30BC17EE79
:104E9000900A70474FF4800018411044C3F1170383
:104EA000D840EDE701330CBF2846002030BC7047E6
:104EB00010EE102AC2F3C7537F3B162B10EE101AC8
:104EC0000FDC002B15DB0E48184110420BD04FF4BD
:104ED000800242FA03F3194421EA000000EE100AAE
:104EE0007047802B02D000EE102A704730EE000A87
:104EF0007047013302F00040F0D140F07E50EDE702
:104F0000FFFF7F0000B510EE103A1B4A23F000436C
:104F1000934283B01ADDB3F1FF4F04DB30EE400A59
:104F200003B05DF804FB684600F03CFF00F00300AE
:104F300001289DED000ADDED010A15D002280DD0F3
:104F4000A8B101F0C7F8B1EE400AE9E7DFED0B0ABE
:104F5000002001F027FC03B05DF804FB012001F004
:104F600021FCB1EE400ADBE701F0B4F8D8E70120FC
:104F700001F018FCD4E700BFD80F493F0000000043
:104F800000F078BA10B52DED028B354C8AB0B0EE3A
:104F9000408A00F021FB94F900300133F0EE408AA2
:104FA00009D0B0EE480AFFF72FFF20B1B5EEC08A56
:104FB000F1EE10FA05DDB0EE680A0AB0BDEC028B26
:104FC00010BD284B019318EE100A00230893FFF739
:104FD0007BF92478CDE90401CDE902015CBB224BC9
:104FE0004FF06042CDE90623B5EE408AF1EE10FAAB
:104FF00013D102239C42009327D0684601F01AFC8B
:1050000018B3089B33BBDDE90601FFF76BFC00EE2C
:10501000100A0AB0BDEC028B10BD0123022C0093D4
:105020000ED0684601F006FC50B1104801F004FCB7
:105030008DED060BE5E70E4B0022CDE90623D3E705
:1050400001F02AFD21230360EFE701F025FD222373
:105050000360D6E701F020FD089B0360D3E700BFA3
:10506000D501002058640308FFFFEFC7283F03085D
:105070000000F0FF70B52DED048BA84E8AB0B0EEA5
:10508000409AB0EE608A00F0A9FB96F90030013337
:10509000F0EE408A04D0B0EE480AFFF7B5FE28B91A
:1050A000B0EE680A0AB0BDEC048B70BDB0EE490AE0
:1050B000FFF7AAFE002835D1B5EE408AF1EE10FACE
:1050C000EED1974B0890012219EE100A8DE80C00E2
:1050D000FFF7FAF8CDE9020118EE100AFFF7F4F82D
:1050E000904B96F900400022CDE90623631CCDE9E0
:1050F00004010DD0022C0BD0684601F09BFB002868
:1051000000F0A480089B1BB101F0C6FC089B036063
:10511000DDE90601FFF7E6FB00EE100A0AB0BDEC80
:10512000048B70BDB5EE409AF1EE10FA23D1B5EEC6
:10513000408AF1EE10FA5CD10123794A009319EE0E
:10514000100A002301920893FFF7BEF8CDE902018F
:1051500018EE100AFFF7B8F896F900400022002375
:10516000CDE90401CDE90623002CC5D06D4B00220A
:10517000CDE90623CCE7B0EE680A01F0F5FB044662
:10518000002868D0F5EE408AF1EE10FA88D1B0EE32
:10519000490A01F0E9FB002882D0B0EE480A01F08C
:1051A000E3FB00283FF47CAF04235D4A009319EE33
:1051B000100A002301920893FFF786F8CDE9020157
:1051C00018EE100AFFF780F896F90040002200233D
:1051D000022CCDE90401CDE9062300F08E8068465B
:1051E00001F028FB002800F08880089B002B8FD05E
:1051F0008AE7B0EE480A01F0B7FB00283FF450AF51
:10520000B5EEC08AF1EE10FA7FF54AAF0123444AA9
:10521000009319EE100A002301920893FFF754F847
:10522000CDE9020118EE100AFFF74EF83478CDE907
:1052300004010022002C34D03B4B022CCDE9062384
:1052400032D101F029FC21230360CEE701F024FCD8
:105250002123036056E7B0EE490A01F085FB0028E0
:1052600090D0B0EE480A01F07FFB00288AD0B0EE63
:10527000680AFFF7C9FDE8B9294B0890012219EE29
:10528000100A8DE80C00FFF71FF8CDE9020118EEB7
:10529000100AFFF719F83478CDE90401002C31D158
:1052A00000220023CDE90623684601F0C3FA002856
:1052B0009BD1C6E71A4B0894032219EE100A8DE819
:1052C0000C00FFF701F8CDE9020118EE100AFEF715
:1052D000FBFF96F90030CDE904014BBB134BB5EE53
:1052E000C09A4FF06042F1EE10FACDE9062343D4A4
:1052F00096F90030022B7FF472AF01F0CDFB222330
:10530000036072E70020002102460B46FFF75AF9BE
:10531000022CCDE9060194D0C6E700BFD5010020DC
:10532000606403080000F03F0000F0FFFFFFEF475C
:105330001F4BB5EEC09A0022F1EE10FACDE906231C
:10534000D6D5F6EE007A68EE277A17EE900AFEF7C9
:10535000BBFF04460D4645EC104B01F075FA2046A4
:10536000294653EC102BFFF76BFA0028C0D1114BE4
:105370000022CDE90623BBE7F6EE007A68EE277A35
:1053800017EE900AFEF7A0FF04460D4645EC104BC1
:1053900001F05AFA2046294653EC102BFFF750FA39
:1053A0000028A5D1044B4FF06042CDE906239FE7CA
:1053B0000000F07F0000F0FFFFFFEFC710B52DEDFC
:1053C000028B2A4C8AB0B0EE408A00F031FE94F98C
:1053D00000300133F0EE408A09D0B0EE480AFFF702
:1053E00013FD20B1B5EEC08AF1EE10FA05D4B0EE8F
:1053F000680A0AB0BDEC028B10BD01231C4A009361
:1054000018EE100A002301920893FEF75DFF24783E
:10541000CDE90401CDE902019CB900220023CDE9C8
:105420000623684601F006FAA8B1089BC3B9DDE976
:105430000601FFF757FA00EE100A0AB0BDEC028B26
:1054400010BD0020002102460B46FFF7BBF8022CDE
:10545000CDE90601E5D101F01FFB21230360E4E75C
:1054600001F01AFB089B0360E1E700BFD5010020B3
:105470006864030810EE902A22F00041B1F1FF4F5A
:1054800038B5F0EE407A18DC10EE104A24F00040F7
:10549000B0F1FF4F11DCB2F17E5F46D0951705F0F9
:1054A000020545EAD47568B9022D3BD09FED3F0A4D
:1054B000032D18BFB0EE670A38BD07EE102A37EE8D
:1054C000270A38BD11B3B1F1FF4F32D0B0F1FF4F11
:1054D0001CD0411AC9153C2921DC002A49DB07EE02
:1054E000102A87EE870AFFF737FCFFF7D1FA012D64
:1054F00038D0022D2DD0002D40D09FED2D7ADFED3C
:105500002D7A30EE070A30EE670A38BDDFED2A7AD1
:105510009FED2A0A002CA8BFB0EE670A38BD9FEDA8
:10552000260AE4E79FED230A38BDBDE83840FFF7BF
:10553000AFBAB0F1FF4F22D0022DF3D0032D2BD004
:10554000DFED1F7A9FED1F0A012D18BFB0EE670A2D
:1055500038BD9FED177ADFED177A30EE070A37EE88
:10556000C00A38BD10EE103A03F1004300EE103AC5
:1055700038BD3C31B3DA9FED120AB8E738BD022DD1
:1055800010D0032D0BD0DFED107A9FED100A012D06
:1055900018BFB0EE670A38BD9FED040A38BD9FED15
:1055A0000C0A38BD9FED0B0A38BD00BFDB0F49C0A8
:1055B0002EBDBB33DB0F4940DB0FC93FDB0FC9BF3B
:1055C0000000000000000080DB0F493FDB0F49BFF7
:1055D000E4CB16C0E4CB164010EE102A22F00041B6
:1055E00030B410EE103A69B3002A3CDBB2F1FF4F41
:1055F00041DAB2F5000F2DDB00256949C3F316022D
:10560000114401F4000181F07E54DB1502F10F001A
:1056100014437F3BC0F3160006EE904A2B44B7EECE
:10562000007A0F2803EBD15176EEC77A27DCF5EE2E
:10563000407AF1EE10FA63D1002940F08D809FEDA1
:10564000590A05E09FED580ADFED567A80EE270AE9
:1056500030BC7047DFED557A60EE276A6FF01805B1
:1056600016EE903AC9E730EE400ADFED4E7A30BCD4
:1056700080EE270A704730EE000A30BC7047F0EE2B
:10568000003A77EEA33A07EE101AC7EEA33A484B5A
:10569000C2F55710134400F522700343002B9FED11
:1056A000452A9FED454A9FED455ADFED452ADFED3E
:1056B000454ADFED455ADFED456A23EEA36AB8EEB1
:1056C000C73A26EE067AA7EE024AE7EE224AA4EE91
:1056D000075AE4EE876AE5EE075A25EE866AA6EEDB
:1056E000876A46DDB6EE000A27EE800A20EE270A1A
:1056F00009BB30EE066AA6EE630A37EEC00AA7E7DA
:10570000DFED336AB6EE007AA7EEE67A27EEA70A57
:1057100020EE070A0029F0D007EE101AF8EEC76A4B
:105720009FED2C7A9FED2C6AA6EEC70A30EE670A31
:1057300096EE860A8CE79FED277ADFED276A30EE3A
:10574000066A23EE077AA6EE237A30EE470A30EE99
:10575000670A93EE260A7BE707EE101A9FED1D0AF3
:10576000F8EEC77A9FED1C7A27EE800AA7EE870A2B
:105770006EE771B19FED170A9FED177A37EEC66A93
:1057800020EE430AA6EE230A30EE670A93EE070ADC
:105790005EE737EEC66AB0EE670AA6EE630A57E721
:1057A00020FB4A0000000000000000CC0000004C7C
:1057B000305CCFFF9788173E25333A3E2549923E0D
:1057C0004FD01C3E298E633EABAA2A3FCDCCCC3EA7
:1057D000ABAAAA3ED1F717378071313F2DE9F047C8
:1057E00010EE905A35F000472DED028B10EE904AE6
:1057F00010EE106A13D026F00048B8F1FF4F10EEFB
:10580000109A06DDBDEC028B5048BDE8F04701F070
:10581000B5B8B7F1FF4F08DDB8F17E5FF2D1B7EE52
:10582000000ABDEC028BBDE8F087002E51DB4FF083
:10583000000AB7F1FF4F43D0B7F17E5F5CD0B4F1FF
:10584000804F68D0B4F17C5F00EE106A1CD0FFF787
:1058500083FAB8F1000F20D029F04043B3F17E5F06
:105860001BD04FEAD973013B5AEA030066D0B7F167
:105870009A4F73DD364A904500F3CC81002CC0F27C
:10588000CF819FED340ACCE7B9F1000FDFDBBDEC2F
:10589000028BBDE8F04700F0CBBB002CBCBFF7EE9D
:1058A000007A87EE800AB9F1000FBADAA8F17E58C3
:1058B0005AEA08083BD130EE400A80EE000AB0E711
:1058C000B8F17E5FABD01FDD002CDADB00EE105AA2
:1058D000A7E7B7F1974F14DAB7F17E5F09DBFB1545
:1058E000C3F1960347FA03F202FA03F3BB4200F056
:1058F00087814FF0000A9FE7002C11DB00EE106A51
:105900008FE74FF0020A94E7002CBADA02EE105A41
:10591000B1EE420A85E706EE106A26EE060A80E737
:1059200005EE906AB7EE000A80EE250A79E7BAF133
:10593000010F7FF476AFB1EE400A72E702EE106A13
:1059400032EE420A80EE000A6BE700BF283F0308F0
:10595000F7FF7F3F000000000000804BB8F5000F0C
:1059600080F256815FED047A60EE277A6FF01701BE
:1059700017EE908AEC4A4FEAE856C8F316087F3EC5
:1059800090450E4448F07E5140F33F81E74A9045F0
:1059900040F3948100200136A1F500010246DFF8B2
:1059A000FC839FEDE36A9FEDE33ADFEDE33A9FED81
:1059B000E34A9FEDE35ADFEDE34ADFF8E4C3E24F49
:1059C000DFEDE20A9FEDE21ADFEDE22A9200904459
:1059D00007EE901A98ED007A77EE876AB7EE002A04
:1059E00082EE262A491041F0005101F58021014440
:1059F00077EEC75A01EE901A65EE826A31EEC77AE9
:105A000016EE900A37EEC70A26EEA67A20F47F60DB
:105A1000A7EE063A20F00F000CEB020107EE900A09
:105A2000E3EE073A3A44B1EE676AA3EE874AE6EE40
:105A3000215AA4EE075AE6EE005AE5EE074A65EE53
:105A4000823A76EEA75A27EE077A65EEA35AB0EEB1
:105A5000085AE7EE245AB0EE457AA7EEA77AD2EDBF
:105A6000004A91ED003A37EE257A02EE106A17EE01
:105A7000100A20F47F6020F00F0207EE102A37EEA4
:105A8000455AB8EEC24AA6EE275A75EEC55A65EEDB
:105A9000A66AE3EE876AB0EE662AA7EE872A12EEC0
:105AA000100A20F47F6020F00F0202EE102AA6EE0A
:105AB000072A07EE902A76EEC26A66EEA06AE7EE43
:105AC000816A76EE836AB0EE667AA7EEA27A37EE46
:105AD000247A37EE047A17EE102A22F47F6222F03D
:105AE0000F0205EE902A35EEC47A37EE647AA7EEFF
:105AF000E27A76EEC77A24F47F6424F00F0406EE8F
:105B0000105A07EE104A02EE102A76EE476A66EE49
:105B1000277A22EE077AE6EE827A0AF1FF3A5AEA0B
:105B2000030AB7EE008A77EE876ABFEE006A16EEC8
:105B3000903A08BFB0EE468A002B23F0004240F3B3
:105B4000AA80B2F1864F7BDC6FD0B2F17C5F7EDC45
:105B50000022104623F47F6323F00F0306EE903AF1
:105B60009FED7D6A9FED7D2ADFED7D3ADFED7D2A99
:105B70009FED7D4ADFED7D4A9FED7D5ADFED7D5A39
:105B800036EEC77A26EE866A77EEC77AB0EE003A2E
:105B9000A7EE826AB7EE000AF0EE467AE6EEA37A46
:105BA00027EEA77AB0EE672AA7EE224AA6EEE32AEE
:105BB000E4EE074A76EE426AA4EE875AB0EE676AD0
:105BC000E5EE075AE7EEA66AA5EEC76AB0EE467A9A
:105BD00037EE437A27EE866A86EE077A77EE666AB4
:105BE00076EEE77A30EE670A10EE103A1344B3F51A
:105BF000000FC0F2968000EE103A28EE000A10E680
:105C000002F00102C2F1020A16E600200246C6E6D0
:105C10000021AFE6584A904554DD002C7FF731AEA5
:105C20009FED560A20EE000AFBE59FED556A76EEE1
:105C3000C76A37EE866AB4EEE66AF1EE10FA06DD60
:105C4000DFED4E7A28EE270A20EE270AE9E5D21585
:105C50004FF400017E3A41FA02F21A44C2F3C751EE
:105C6000484DA1F17F0445FA04F4C2F3160022EA7C
:105C7000040205EE902A37EE657AC1F1960140F4F0
:105C800000000841002B37EE876AB8BF4042C205CA
:105C900016EE103A5EE73C498A4208DC7FF455AFC5
:105CA00076EEC76AF4EEE67AF1EE10FACFD8DFEDC1
:105CB000377A28EE270A20EE270AB2E54FF40010C3
:105CC00001226CE6F7EE007A30EE670ADFED1B6A20
:105CD000DFED2F7A9FED2F5A9FED2F6AF1EE405A9C
:105CE000B5EE007AE5EE876AB6EE007AA6EEC07AE7
:105CF00060EE006A26EE877A67EEC77AE0EE057AF4
:105D0000F0EE676AE0EE066A16EE902A22F47F62F1
:105D100022F00F0207EE102AA5EE867A77EEC77AF8
:105D2000E9E600F031FE68E771C41C00D6B35D00FF
:105D300042F1533E55326C3E05A38B3EABAAAA3EC0
:105D4000B76DDB3E9A99193F706403084F38763F70
:105D5000A0C39D360038763F8CBEBF351872313FE8
:105D60000072313F4CBB31330EEADDB555B38A3892
:105D7000610B36BBABAA2A3E0700803FCAF24971CD
:105D80003CAA3833FFFF7F00000016436042A20D9B
:105D90003BAAB83F70A5EC3600AAB83F8064030860
:105DA0007864030870B510EE103A934A23F000446B
:105DB000944286B010EE106A054666DD8F4A944222
:105DC0001ADC002BDFED8E7A8E4A24F00F0440F3AC
:105DD000DB80944270EE677A66D09FED8B7A77EE27
:105DE000C76A012077EEE67AC5ED006A37EEC77A1A
:105DF00085ED017A06B070BD844A944266DDB4F147
:105E0000FF4F49DAE215863AA4EBC25407EE104A76
:105E1000FDEEC77ADFED7E6AF8EEE77A37EE677A55
:105E2000CDED037A27EE267AFDEEC77AF8EEE77A13
:105E300037EE677ACDED047A27EE267AB5EE407A12
:105E4000F1EE10FA8DED057A40F0B180F5EE407A72
:105E5000F1EE10FA0CBF012302236E4902208DE8F7
:105E6000030003A8294600F0B7F9002E12DA95EDD9
:105E7000007AD5ED017AB1EE477AF1EE677A4042C9
:105E800085ED007AC5ED017A04E0002285ED000A77
:105E90004260002006B070BD70EE407A0020C5ED73
:105EA000017AC5ED007AF5E7DFED5B6A9FED5B7A7D
:105EB00077EEE67A012077EEC76A77EEE67AC5EDEF
:105EC000006A37EEC77A85ED017AE3E7FEF744FF13
:105ED000DFED536ADFED4A5ADFED4B7AB6EE007A1A
:105EE000A0EE267ABDEEC77AF8EEC76A17EE100A62
:105EF000B1EE666A1F28A6EE250A66EEA77A1DDCBB
:105F0000484B411E24F0FF0253F821309A4215D02D
:105F100030EE677A85ED007A30EE470A002E70EE9B
:105F2000677AC5ED017AB5DAB1EE477AF1EE677AB4
:105F300085ED007AC5ED017A4042ABE730EE677A35
:105F4000E41517EE102AC2F3C753E31A082BE1DD5C
:105F50009FED317A9FED315AF0EE405AE6EE075A46
:105F600070EE657AE6EE077AD6EE857A35EEE77A58
:105F700017EE102AC2F3C753E41A192C2CDC85ED56
:105F8000007AB0EE650AC7E7944270EE277A10D027
:105F90009FED1D7A77EE876A4FF0FF3077EEE67A55
:105FA000C5ED006A37EE877A85ED017A72E7032343
:105FB00053E7DFED196A9FED197A77EEA67A4FF075
:105FC000FF3077EE876A77EEE67AC5ED006A37EE46
:105FD000877A85ED017A5DE79FED137A9FED135A7D
:105FE000B0EE650AA6EE070A75EEC07AE6EE077A0D
:105FF000D6EE857A8CE700BFD80F493FE3CB164039
:10600000800FC93FD00FC93F43443537800F494304
:1060100000008043086503080044353708A3852E37
:1060200084F9223F8864030800A3852E32318D2431
:1060300010EE103A23F00042B2F1FF4F70B430D2AC
:106040006AB3002B3DDBB2F5000F4FEAE3512CD3CE
:10605000A1F17F02C3F31603D10743F4000348BF45
:106060005B00002556105B002C4619214FF0807212
:10607000A018984202DC1B1A8418154401394FEA13
:1060800043034FEA5202F3D113B105F001031D445B
:106090006D1005F17C5505EBC65500EE105A70BC2D
:1060A0007047A0EE000A70BC704713F400020DD1D7
:1060B0005B00180202F10102FAD5C2F1010211449B
:1060C000C6E730EE400A80EE000AE8E701221144FC
:1060D000BEE700BF10EE103A23F00043B3F1485F73
:1060E0002CDAFDEEC07A17EE903A002B60D060EE0D
:1060F000007ADFED314A9FED315ADFED315A9FEDE5
:10610000316ADFED316A9FED317AA7EEA45AE5EEF0
:10611000275AA5EEA76AE6EE276AA6EEA77A27EE2B
:10612000277A20EEC00AF6EE006AA7EE870AB7EEDD
:10613000007A97EEA60A37EE400A704760EE007AC2
:10614000DFED1D4A9FED1D5ADFED1D5A9FED1D6AC3
:10615000DFED1D6A9FED1D7A1D4AA7EEA45A9342FA
:10616000E5EE275AA5EEA76AE6EE276AA6EEA77A1D
:1061700027EE277AD5DD174A934214DC03F17F43DB
:1061800006EE903AF7EE005A75EEE65A60EEC00A57
:10619000B6EE006AE7EE870AD7EE866A76EEE00A88
:1061A00035EEE00A7047F6EE075AF5EE026AEDE7C3
:1061B000B7EE000A704700BF4ED747ADF6740F31F7
:1061C0007CF293B4010DD037610BB6BAABAA2A3D6D
:1061D0009999993E0000483F2DE9F04F2DED048B31
:1061E000D7B0A54C649D039103F1FF3954F8258085
:1061F0001D46D31E48BF131DDB1023EAE37304932F
:10620000049EDB4302EBC303824619EB08000293B2
:10621000C9EB060318D4659E184401301AA906EB91
:1062200083040022002BAABFA658DFED947A07EE64
:10623000106A03F10103A8BFF8EEC77A8342E1ECCC
:10624000017A02F10402EDD1B8F1000F4FEA880B98
:106250001DDB1AA843AE00EB85045E4442A8B9F1E9
:10626000000FC0F2AE81DFED857A51462246002351
:10627000F1EC016A32ED017A0133AB42E6EE877A46
:10628000F6D1E0EC017AB04204F10404E7D10DF15B
:10629000180C4446CDF81480DFED7A8A9FED788A99
:1062A000DDF80880E344A60056AB3344002C13ED20
:1062B000140A1BDDACF1040142AA3244314405AB9F
:1062C00060EE287AB0EE407AFDEEE77A72ED016A70
:1062D000F8EEE77AA7EEC87A37EEA60ABDEEC77ADF
:1062E00017EE100A43F8040F8B42E9D14046CDF86F
:1062F00000C000F049FBB0EE409AB4EE000A29EE6F
:10630000000AFEF731FDF2EE007AA0EE679AB8F1CE
:10631000000FDDF800C0FDEEC99AF8EEE97A39EE1B
:10632000679A40F3A180611EC8F108005CF8213033
:1063300043FA00F202FA00F01B1A4CF8213019EE71
:10634000901AC8F10700114443FA00F009EE901AC0
:106350000190019B002B2DDD19EE902A002C02F1FB
:10636000010209EE902A40F3408163460CEB0607D8
:10637000002153F8042BC2F1FF0011B9C2F580705F
:1063800012B143F8040C0121BB42F2D1B8F1000F65
:106390000DDDB8F1010F00F00281B8F1020F06D156
:1063A000621E5CF8223003F03F034CF82230019B60
:1063B000022B69D0B5EE409AF1EE10FA78D105992A
:1063C000671EB9420ADC6644002356F8042D5E4578
:1063D00043EA0203F9D1002B40F0B181059A531E24
:1063E0005CF82320002A40F0A7810CEB83034FF0D8
:1063F000010E53F8042D0EF1010E002AF9D0A64427
:10640000661C76452EDC0498049F2044659C09EBAD
:1064100006031AA904EB800001EB8304659B774413
:1064200042AA02EB860603EB870750F8041F07EE2B
:10643000901AF8EEE77AB9F1000FE4EC017ADFED9B
:106440000F7A0BDB514622460023F1EC016A32ED54
:10645000017A0133AB42E6EE877AF6D1B842E6EC38
:10646000017AE2D174461EE740F0A180631E5CF819
:1064700023301B1201936CE7206803080000000022
:10648000000080430000803BB7EE000A30EE499ADE
:1064900000298FD04046CDF800C000F075FA39EEE3
:1064A000409ADDF800C0B5EE409AF1EE10FA86D0C1
:1064B000029BCDF800C0B0EE490A5842DDF81480C6
:1064C00000F062FA5FED127ADDF800C0B4EEE70A80
:1064D000F1EE10FAC0F254811FED167A029A20EE06
:1064E000077A671CBDEEC77A0832B8EEC77A029207
:1064F000A7EE670ABDEEC77ABDEEC00A10EE103AED
:106500004CF8243017EE104A4CF827400298CDF88A
:1065100000C0B7EE000A00F037FA002FDDF800C027
:1065200036DB7D1CAA0042AE1FED2A7A0CEB02037B
:10653000324473ED017AF8EEE77A634567EE807ACC
:1065400020EE070A62ED017AF3D142A800EB87043E
:106550000020B8F1000FC0F2E9809049DFED907A99
:106560002246002301E0834208DCF1EC016AB2EC30
:10657000017A01339845E6EE877AF4DA56A901EB01
:10658000800301308542A4F1040443ED287AE0D170
:10659000649C032C7FD8DFE804F0B387872A621E4F
:1065A0005CF8223003F07F034CF82230FFE6F6EE71
:1065B000007AB4EEE79AF1EE10FA0CDA00220192BA
:1065C000F8E6DFED777AE0EC017AB04204F10404FA
:1065D0007FF445AE5BE619EE902A02210132002CD1
:1065E000019109EE902A3FF7C0AE0021CEE6002FC0
:1065F00040F3B980B90056AB7A1C2EAE0B4406EBC3
:10660000820253ED287A2FA8134653ED026A36EE24
:10661000A77A76EEC76A76EEA76AF0EE477A63ED60
:10662000016A834203ED017AEFD1012F40F39B8091
:1066300056A8014451ED287A134630A953ED026A59
:1066400036EEA77A76EEC76A76EEA76AF0EE477A5C
:1066500063ED016A8B4203ED017AEFD1DFED507AF1
:10666000134633ED017A994277EE877AF9D1019C8E
:10667000002C7DD0DDED2E6A9DED2F7A039EF1EE8C
:10668000677AF1EE666AB1EE477AC6ED027AC6ED38
:10669000006A86ED017A19EE901A01F0070057B0F2
:1066A000BDEC048BBDE8F08F002F74DB2EAA7B1CA1
:1066B000DFED3B7A02EB830333ED017A934277EE11
:1066C000877AF9D1019AA2B3B1EE677ADDED2E6A2D
:1066D000039B002F83ED007A76EEE77A08DD2FAB7F
:1066E00003EB8707B3EC017ABB4277EE877AF9D1E7
:1066F000019C0CB1F1EE677A039DC5ED017ACAE702
:10670000002F45DB7B1C2EAADFED257A02EB8303ED
:1067100033ED017A934277EE877AF9D1019E0EB17B
:10672000F1EE677A0399C1ED007AB4E7DFED1C7AE8
:1067300024E7B0EE677AC9E74FF0010E5FE6029AF0
:106740005CF82730DDF81480083A0292002B7FF4C1
:10675000DDAE0CEB870353F8041D013F083A002916
:10676000F9D00292D2E6019CDFED0D7A002C81D1A6
:10677000039D2E9A2F9BC5ED027A2A606B608AE7F3
:10678000BDEEC00A274610EE105A4CF82450BDE664
:10679000DFED037AC2E7DFED027A93E72C680308A6
:1067A0000000000010EE103A23F00043B3F1485F00
:1067B00004DAFDEEC07A17EE903A23B360EE007A69
:1067C0009FED155A9FED156ADFED156A9FED157A5D
:1067D000DFED155AA7EE856A27EE805AE6EE276AA6
:1067E000A6EEA77AE7EE275A70B165EEC55AB6EE67
:1067F000007AE0EE875A9FED0D7AD5EEA70AE5EE16
:10680000070A30EE600A70479FED097AA7EEA57A75
:10681000A7EE050A704700BFD3C92E2F342FD7B279
:106820001BEF3836010D50B98988083CABAA2A3EC7
:10683000ABAA2ABE002070479FED010B704700BF36
:10684000000000000000F87FF0B553EC102BC3F3FC
:106850000A50A0F2FF31132983B09C4610EE107A43
:106860004FEAD37631DC00294FDB3D48084100EA8E
:106870000304144327D0400800EA030717430CD051
:106880004FF4802C132923EA00004CFA01F140EA6E
:10689000010C14BF00274FF00047324B03EBC60634
:1068A0003C46D6E900676346224630463946FDF746
:1068B000ADFBCDE9000132463B46DDE90001FDF7C5
:1068C000A3FB41EC100B03B0F0BD33290ADDB1F599
:1068D000806FF8D151EC100B0B46FDF797FB41ECA4
:1068E000100BF0E7A0F213404FF0FF31C14011420E
:1068F000E9D049081142D0D04FF0804722EA010187
:1069000047FA00F041EA0007C7E723F000411143CE
:10691000D9D0C3F313010A43544214431148590C0C
:10692000240B490404F4002400EBC60053EC102BA4
:1069300044EA0103D0E9004520462946FDF766FBFD
:10694000CDE900012B462246DDE90001FDF75CFBA5
:1069500021F0004343EAC67141EC100BB3E700BFDE
:10696000FFFF0F005868030810EE103A23F00040B4
:10697000B0F1FF4FACBF0020012070479FED010A2E
:10698000704700BF0000C07F08B510EE103A33F02A
:1069900000412DED028B10EE102A11D0B1F1FF4F06
:1069A00011D2B1F5000F13D3C90D0144FE2930DC1B
:1069B00000291CDD22F0FF4242EAC15200EE102AFB
:1069C000BDEC028B08BDBDEC028B30EE000A08BDA9
:1069D000DFED1E7A1E4A20EE277A904217EE103A1B
:1069E00022DBC3F3C75117EE102A1939DDE711F185
:1069F000160F1EDA4CF2503290420ADC9FED158AD7
:106A000000EE903AB0EE480A00F02AF820EE080AAC
:106A1000D6E79FED118A00EE903AB0EE480A00F0FA
:106A20001FF820EE080ACBE79FED0A0A27EE000ABE
:106A3000C6E7193122F0FF4242EAC152DFED077A80
:106A400007EE102A27EE270ABAE700BF0000004C25
:106A5000B03CFFFF6042A20DCAF249710000003352
:106A600010EE101A21F0004210EE901A01F00043CF
:106A7000134300EE103A704770B5064C06460D46BB
:106A800013462CB131462A460220AFF3008070BD78
:106A9000204670BD00000000014B1868704700BF21
:106AA0003802002070B505460C4609B9002070BDBB
:106AB00018B183690BB900F03DFA204B9C4201D11B
:106AC0006C6808E01E4B9C4201D1AC6803E01D4B92
:106AD0009C4208BFEC68B4F90C30002BE6D0284685
:106AE000214600F0E1F8236B064633B12846216ABF
:106AF00098470028B8BF4FF0FF36A3891B0603D57F
:106B00002846216900F0F8FE616B41B104F14403AD
:106B1000994202D0284600F0EFFE00236363A16C87
:106B200021B1284600F0E8FE0023A36400F06CFACF
:106B30000023A38100F069FA304670BD686803083D
:106B400088680308A8680308024B01461868FFF725
:106B5000A9BF00BF3802002038B50D4B1D680446A0
:106B600025B1AB6913B9284600F0E4F9094B9C4202
:106B700008BF6C6808D0084B9C4208BFAC6803D0C3
:106B8000064B9C4208BFEC68A089C0F3401038BD9A
:106B9000380200206868030888680308A8680308AA
:106BA0008A892DE9F041054610070C4657D44B68F9
:106BB000002B02DC0B6C002B18DDE66AB6B102F488
:106BC0008052002392B22F682B600AB1626D10E0F0
:106BD000216A28460123B047411C024609D12B688F
:106BE0003BB11D2B01D0162B46D12F600020BDE8F4
:106BF000F081A3895B0705D56368D21A636B0BB17B
:106C0000236CD21AE66A216A28460023B047461C44
:106C1000A28905D12B681BB11D2B01D0162B19D1D0
:106C200000236360D1042369236004D5421C01D191
:106C30002B6803B96065616B2F600029D6D004F121
:106C40004403994202D0284600F056FE00206063BB
:106C5000BDE8F08142F04002A281BDE8F0810E69FA
:106C6000002EC3D00B680E60C6EB030893070CBF61
:106C70004B6900238B6012E0A38943F04003A3819A
:106C80004FF0FF30BDE8F081A76A216A28463246FE
:106C90004346B8470028EFDD0644C0EB0808B8F1CA
:106CA000000FF1DCA2E7000038B50B6905460C4681
:106CB000DBB118B183690BB900F03CF90C4B9C4275
:106CC00001D16C6808E00B4B9C4201D1AC6803E039
:106CD000094B9C4208BFEC68B4F90C302BB1284634
:106CE0002146BDE83840FFF75BBF002038BD00BF3C
:106CF0006868030888680308A8680308014620B983
:106D0000044B0549186800F08DBC044B1868FFF768
:106D1000CBBF00BFCC680308A96C02083802002072
:106D200038B50C46054618B183690BB900F002F975
:106D30000E4B9C4201D16C6808E00D4B9C4201D186
:106D4000AC6803E00B4B9C4208BFEC686368013BF6
:106D5000002B636005DA28462146BDE8384000F084
:106D6000C1BF23685A1C2260187838BD68680308C0
:106D700088680308A8680308024B01461868FFF7F3
:106D8000CFBF00BF3802002010B5144600F0DAFB78
:106D9000B0F1FF3320605842584110BD0A46034904
:106DA000034608681946FFF7EFBF00BF380200200E
:106DB000012A2DE9F0470746884691461C4602DC29
:106DC0000020BDE8F08718B183690BB900F0B2F874
:106DD000244B9C4201D17C6808E0234B9C4201D1AA
:106DE000BC6803E0214B9C4208BFFC6809F1FF39F5
:106DF0004546666846B93846214600F0EDFE10B1BA
:106E0000454529D1DCE76668D4F800A04E4528BF87
:106E10004E4650460A21324600F024FD636868B1B0
:106E20000130CAEB00069B1B84E809005146284646
:106E3000324600F035FD0023AB550FE09B1B63602D
:106E400023683344284623605146324600F028FD2B
:106E5000B9EB06093544CCD100232B704046BDE880
:106E6000F08700BF6868030888680308A8680308FB
:106E700030B51346044A05460C461068294622469A
:106E8000BDE83040FFF794BF38020020F8B5074650
:106E900000F1480494B1A5686668013E0CD4AB8942
:106EA000012B07D9B5F90E30013303D038462946F6
:106EB000FFF7FAFE6835F0E72468EBE7F8BD00005D
:106EC000002310B5044603604360836081814366FC
:106ED000C28103614361836119465C30082200F07E
:106EE00003FD054B6362054BA362054BE362054B53
:106EF0002462236310BD00BF7D7F0208A37F0208C8
:106F0000DB7F0208FF7F020870B54B1E68255D43DA
:106F10000E4605F1740100F033FD044640B1002136
:106F200080E842000C30A06005F1680200F0DCFC53
:106F3000204670BD836910B5044633BB8364C364C7
:106F40000365124B124A1B688262984204BF0123F8
:106F5000836100F01FF86060204600F01BF8A0601D
:106F6000204600F017F80421E06000226068FFF777
:106F7000A7FFA06809210122FFF7A2FFE068122104
:106F80000222FFF79DFF0123A36110BDCC68030817
:106F90008D6E0208F8B51B4B1E68B369074613B91E
:106FA0003046FFF7C7FF4836B4687368013B04D426
:106FB000B4F90C5075B16834F8E733682BB938462A
:106FC0000421FFF7A1FF306008B13668ECE70C231D
:106FD0003B60F8BD4FF6FF73E3810123A381656633
:106FE0002560A560656025616561A56104F15C00AF
:106FF0002946082200F078FC6563A563A564E56472
:107000002046F8BDCC68030870477047F7B50F46B7
:10701000114601AA054604F053FB064608B90020B4
:1070200029E02846FFF7B6FF04460028F7D0284697
:107030003946019A4FF4DB7300F0F6FC002806DABB
:107040000025FFF7E1FFA581FFF7DFFFE7E70B4B27
:1070500063620B4BA3620B4BE3620B4B2363F305A1
:10706000E081A681246205D528462146002202231C
:1070700000F0B6F9204603B0F0BD00BF7D7F0208E6
:10708000A37F0208DB7F0208FF7F02080A4603494C
:10709000034608681946FFF7B9BF00BF3802002051
:1070A00070B50E461446054618B183690BB9FFF753
:1070B00041FF0A4B9C4208BF6C6808D0084B9C42B9
:1070C00008BFAC6803D0074B9C4208BFEC68284659
:1070D00031462246BDE8704000F0D0BC6868030825
:1070E00088680308A86803080A4603490346086835
:1070F0001946FFF7D5BF00BF3802002070B50E4615
:107100001446054618B183690BB9FFF713FF224BEC
:107110009C4201D16C6808E0204B9C4201D1AC68D4
:1071200003E01F4B9C4208BFEC68A3891A0701D5F6
:1071300023699BB92846214603F0FEFB70B14FF04E
:10714000FF3070BDA368013B002BA3600BDB2368FD
:1071500016F8012C1A7023680133236016F8010B0E
:107160000028EFD117E0A269934209DB236816F8E3
:10717000012C1A70236819780A29EDD1284602E0FB
:1071800016F8011C2846224603F070FBB0F1FF33CD
:1071900058425841D2E770BD686803088868030800
:1071A000A86803080A460349034608681946FFF71A
:1071B000A5BF00BF380200202DE9F84F92465A4380
:1071C0000646884699460A9C93463DD018B1836985
:1071D0000BB9FFF7AFFE1E4B9C4201D1746808E06B
:1071E0001C4B9C4201D1B46803E01B4B9C4208BF7E
:1071F000F4686368002B01DA002363605D4667680A
:107200002168BD42404613D93A4600F049FB236845
:107210003B44236030462146B844ED1B00F0DCFCC3
:107220000028ECD0C5EB0B0BBBFBFAF0BDE8F88FE8
:107230002A4600F035FB63685B1B636023681D44CE
:1072400025604846BDE8F88F1046BDE8F88F00BFBE
:107250006868030888680308A868030873B5009382
:10726000054B06460D461446186831462A46234605
:10727000FFF7A2FF02B070BD380200202DE9F743EE
:107280000E4617461C46054618B183690BB9FFF731
:1072900051FE454B9C4201D16C6808E0434B9C4237
:1072A00001D1AC6803E0424B9C4208BFEC68284621
:1072B000394601AA04F004FA804628B92846214636
:1072C000FFF7F0FB40466CE0A38913B92023A381AC
:1072D0000CE01A0703D528462146FFF7E5FC236B8F
:1072E00023B17EB12846216A984700E056B128466E
:1072F0003146019A4FF4DB7300F096FBD5F800900D
:10730000074608E0236B13B12846216A98474FF0DF
:1073100009094FF0FF37A3891B0603D528462169C9
:1073200000F0EAFA616B0023A360636023602361CD
:107330006361A3611E4639B104F14403994202D04E
:10734000284600F0D9FA6663A16C0026A66319B13D
:10735000284600F0D1FAA664A389002623F400533E
:10736000E664A381666604F15C003146082200F001
:10737000BBFAB74208DAFFF747FEA681C5F80090CE
:10738000FFF743FE30460CE00A4B63620A4BA362F0
:107390000A4BE3620A4BA4F80C80E7812462236362
:1073A000204603B0BDE8F0836868030888680308D6
:1073B000A86803087D7F0208A37F0208DB7F02081C
:1073C000FF7F020830B51346044A05460C46106894
:1073D00029462246BDE83040FFF750BF3802002062
:1073E00000F00EB830B51346044A05460C46106846
:1073F00029462246BDE8304000F002B8380200209D
:107400002DE9F8430C4691461E46054618B183699E
:107410000BB9FFF78FFD3E4B9C4201D16C6808E031
:107420003C4B9C4201D1AC6803E03B4B9C4208BF03
:10743000EC68A38903F48473B3F5847F03D12846F1
:107440002146FFF731FCD4F82C801D23B8F1000F42
:107450002BD0012E04D0022E2BD056B3162324E0BD
:1074600028462146FFF720FCA28902F4805292B2FE
:107470000AB1606D05E0216A28463346C047411CC9
:1074800014D0A3895A0706D56368C01A636B4BB141
:10749000236CC01A06E01B0704D5236813B12269C8
:1074A0009B1A18448144002603E02B604FF0FF37FD
:1074B0002BE023691BB92846214600F075F92846C0
:1074C0002146FFF7F1FB07460028EFD12846216A45
:1074D0004A463346C0470130E8D0616B41B104F100
:1074E0004403994202D0284600F006FA0023636361
:1074F00023692360A389002123F402636160A381CF
:1075000004F15C00082200F0EFF93846BDE8F8838A
:107510006868030888680308A868030808B5126843
:107520000023FFF75DFF003018BF012008BD0000F9
:107530000A460349034608681946FFF7EFBF00BF34
:107540003802002000F008B8024B0146186800F02D
:1075500003B800BF3802002070B50C46054618B1CC
:1075600083690BB9FFF7E6FC1D4B9C4201D16C68A7
:1075700008E01C4B9C4201D1AC6803E01A4B9C42D2
:1075800008BFEC68E36A23B91D232B604FF0FF307E
:1075900070BDA389180703D528462146FFF784FB51
:1075A000A28902F4805292B20AB1606D06E0216AAB
:1075B000E66A28460123B047411C10D0A3895A0728
:1075C00006D56368C01A636B4BB1236CC01A70BDDB
:1075D0001B0704D5236813B122699B1A184470BD98
:1075E0006868030888680308A86803082DE9F04163
:1075F000884600F1480400268CB1A5686768013F01
:107600000BD4AB89012B06D9B5F90E30013302D06A
:107610002846C04706436835F1E72468ECE7304662
:10762000BDE8F0812DE9F8438046894600F1480421
:10763000002694B1A5686768013F0CD4AB89012B83
:1076400007D9B5F90E30013303D040462946C84763
:1076500006436835F0E72468EBE73046BDE8F88379
:107660002DE9F047089C8A46904602FB03F905463F
:1076700018B183690BB9FFF75DFC224B9C4201D125
:107680006C6808E0204B9C4201D1AC6803E01F4BC2
:107690009C4208BFEC68A3891A0703D523690BB184
:1076A00000261BE02846214603F046F90028F7D0C3
:1076B000002623E0A768013FA760002F1AF80610F4
:1076C00016DAA3699F420CDA2846224603F0CEF868
:1076D000B0F1FF335842584180B901364E45E9D1E7
:1076E0000CE023681970236819780A2903D1EBE7A5
:1076F00023681970236801332360EEE7B6FBF8F0C6
:10770000BDE8F0876868030888680308A86803086C
:1077100073B50093054B06460D461446186831466E
:107720002A462346FFF79CFF02B070BD38020020B6
:1077300070B50E4B0E4DED1AAD1000241E46AC4236
:1077400004D056F8242090470134F8E705F010F8EB
:10775000084D094BED1AAD1000241E46AC4204D072
:1077600056F8242090470134F8E770BD78020020D5
:10777000780200208802002078020020034B1B685A
:107780001844407800F00300704700BF3C0200201E
:10779000044B1B681844407800F00300831E5842D5
:1077A000584170473C020020F0B58B899E0791B08C
:1077B00005460C4626D4B1F90E10002909DAA38932
:1077C00013F0800F4FF0000714BF40264FF480667F
:1077D0000DE001AA03F0ACFF0028F0DB029F07F4E4
:1077E0007047B7F500514F424F414FF4806628462D
:1077F000314600F0C5F860B9A3899A051DD443F05D
:107800000203A38104F14703236023610123636121
:1078100013E00B4BAB62A389206043F08003A3818C
:10782000206166614FB12846B4F90E1004F0AEFA3B
:1078300018B1A38943F00103A38111B0F0BD00BFCB
:107840008D6E0208024B0146186800F099B800BF1F
:1078500038020020024B0146186800F04DB800BF06
:107860003802002010B5C9B202449042034606D047
:107870001C788C4200F10100F7D1184610BD0020A1
:1078800010BD30B50023934208D0C55C0133CC183D
:1078900014F8014CA542F6D0281B30BD002030BDA5
:1078A00010B50023934203D0CC5CC4540133F9E7F4
:1078B00010BD814270B501D300230EE08C18A042A8
:1078C000FAD28518134613F1FF3305D351426618D7
:1078D0002944F65CCE54F6E770BD934203D0CC5CED
:1078E000C4540133F9E770BD02440346934202D009
:1078F00003F8011BFAE7704730B500293CD051F876
:10790000042C0B1F1D49002AB8BF9B180A680C469F
:1079100012B95A600B6030BD93420DD219685818E5
:10792000904203D15A581144426819605A6023604A
:1079300030BD994203D80A4651680029F9D114682C
:1079400015199D420AD11B682344D0188842136040
:1079500012D10868034413604B680CE002D90C2371
:10796000036030BD18681C188C4203D10C6849684C
:10797000204418605960536030BD00BFAC05002042
:1079800070B5CD1C25F0030508350C2D38BF0C252E
:10799000002D06463FDB8D423DD3214B1C68184627
:1079A0002146A1B10B685B1B0ED40B2B03D90B60D6
:1079B000CC18CD501FE08C4202D1626802601AE000
:1079C0004B6863600C4616E00C464968E9E7154CC5
:1079D00023681BB9304600F0B1F9206029463046D3
:1079E00000F0ACF9431C014615D0C41C24F003047C
:1079F00084420AD1256004F10B00231D20F007000A
:107A0000C31A0BD05A42E25070BD3046611A00F0E2
:107A100095F90130EED10C233360002070BD00BF1A
:107A2000AC050020A805002038B5074C054600200D
:107A30002060084611461A46FAF706FE431C02D19A
:107A4000236803B12B6038BD240700200FB40A4B14
:107A500013B51C6824B1A36913B92046FFF76AFA6D
:107A600005AB2046A168049A019301F043FE02B0E1
:107A7000BDE8104004B070473802002070B50E46D3
:107A80001446054618B183690BB9FFF753FA164B34
:107A90009C4201D16C6808E0144B9C4201D1AC6857
:107AA00003E0134B9C4208BFEC68A368013B002B2A
:107AB000A36011DAA269934207DB23681E70236872
:107AC00019780A290BD1284601E02846314622467A
:107AD000BDE8704002F0CABE23681E7023685A1CBD
:107AE0002260187870BD00BF6868030888680308C2
:107AF000A868030870B50E46054618B183690BB92E
:107B0000FFF718FAAC68A389190701D5236983B96F
:107B10002846214602F010FF58B14FF0FF3070BDEB
:107B2000002B0EDB236816F8012C1A702368013332
:107B30002360A36816F8012B013BA360002AEFD154
:107B400017E0A269934209DB236816F8012C1A702A
:107B5000236819780A29EAD1284602E016F8011CA0
:107B60002846224602F082FEB0F1FF3250425041D8
:107B7000D2E7002B16DAA269934208DB23680A22B7
:107B80001A7023681978914210D1284601E02846DE
:107B90000A21224602F06AFEB0F1FF3358425841F2
:107BA00030B1BAE723680A221A70236801332360D0
:107BB0000A2070BD024B01461868FFF79BBF00BF4B
:107BC00038020020838903F00903092B01D1FFF754
:107BD00095B8002070470000F8B50C46054618B16E
:107BE00083690BB9FFF7A6F9394B9C4201D16C6848
:107BF00008E0384B9C4201D1AC6803E0364B9C4214
:107C000008BFEC68A2890023636093B29E065AD431
:107C100058071AD4D90605D4092342F040022B6034
:107C2000A28150E01A070BD528462146FFF73CF801
:107C3000002848D1A389A06023F00803A381A06194
:107C4000A38943F00403A38110E0616B71B104F1D7
:107C50004403994202D02846FFF74EFE236C63602E
:107C60000020606313B1E36B2360F8BD23691BB987
:107C700028462146FFF798FDA789BEB2B3070FD06B
:107C80000123A381154B1649186806F00906FFF772
:107C9000ADFC092EA78103D128462146FEF780FFBF
:107CA00022692260666A216A63692846B047002813
:107CB00060600BDCA38917BF002243F0200343F070
:107CC00040036260A3814FF0FF30F8BD0020F8BD93
:107CD0006868030888680308A8680308CC68030874
:107CE000C57B020838B50C46054618B183690BB947
:107CF000FFF720F90E4B9C4201D16C6808E00D4B58
:107D00009C4201D1AC6803E00B4B9C4208BFEC687D
:107D100028462146FFF760FF38B96368013B63607E
:107D200023685A1C2260187838BD4FF0FF3038BDE8
:107D30006868030888680308A868030838B5064C13
:107D40000023054608462360F8F7BCFB431C02D11C
:107D5000236803B12B6038BD2407002000290CBF25
:107D6000022200224FF4806300F000B82DE9F041B8
:107D70001E463D4B1D6804460F46904625B1AB6933
:107D800013B92846FFF7D6F8384B9C4201D16C68EE
:107D900008E0374B9C4201D1AC6803E0354B9C4274
:107DA00008BFEC68B8F1020F59D8002E57DB2846FF
:107DB0002146FEF779FF00236360A361A3891B06B8
:107DC00003D528462169FFF797FDA389B8F1020F73
:107DD00023F08303A38112D037BB002E08BF4FF4DA
:107DE00080663046F8F788FB0746C8B94FF48060D4
:107DF000F8F782FB074688B94FF0FF3000E000201B
:107E0000A38943F00203A3810023A36004F1470385
:107E10002360236101236361BDE8F0814FF4806634
:107E2000A38943F08003A381B8F1010F05D1A38991
:107E300043F00103A3817342A3610F4BAB62A3899B
:107E4000276003F0080080B22761666148B113F033
:107E5000030F18BF0026A6600020BDE8F0814FF098
:107E6000FF30BDE8F08100BF3802002068680308D9
:107E700088680308A86803088D6E02080CB430B542
:107E8000164B0C1E9DB01D6804DA8B232B604FF03F
:107E9000FF301EE04FF40273ADF8143014BF04F14C
:107EA000FF332346049307934FF6FF730290069027
:107EB000ADF81630284621AB02A9209A019301F0B3
:107EC00007F9431CBCBF8B232B6014B1029B00221B
:107ED0001A701DB0BDE8304002B070473802002073
:107EE0000EB400B59CB04FF40271ADF814106FF0F1
:107EF0000041049107914FF6FF711DABADF81610CC
:107F0000084953F8042B029006900868019302A9CF
:107F100001F0DEF8029B00221A701CB05DF804EB41
:107F200003B07047380200200EB430B59CB01FACCF
:107F30004FF4017254F8045BADF8142002900690DF
:107F400000F093F80B4B0B9300230F9314934FF611
:107F5000FF73ADF81630084B0390079002A918681C
:107F600001942A46234601F0FBF91CB0BDE83040DD
:107F700003B070479F7F02083802002010B50C46FE
:107F8000B1F90E1004F05AFB002803DB636D0344C3
:107F9000636510BDA38923F48053A38110BD002025
:107FA00070472DE9F0411D468B89DB0507460C46DD
:107FB000164605D5B1F90E100022022303F0FAFE91
:107FC000A389B4F90E1023F48053A38138463246B6
:107FD0002B46BDE8F04102F09DBC10B50C46B1F94E
:107FE0000E1003F0E7FE431CA38903D123F4805352
:107FF000A38110BD43F48053A381606510BDB1F926
:108000000E1002F007BDC9B2024610F8013B1BB1C9
:108010008B42F9D1104670470029FBD018467047B3
:1080200010F8012B11F8013B012A28BF9A42F7D022
:10803000D01A7047024B0146186800F003B800BF21
:108040003802002070B5064608460D4600F00DF8CF
:10805000441C21463046FFF793FC064618B12946DA
:108060002246FFF71DFC304670BD034613F8012B76
:10807000002AFBD1181A0138704700000F4BF0B5E9
:108080001E680023934216D0C55C7419647804F00E
:108090000304012CCC5C06EB040708BF20357F7875
:1080A00007F00307012F08BF20342D1B04D1013333
:1080B000002CE7D100E000252846F0BD3C0200205E
:1080C00070B592B10B4605461C7810F8016BB442AE
:1080D00001F1010101D1012A03D128781B78C01ACE
:1080E00070BD013A002CEDD1F7E7104670BD10B518
:1080F000034632B111F8014B03F8014B013A002C51
:10810000F7D11A44934203D0002103F8011BF9E789
:1081100010BD30B5026811F8015B541C55B153789D
:108120002246A3F14104192C98BF2033AB42F2D070
:10813000002030BD0460012030BD70B504460D46FE
:1081400045EC104B164604F019F951EC100B6EB1CA
:10815000C5F30A53C3F16B03002B07DD1C0504F1C3
:108160007F5303F540130022FCF702F970BD0000B5
:108170002DE9F04F9FB000238046894615921A934F
:108180004FF0000A4FF0000B1991199A13780D2B3C
:1081900005D8092B14D2002B00F0B98113E02B2B4A
:1081A00007D02D2B02D0202B0DD109E001260996F6
:1081B00001E000270997531C199353782BB9A6E1C6
:1081C00001321992E1E700260996199C2378302B99
:1081D0005DD16378582B01D0782B4CD11AAB099F15
:1081E00000930197404619A9A04A1BAB03F0FCFA83
:1081F00010F00706054600F0B785062E05D10134BC
:1082000000261994099600F0AFBD1A9A3AB11CA83D
:10821000352104F0A2F940461A9903F012FE1B9A88
:10822000062E21D8DFE806F0040D08171C0D040007
:108230004FF0000BDA4617E0DDF870A0DDF874B0FF
:1082400012E01D9BDDF870A002F2334223F480138C
:1082500043EA025B08E0DFF818B24FF0000A03E0DF
:108260006FF0004B4FF0FF3A2B0740F17D854BF04C
:10827000004B00F079BD199B5A1C19925B78302B8A
:10828000F9D0002B00F070850123059301E0002652
:1082900005960025199F079704950395199E347834
:1082A000A4F13003DAB2092A14D8039F082FD8BFEB
:1082B000049F4FF00A02DCBF02FB07370497039FBD
:1082C00006F1010607F10107C8BF02FB0535039758
:1082D0001996E3E7404603F069FD0768404603F05E
:1082E00065FD0068FFF7C1FE394602463046FFF7DC
:1082F000E7FE064628B1002322461946039C0A934E
:108300005FE04046199C03F051FD0068FFF7ADFEA9
:10831000039F23181993225C002F44D13B46302A37
:1083200005D1199A511C199101335278F7E7A2F13E
:108330003101082941D8199E0796194600231C4689
:10834000303A03F1010028D00144661C371B8742F4
:108350000FDA771E082F06DC049F4FF00A0C0CFB87
:1083600007F7049703E0102EDCBF0A277D43013690
:10837000ECE7002BACBFE318231C082B03F101042E
:1083800005DC049E0A2303FB0626049604E0102C59
:10839000DCBF0A2303FB05250020199B5A1C1992F8
:1083A0005A78034602E0039C33463146A2F130007E
:1083B0000928C5D901270A9703E000240120214696
:1083C0000A9022F02006452E56D124B91BB9059EED
:1083D000002E00F09C80DDF8649009F101021992F2
:1083E00099F801202B2A04D02D2A05D000200F90C7
:1083F00009E000270F9701E001220F9209F1020224
:10840000199299F80220A2F13007092F32D8302AA8
:1084100004D1199A571C19975278F8E7A2F131073D
:10842000082F29D8199E0696A2F13007199A501CD8
:10843000199052780E90A2F13006092E05D84FF00F
:108440000A0C0CFB0727303FF0E7069EC6EB000C3A
:10845000BCF1080F44F61F6C02DC6745B8BFBC4690
:108460000F9F5FB1CCF1000C08E000BFD06803089B
:108470000000F07FCDF864904FF0000C002C4CD140
:10848000002B40F07184059B002B40F06D840A9E08
:10849000002E3CD14E2A1BD002DC492A05D036E002
:1084A000692A02D06E2A13D031E019A8AA49FFF731
:1084B00030FE60B3199BA949013B19A81993FFF736
:1084C00028FE10B9199B01331993DFF8ACB21AE0FA
:1084D00019A8A349FFF71DFEC8B1199B1B78282BCB
:1084E0000FD119A89F491CAA03F0C0FB052808D189
:1084F0001D9BDDF870A043F0FF4B4BF4E00B00F048
:1085000033BCDFF878B24FF0000A00F02DBC002732
:10851000CDF86490099700F027BC039E0498C1EB46
:108520000C01002E08BF264606910396FBF7AAFE13
:10853000102CB4BFA1464FF01009B9F1090F8246C3
:108540008B4613DD884B03EBC90353E91223FBF77A
:108550000FFF064628460F46FBF794FE02460B46E1
:1085600030463946FBF752FD82468B460F2C37DCEE
:10857000069E002E00F0F88323DD162E07DC7A49D4
:1085800001EBC601D1E9000152465B4614E0069FAB
:10859000C4F125039F4223DC734DC4F10F0405EBA6
:1085A000C4033C1BD3E9000152465B4605EBC405FE
:1085B000FBF7DEFED5E90023FBF7DAFE82468B46A9
:1085C000D2E3DDF818C01CF1160F09DB664FA7EBEC
:1085D000CC0750465946D7E90023FBF7F3FFEDE7F8
:1085E000069EC9EB0409B144B9F1000F61DD19F031
:1085F0000F030AD05C4A02EBC303D3E900015246E1
:108600005B46FBF7B5FE82468B4639F00F0900F05A
:10861000C880B9F59A7F13DD4FF00009CDF80C90B2
:10862000CDF81C90CDF81090079FDFF84CB12223B5
:10863000C8F800304FF0000A002F40F0818393E328
:108640004FEA2919504659460025B9F1010F0DDDB1
:1086500019F0010F06D0454B03EBC503D3E9002306
:10866000FBF786FE01354FEA6909EEE73F4B82468C
:10867000A1F1547B03EBC50552465B46D5E90001E9
:10868000FBF776FE21F000438B461B0D38491B0596
:108690008B428246C0D8A1F580118B4206D90026B4
:1086A000DFF8DCB005964FF0FF3A7CE00BF1547B2D
:1086B00077E076D0C9F1000919F00F030AD02A4AF1
:1086C00002EBC30350465946D3E90023FBF77AFF78
:1086D00082468B465FEA291963D0B9F11F0F08DD86
:1086E0004FF00009CDF80C90CDF81C90CDF810900B
:1086F0001CE119F0100F14BF6A2600261D4D0596C7
:1087000050465946B9F1000F0ADD19F0010F03D0A8
:10871000D5E90023FBF72CFE4FEA69090835F1E79C
:10872000059F82468B469FB3C1F30A53C3F16B0387
:10873000002B2DDD1F2B25DD342B4FF0000A02DD31
:108740004FF05C7B24E0203B4FF0FF3101FA03F354
:1087500003EA0B0B1CE000BF3A690308976A0308A1
:108760004269030810690308B06A0308786B0308BC
:108770000000A07CE86803080000F07F0000F8FF1C
:10878000FFFFEF7F4FF0FF3202FA03F303EA000A24
:108790005046594600220023FCF752F800289FD18A
:1087A00001E000270597049E009640460799039A2A
:1087B000234603F097FB079000283FF42DAF069F58
:1087C0007B42002FA8BF00234FF000090E93CDF885
:1087D0000C90079E4046716803F0FEFA0490002852
:1087E0003FF422AF3269023206F10C0192000C30E4
:1087F000FFF756F840464BEC10AB1BA91CAACDE97D
:108800000AAB03F033FE1A9000283FF40DAF404648
:10881000012103F0F6FB039000283FF405AF1B9BFA
:10882000DDF818C0002B2CEAEC77C0F28B800E9C90
:108830003A461C44059E1C9D9B1B59196FF47F737F
:108840009942C5F1360580F287805B1A1F2BC3EB76
:1088500005054FF0010078DC9840002314900F9339
:108860000598661915440544A642B4BF324622460F
:10887000AA42A8BF2A46002A02DDB61AAD1AA41AD7
:108880000E9900296FD1002E00F38780002F40F051
:108890008E80002D00F39580002C00F39C804046D4
:1088A0001A99049A03F00CFD814600283FF4BCAEEF
:1088B0000023C6680399C360089603F0E4FC00280F
:1088C00080F29880002E40F02882BAF1000F40F02C
:1088D0002482CBF31303002B40F01F822BF00043C4
:1088E0001B0D1B05B3F1D66F40F21782D9F8143077
:1088F000002B7AD049460122404603F071FC0399CF
:10890000814603F0C0FC002840F307822BF00043AF
:10891000059F1B0D1B05002F00F09C80B3F1D66F47
:1089200000F29880B3F15C7F00F2F981079E222368
:108930004FF0000A4FF0000BC8F80030002E40F056
:10894000FF8111E2FA1A0E9C74E7A44E1490761A75
:1089500000FA06F60F9683E700264FF0010C0F96FB
:10896000CDF850C07CE7404603990E9A03F0EAFB2D
:10897000039000283FF458AE1A9A0399404603F03A
:1089800049FB024600283FF44FAE40461A99029236
:1089900003F057FA029A1A9275E740461A9932463E
:1089A00003F01EFC1A9000287FF470AF3CE64046AE
:1089B00004993A4603F0C6FB049000287FF469AF9F
:1089C00032E6404604992A4603F00AFC0490002847
:1089D0007FF462AF28E640460399224603F000FC8C
:1089E000039000287FF45BAF1EE6D9F81030012B0E
:1089F00080DC92E163D1089FCBF313032FB3784956
:108A00008B425A462FD1059E51466EB1754B0BEAEB
:108A10000303B3F1D46F07D81B0DC3F16B034FF001
:108A2000FF3000FA03F301E04FF0FF3399421AD10F
:108A30006D4B9A4202D101313FF4F6AD694B1340C0
:108A400003F5801B4FF0000A67E163B9BAF1000F2C
:108A500009D15BE7A3F580136FEA135B6FEA0B5B49
:108A60004FF0FF3A59E10F9B13B113EA0B0F02E0ED
:108A7000149E16EA0A0F00F05081089F059A50468E
:108A8000594657B1FFF759FB02460B46DDE90A018B
:108A9000FBF7BCFA82468B463FE1FFF74EFB0246EE
:108AA0000B46DDE90A01FBF7AFFA002200238246FC
:108AB0008B46FBF7C5FE00287FF438AF2DE1484612
:108AC000039903F023FD55EC104B10EE100A2946D4
:108AD00000224FF08043FBF7C7FE002832D0089EEB
:108AE00026B1424F002634463D463EE0BAF1000F23
:108AF00003D1CBF313033BB90BE0BAF1010F03D160
:108B0000BBF1000F3FF412AF0026394F374D002460
:108B10002BE0204629460022344BFBF79BFE40B950
:108B2000204629460022334BFBF722FC04460D4623
:108B300001E0304D002405F1004716941797DDE958
:108B4000166712E02046294600222A4BFBF710FC4C
:108B5000089E04460D4626B901F100471090119772
:108B600001E0CDE91045DDE910672BF0004C4FEA3C
:108B70001C5C214B4FEA0C5C9C4544D19DED0A7B6B
:108B8000ABF1547B4BEC10ABCDF808C08DED0C7BFA
:108B900003F0F4FB304653EC102B3946FBF7E8FBAF
:108BA00002460B4650465946FBF730FA21F0004387
:108BB0001B0D124ADDF808C01B05934282461FD9DF
:108BC000094B0D98984203D10C9901313FF42CAD1B
:108BD000DFF814B04FF0FF3A8EE000BFE3FBFFFF79
:108BE000FFFF0F000000F07FFFFFEF7F0000F03F6E
:108BF0000000F0BF0000E03F0000E07FFFFF9F7C2F
:108C000001F1547B42E0059A52B3BCF1D46F27D8EE
:108C1000204629465FA3D3E90023CDF808C0FBF71F
:108C200023FEDDF808C0B8B129462046FBF73AFE1E
:108C3000002808BF0120FBF725FB089EDDF808C0CF
:108C400004460D4626B901F100471290139701E042
:108C5000CDE91245DDE9126707F1D663CCEB0307D6
:108C60009DED0A0BCDF808C003F088FB304653ECAD
:108C7000102B3946FBF77CFB02460B46DDE90A0167
:108C8000FBF7C4F9DDF808C082468B46059F002F2C
:108C900032D12BF000431B0D1B059C452CD12946DE
:108CA000204603F03DFDFBF7FDFA02460B46204649
:108CB0002946FBF7A9F9089F04460D462FB9BAF1DA
:108CC000000F02D1CBF3130686B12046294633A309
:108CD000D3E90023FBF7BEFD002831D12046294609
:108CE00030A3D3E90023FBF7D3FD04E02FA3D3E99E
:108CF0000023FBF7AFFD18BB40461A9903F0A1F81B
:108D00004046049903F09DF84046039903F099F812
:108D10004046494603F095F85BE5059E86B1002084
:108D20001B4F0C900D9750465946DDE90C23FBF77D
:108D30001FFB82468B4619B910B92223C8F80030B0
:108D400040461A9903F07DF84046049903F079F8FB
:108D50004046039903F075F84046079903F071F80F
:108D60004046494603F06DF8159E0EB1199B3360DD
:108D7000099F1FB152460BF1004301E052465B468A
:108D800043EC102B1FB0BDE8F08F00BFAFF30080A5
:108D9000000050390000C0FFFFFFDF419535A0946F
:108DA000FFFFDF3F35E5AF350000E03F9535A0948C
:108DB000FFFFCF3FAFF300800A460B4938B50346AB
:108DC00008681946FFF7D4F955EC104B03F048FC3E
:108DD00018B9BDE83840FDF7D1BD20462946FBF75C
:108DE00081FD00EE100A38BD3802002084463F485D
:108DF0002DE9F04FD0F800800E46344614F8015BA0
:108E000008EB0500407800F0080000F0FF0708B10B
:108E10002646F2E72D2D03D1B41C7578012703E017
:108E20002B2D04BF7578B41C33F010000DD1302DFC
:108E300008D1207800F0DF00582851D16578102340
:108E4000023402E0002B08BF0A23002F0CBF6FF092
:108E5000004A4FF0004ABAFBF3F9002603FB19AAB7
:108E6000304608EB050B9BF801B01BF0040F01D056
:108E7000303D0BE01BF0030B1BD0BBF1010F14BF07
:108E80004FF0570B4FF0370BCBEB05059D4210DA37
:108E9000B6F1FF3F0AD0484506D801D1554503DC5D
:108EA00003FB0050012601E04FF0FF3614F8015B90
:108EB000D7E7731C0CD1002F4FF022030CBF6FF0CB
:108EC00000404FF00040CCF800302AB9BDE8F08FE8
:108ED00007B1404242B106B1611E1160BDE8F08F9A
:108EE000002B08BF0823B0E7BDE8F08F3C0200204C
:108EF00030B51346044A05460C46106829462246FA
:108F0000BDE83040FFF772BF3802002084463A487F
:108F10002DE9F04FD0F800800E46344614F8015B7E
:108F200008EB0500407800F0080000F0FF0708B1EA
:108F30002646F2E72D2D03D1B41C7578012703E0F6
:108F40002B2D04BF7578B41C33F010000DD1302DDB
:108F500008D1207800F0DF00582847D16578102329
:108F6000023402E0002B08BF0A234FF0FF39B9FB9F
:108F7000F3F903FB09FA00266FEA0A0A304608EB08
:108F8000050B9BF801B01BF0040F01D0303D0BE046
:108F90001BF0030B1AD0BBF1010F14BF4FF0570B9E
:108FA0004FF0370BCBEB05059D420FDA002E08DBA7
:108FB000484506D801D1554503DC03FB0050012686
:108FC00001E04FF0FF3614F8015BD8E7002E05DA18
:108FD0002223CCF800304FF0FF3001E007B14042CF
:108FE00042B106B1611E1160BDE8F08F002B08BFD1
:108FF0000823BAE7BDE8F08F3C02002030B51346E5
:10900000044A05460C46106829462246BDE8304011
:10901000FFF77CBF380200202DE9F0478D68AB4296
:1090200081460C4692461F4643D38B8913F4906FBA
:109030003DD026680969C1EB06086669022206EB85
:10904000460696FBF2F608F101023A44964238BF12
:1090500016465B050FD53146FEF792FC054698B1E2
:1090600021694246FEF71CFCA38923F4906343F078
:109070008003A38113E0324603F0BAFA054670B9C3
:1090800048462169FEF738FC0C23C9F80030A38953
:1090900043F04003A3814FF0FF30BDE8F087256126
:1090A00066614544C8EB06062560A6603D46AF42B2
:1090B00000D23D462A4620685146FEF7FAFBA368D7
:1090C0005B1BA36023681D4425600020BDE8F0877A
:1090D0002DE9F0439DB0074603938B891C060D468E
:1090E00016460CD50B6953B94021FEF749FC2860A0
:1090F000286110B90C233B60C8E040236B6100235A
:10910000099320238DF8293030238DF82A303346F7
:109110001C4613F8012B1AB9B4EB06090FD002E074
:10912000252AF5D1F8E73846294632464B46FFF75F
:1091300073FF013000F0A580099B4B44099323780D
:10914000002B00F09E8000234FF0FF320493079322
:10915000059206938DF853301A9304F101094C4699
:109160004D4E217830460522FEF77CFB09F10109BE
:10917000049B28B1861B0120B04003430493EEE713
:10918000D90644BF20228DF853201A0744BF2B2252
:109190008DF8532022782A2A02D0079B21460EE020
:1091A000039A111D12680391002A01DB079204E063
:1091B000524243F002030792049301340AE00C4642
:1091C00001312278303A092A03D80A2000FB032310
:1091D000F5E7079323782E2B1AD163782A2B0AD12F
:1091E000039B1A1D1B680392002B04F10204B8BFF5
:1091F0004FF0FF330BE0611C00230C460131227855
:10920000303A092A03D80A2000FB0323F5E7059327
:10921000224E217830460322FEF724FB30B1861B14
:10922000049B4020B04003430493013421781C4840
:109230008DF828100622661CFEF714FB88B1194B26
:1092400033B9039B073323F007030833039314E078
:1092500003AB0093384604A92A46134B00F0F0FBF9
:1092600007E003AB0093384604A92A460E4B00F0F2
:1092700069FEB0F1FF3F804603D0099B4344099348
:1092800045E7AB895B0601D4099801E04FF0FF3058
:109290001DB0BDE8F08300BF246903082A690308F4
:1092A0002E690308419A02081990020838B54B1C30
:1092B000144602D14FF0FF3038BD938923F02003CC
:1092C0009381536B5268CDB283B1A36B9A4207DA94
:1092D00023685A1E226003F8015C636801331FE0B3
:1092E000214600F0A3F90028F2D0E3E721692368C2
:1092F00051B18B4208D913F8010CA84204D1013BAB
:1093000001322360626038BDE36304F144036363A8
:109310000323A3632346226403F8465F23600123EB
:109320006360284638BD10B50C46496B69B104F13D
:109330004403994201D0FEF7DFFA236C63600020FA
:10934000606313B1E36B236010BD236923600023C6
:109350006360A38943F02003A3814FF0FF3010BD69
:109360002DE9F047ADF5247D0DF10C0901930023A3
:10937000469347939C4BA2939C4BCDF82091074674
:109380000C469046A39398F80050002D00F02481DD
:1093900097490B682B448A465A7802F0080202F07B
:1093A000FF03EAB16368002B10DD2368DAF80020C0
:1093B00019780A44527815070ED5479A0132479218
:1093C00062680133013A62602360EBE7A39B384691
:1093D000214698470028E8D008F10106B046D2E7B8
:1093E000252D08F101064FD14593439398F801309C
:1093F0002A2B03D11023439308F102063178A1F1FF
:109400003003092B354606F1010606D8459B0A2292
:1094100002FB0313303B4593F0E7DFF8DC810322C6
:109420004046FEF71FFA40B1C8EB0008439B0120FD
:1094300000FA08F00343439335466E1C2D78672DE0
:109440000FD8652D78D25B2D54D005D8002D00F0B3
:10945000C580252D18D071E0632D57D0642D3FD0E5
:109460006CE0702D32D007D86E2D55D03AD8692DCA
:1094700064D10023449339E0752D31D0782D29D063
:10948000732D5BD102233FE06368002B0DDD236861
:109490001A78AA4240F0A080013362682360479B9B
:1094A000013A01336260479398E7A39B384621460F
:1094B00098470028EBD04698002800F08F80A389B9
:1094C00013F0400F18BF4FF0FF3089E0439B43F08B
:1094D00020034393439B43F400734393102302E020
:1094E0000A2300E008236E2D449301DC03230BE0E4
:1094F000042309E03146484603F0D6F8439B43F085
:10950000400343930646012349931BE0439B43F0EA
:10951000400343930023F7E7439AD0063FF55EAF3D
:1095200012F0010F019A479B02F1040101911268A8
:1095300014BF1380136051E70523E5E70323499324
:109540000A2344936368002B03DD439B590611D51E
:1095500018E0A39B3846214698470028F5D0AAE793
:10956000479A013247926268013A002A626013DD2D
:10957000013323602368DAF8002019780A4452780E
:109580001207EDD4499B022B0DDC384643A9224635
:1095900001AB00F0DBFF19E0A39B3846214698475A
:1095A0000028E7D087E7042B06DC384643A922468B
:1095B00001AB01F02BF809E00E4B002B3FF40EAF8E
:1095C000384643A9224601AB00F0D0FD012803D064
:1095D00002287FF403AF6EE7469801E04FF0FF30BA
:1095E0000DF5247DBDE8F087AD92020827930208AF
:1095F0003C0200206DA102082A690308044B1B6885
:1096000003445B7803F00303012B08BF203070474D
:109610003C020020044B1B6803445B7803F0030307
:10962000022B08BF203870473C0200202DE9F04192
:109630000C46496B04F1440399421CD14FF48061FC
:10964000FEF79EF918B94FF0FF30BDE8F0814FF4F6
:109650008063A36394F84630606380F8FF3394F826
:10966000453080F8FE3394F8443080F8FD3300F242
:10967000FD30206012E0A66B77003A4602F0B8FF9A
:1096800005460028DFD000EB060840462946324652
:10969000FEF706F9C4F800806563A7630020BDE803
:1096A000F0819368013B002B10B5936005DA946953
:1096B000A34208DBCBB20A2B05D01368581C1060FC
:1096C0001970C8B210BDBDE8104001F0CFB8F8B5B0
:1096D00005460E461446D718BC4208D0284614F852
:1096E000011B3246FFF7DDFF431CF5D100E00020EF
:1096F000F8BD00002DE9F0439DB00D4617460393D9
:10970000064618B183690BB9FDF714FC734B9D42F3
:1097100001D1756808E0724B9D4201D1B56803E044
:10972000704B9D4208BFF568AB8918070AD52B69B5
:1097300043B10023099320238DF8293030238DF87D
:109740002A3038E03046294601F0F6F80028F0D0FB
:109750004FF0FF30BFE0039A111D12680391002AF9
:1097600070DB0792013423782E2B7DD05E4F217859
:1097700038460322FEF776F830B1C71B049B402021
:10978000B840034304930134217858488DF82810D9
:109790000622671CFEF766F8002800F08A80544B0A
:1097A000002B7DD1039B073323F00703083303937A
:1097B000099B434409933B461C4613F8012B1AB9F5
:1097C000B4EB07090ED002E0252AF5D1F8E73046C0
:1097D00029463A464B46FFF77AFF013076D0099B7F
:1097E0004B4409932378002B70D000234FF0FF32B5
:1097F00004930793059206938DF853301A9304F15E
:1098000001094C463B4F217838460522FEF72AF8DD
:1098100009F10109049B28B1C71B0120B84003438B
:109820000493EEE7D90644BF20228DF853201A078F
:1098300044BF2B228DF8532022782A2A8BD0079BF5
:10984000214605E0524243F002030792049389E760
:109850000C4601312278303A092A03D80A2000FB4D
:109860000323F5E707937EE763782A2B0AD1039B4E
:109870001A1D1B680392002B04F10204B8BF4FF0BD
:10988000FF330BE0611C00230C4601312278303A93
:10989000092A03D80A2000FB0323F5E7059365E7AF
:1098A00003AB0093304604A92A46134B00F0C8F8D6
:1098B00007E003AB0093304604A92A460E4B00F0A4
:1098C00041FBB0F1FF3F80467FF472AFAB895B068E
:1098D0003FF53EAF09981DB0BDE8F0836868030806
:1098E00088680308A86803082A6903082E69030822
:1098F000419A020824690308CF96020830B513463E
:10990000044A05460C46106829462246BDE8304008
:10991000FFF7F0BE380200202DE9F04F55EC104B58
:1099200085B0002D88469246DDF8389004DA05F1BE
:1099300000473D462D2200E000221A700F9B23F0C5
:10994000200BBBF1460F05D0BBF1450F04D108F148
:10995000010801E0032100E0022102AB009303AB08
:10996000019345EC104B42464B4601F0F1F8BBF138
:10997000470F064602D11AF0010F25D0BBF1460F62
:1099800006EB080710D13378302B0AD12046294640
:1099900000220023FAF754FF18B9C8F10103C9F8EF
:1099A0000030D9F800301F44204629460022002309
:1099B000FAF746FF00B10397039BBB4204D25A1C3F
:1099C000039230221A70F7E7039B9A1B109B3046D4
:1099D0001A6005B0BDE8F08F034673B5002903F89F
:1099E000022B03DA49421A462D2401E01A462B24A1
:1099F000092944701ADD0DF106040A2691FBF6F5DB
:109A000006FB15113031092D234604F801192946AA
:109A1000F3DC05F1300103F8011D0DF107018B4264
:109A20000AD213F8011B02F8011BF6E730241A468C
:109A3000214402F8024B5970101A02B070BD0000A8
:109A40002DE9F04F8BB00C4616461F46DDF85090BE
:109A5000054602F0ABF9D0F800A05046FEF705FB32
:109A600000230893D9F8003094F818800590073344
:109A700023F0070393ED000B03F10802C9F800205F
:109A800084ED120B02F0ECFD012819D1D4E912018A
:109A900000220023FAF7DEFE10B12D2384F84330B4
:109AA000914B924AB8F1470F8CBF914699460323D8
:109AB0002361236823F0040323604FF0000B87E049
:109AC00094ED120B02F0CCFD226860B9884B8949F5
:109AD00022F00402B8F1470F8CBF89469946032350
:109AE00023612260E9E76368591C28F0200B01D14B
:109AF000062304E0BBF1470F02D10BB901236360D9
:109B000007AB8DE8080108AB42F4806202930023A2
:109B100003936168226094ED120B28460DF11B033C
:109B2000FFF7FAFEBBF1470F8146079909D1C81C20
:109B300002DB6368994230DDA8F102085FFA88F819
:109B400002E0B8F1650F12D80139424604F1500025
:109B50000791FFF741FF089A8318012A8346236182
:109B600002DC2268D2072DD5013323612AE0B8F147
:109B7000660F14D10029636807DD216113B92268DB
:109B8000D0071CD501330B4418E013B92268D20763
:109B900001D5023312E0012310E04FF06708089A64
:109BA000914205DB23682161D80708D54B1C05E0ED
:109BB0000029D4BFC1F10203012313442361A1652D
:109BC0004FF0000B9DF81B3013B12D2384F8433068
:109BD00000972846214609AA334600F041F9013092
:109BE00002D14FF0FF3037E123685A0504D42846EC
:109BF00031464A46236909E1B8F1650F40F2CC804D
:109C0000D4E9120100220023FAF71AFE00282AD014
:109C100028463146384A0123B8470130E1D0089B35
:109C2000079A9A4207DB2368D80704D423689B0766
:109C300000F1F980FEE0284631465246059BB847C0
:109C40000130CED04FF00008089B013B9845EDDA7B
:109C50002846314604F11A020123B8470130C0D02A
:109C600008F10108F0E7079B002B28DC2846314665
:109C7000214A0123B8470130B3D0079B23B9089B81
:109C800013B92368D907D1D5284631465246059BDA
:109C9000B8470130A5D04FF00008079B5B429845BC
:109CA0002846314608DA04F11A020123B847013088
:109CB00097D008F10108F0E74A46089BA6E0A36D9B
:109CC000089A9A42B4BF93469B46BBF1000F02DC50
:109CD0004FF000081DE0284631464A465B46B8472B
:109CE0000130F5D17DE700BF356903083969030804
:109CF0003D690308416903088E6903082846314617
:109D000004F11A020123B84701303FF46AAF08F1A9
:109D10000108A36D2BEAEB729A1A9045EEDB09EB72
:109D20000308079A089B9A420FDB2368DA070CD4D2
:109D3000089B079A9944C8EB09099B1A9945A8BF43
:109D40009946B9F1000F08DC0FE02846314652462B
:109D5000059BB8470130EBD143E7284631464246E0
:109D60004B46B84701303FF43CAF4FF000080AE0E3
:109D70002846314604F11A020123B84701303FF466
:109D800030AF08F10108079B089A29EAE971D31A54
:109D90005B1A9845ECDB49E7089A012A01DCDB07EE
:109DA00039D5284631464A460123B84701303FF4A9
:109DB00018AF284631465246059BB84701303FF45C
:109DC00010AFD4E9120100220023FAF739FD10B1D7
:109DD0004FF0000811E0089B2846314609F10102C6
:109DE000013B1CE02846314604F11A020123B84722
:109DF00001303FF4F6AE08F10108089B013B98459D
:109E0000F0DB2846314604F150025B46B84701308A
:109E10007FF40CAFE5E6284631464A460123B847B1
:109E20000130EED1DDE64FF00008E268099BD31A5D
:109E3000984505DBE068099B9842B8BF18460BE0DF
:109E40002846314604F119020123B84701303FF496
:109E5000C8AE08F10108E8E70BB0BDE8F08F00BF1D
:109E60002DE9F84315461F468A680B69DDF8208006
:109E70009A42A8BF13462B6091F8432006460C4631
:109E80000AB101332B602368990602D52B6802338F
:109E90002B60236813F006091DD094F84330226824
:109EA000003318BF012392061FD5E1185A1C302039
:109EB00081F84300224494F8451082F8431002339D
:109EC00013E03046394604F119020123C04701303E
:109ED00007D009F10109E2682B68D31A9945F0DB34
:109EE000DBE74FF0FF30BDE8F8833046394604F138
:109EF0004302C0470130F4D023682A68E16803F0C8
:109F00000603042B08BFC2EB01052369A2680CBF3E
:109F100025EAE57500259A42C4BFC3EB0203ED189C
:109F20004FF00009A9450ADA3046394604F11A0211
:109F30000123C0470130D4D009F10109F2E7002024
:109F4000BDE8F8832DE9FF470E7E0C9D6E2E8046FE
:109F50000C4691469A4601F1430000F0A58011D8C5
:109F6000632E22D009D8002E00F0AF80582E40F08A
:109F7000BF8081F845607B4A4FE0642E1ED0692E79
:109F80001CD0B5E0732E00F0A48009D86F2E2BD022
:109F9000702E40F0AD800B6843F020030B6038E07A
:109FA000752E21D0782E34D0A2E02B681A1D1B68A4
:109FB0002A6001F1420781F842309DE022682B6857
:109FC00012F0800F03D01A1D2A601D6805E05106AB
:109FD000F9D51A1D2A60B3F90050002D39DA2D2366
:109FE0006D4284F8433034E022682B6812F0800F11
:109FF00003D01A1D2A601D6804E05206F9D51A1D07
:10A000002A601D88237E574A6F2B14BF0A2308231A
:10A010001BE07823544A84F845302368296813F0FC
:10A02000800F01F104062E6001D00D6802E05F068A
:10A03000FBD50D88DE0744BF43F0200323601DB924
:10A04000236823F0200323601023002184F84310A9
:10A0500001E0444A0A236668A660002E03DB2168FB
:10A0600021F00401216005B96EB104F14201B5FB94
:10A07000F3F603FB16550F46555D01F801593546B9
:10A08000002EF4D100E00746082B0AD12368DD0733
:10A0900007D5626823699A4203DC302307F8013C44
:10A0A000013FC01B20612CE009682B68626911F038
:10A0B000800F04D0191D29601B681A6005E049064D
:10A0C000F8D5191D29601B681A80002323610746F3
:10A0D00017E02B681A1D2A601F683846FDF7C5FF78
:10A0E00063682061984288BF23612369636005E04B
:10A0F00004F1420784F8426001232361002384F8BD
:10A100004330CDF800A04046214603AA4B46FFF756
:10A11000A7FE013002D14FF0FF301FE04046494614
:10A120003A462369D0470130F5D023689B0705D410
:10A13000E068039B9842B8BF18460FE00025E2682C
:10A14000039BD31A9D42F3DA4046494604F11902B3
:10A150000123D0470130DED00135F0E704B0BDE87F
:10A16000F08700BF45690308566903082DE9F04FE1
:10A17000164687B08A680293531EB3F5AE7F074632
:10A180000C4606D96FF4AE731A4440F25D138B602F
:10A1900000E000222368A04643F4F06348F81C3B2B
:10A1A0004FF0000B4546DA46CDF814B0CDF810B0AC
:10A1B000D946CDF80CB0A168002900F0E9803368D9
:10A1C0001B78492B75D016D8392B0DD8312B3ED2A0
:10A1D0002D2B45D002D82B2B42D0D9E02E2B00F0CE
:10A1E0009780302B23D0D3E0452B00F09A80462B6C
:10A1F0007CD0412B0CE0652B00F093800AD8542BC7
:10A200007AD002D84E2B33D0C2E0592B7AD0612BB2
:10A2100049D0BDE06E2B2BD004D8662B66D0692BBD
:10A2200047D0B5E0742B67D0792B6BD0B0E02068B5
:10A2300010F4807F0BD020F08000206009F101092C
:10A24000002A00F08C800131013AA16087E00AEB1E
:10A250000B01002940F09C80216821F4C07105E0C9
:10A260002168080640F1948021F08001216074E0AB
:10A27000BAF1000F0ED1B9F1000F0ED1216801F42F
:10A28000E060B0F5E06F08D121F4F06121604FF09B
:10A29000010A62E0BAF1020F5DD0BBF1010F20D0DC
:10A2A000BBF1040F1CE0BAF1010F71D14FF0020AAB
:10A2B00053E0BBF1000F0ED1B9F1000F6BD1216853
:10A2C00001F4E060B0F5E06F69D121F4F061216044
:10A2D0004FF0010B41E0BBF1030F02D0BBF1050FC2
:10A2E00056D10BF1010B5FFA8BFB36E0BBF1020F8D
:10A2F0004ED14FF0030B30E0BBF1060F48D14FF0C9
:10A30000070B2AE0BBF1070F42D14FF0080B24E006
:10A31000216888053CD521F420712160CDF80C908E
:10A320001BE0216801F4A060B0F5806F04D04805FF
:10A330002ED5B9F1000F32D0880504D403980595C5
:10A34000C0EB0900049021F4F06141F4C071216078
:10A350004FF0000901E04FF0030A2B700135A368AC
:10A36000013BA3602369013323617368013B002B28
:10A37000736003DD3368013333601CE70192D4F866
:10A380008031384631469847019A00283FF413AF90
:10A39000B9F1000F03D0236823F4807323600AF11E
:10A3A000FF3ABAF1010F10D845452A460BD9D4F827
:10A3B0007C3112F8011C3846324698472369013B2C
:10A3C000013D2361F0E70126B9E00BF1FF33062BD5
:10A3D0002CD8BBF1020F1AD9ABF1030B5FFA8BFB40
:10A3E000AA46CBEB050CE2450ED0D4F87C311AF826
:10A3F000011DCDF804C03846324698472369DDF880
:10A4000004C0013B2361EEE7CBEB05050EE04545BB
:10A410002A46D8D9D4F87C3112F8011C3846324685
:10A4200098472369013B013D2361F0E72368DA0582
:10A430002ED55B050ED545452A46C4D9D4F87C31C6
:10A4400012F8011C3846324698472369013B013D0A
:10A450002361F0E715F8011C2369652903F1FF3337
:10A4600005F1FF3A23610DD045290BD0D4F87C319A
:10A47000384632469847236915F8021C013BA5F17E
:10A48000020A2361D4F87C31384632469847554653
:10A49000266816F0100651D12E70236803F4C063AD
:10A4A000B3F5806F05D10399C1EB09035A4263B933
:10A4B00015E0049A9AB1059B3246591C38460A2386
:10A4C000FEF794FC0499059D421A04F26F139D4215
:10A4D00028BF04F5B77528461B49FDF701FD38462E
:10A4E00041460022FDF744FE2268029812F0020F56
:10A4F00059EC108B036802D01A1D026006E012F0BE
:10A50000040F03F1040205D002990A601B68C3E935
:10A5100000890FE0029802601D6802F0A1F820B9DE
:10A52000FCF72CFA85ED000A04E040464946FAF7AC
:10A53000D9F92860E3680133E36000E00026304683
:10A5400007B0BDE8F08F00BF676903082DE9F0414F
:10A5500015468A6880460C4632B98A69002A14BFBB
:10A560004FF0FF3201228A602268D10603D41A68B4
:10A57000111D196017680026A069E0B92368DA0682
:10A5800006F1010603D42B681B783B7001372A685B
:10A590006B6801322A60A268013B013A6B60A260DD
:10A5A00012B3002BE8DCD4F88031404629469847A6
:10A5B0000028E1D018E0012807D12A6811786269E3
:10A5C000525C002ADAD1EEB10EE0022801D04EB181
:10A5D0000AE02A680C49127809680A44527813077D
:10A5E000CCD5F4E701280DD0236813F0100305D172
:10A5F000E2680132E260A26902B13B7023691E4445
:10A6000026610020BDE8F0813C0200202DE9F04FDA
:10A61000984689B0744B0C4605A9029181461646AE
:10A6200093E80700029B83E80700A3696F4A70491B
:10A63000032B08BF1146A36803915A1EB2F5AE7FE3
:10A6400007D96FF4AE7503EB050A40F25D13A36002
:10A6500001E04FF0000A236804F11C0743F4506343
:10A660002360BB460023326805A951F82300117806
:10A6700001930222FDF7F6F8019B002835D0012B4B
:10A680000BD162682AB908226260226842F4007223
:10A690002260226822F4A0620BE0022B0AD1226819
:10A6A00002F4C061B1F5007F1FD11021616042F456
:10A6B00080722260A268511EA160B2B13268511C42
:10A6C000316012788BF800207268013A002A0BF191
:10A6D0000105726008DC0193D4F8802148463146B8
:10A6E0009047019B002840D1AB460133032BBAD1E0
:10A6F00063680BB90A23636063683E496069C91ADD
:10A7000001F0D2FF5D464FF0000BA368002B2ED066
:10A71000326860691178405C48B3302921680BD1F8
:10A72000080509D50BF1010BBAF1000F0AD001336E
:10A730000AF1FF3AA36005E021F41061216013786B
:10A740002B7001357368013B002B736003DD3368A8
:10A750000133336005E0D4F88031484631469847EC
:10A7600028B9A368013BA360CFE74FF0000B236833
:10A77000D9050DD5BD4209D915F8011CD4F87C3195
:10A7800048463246984705F1FF3A5546BD4226D025
:10A79000226812F010021BD12A706368039E48469B
:10A7A0003946B0472268D8F8003012F0200F07D1A0
:10A7B000D20705D51A1DC8F800201B68188004E0D0
:10A7C0001A1DC8F800201B681860E3680133E360B5
:10A7D0002369ED1BAB445B442361002000E00120B2
:10A7E00009B0BDE8F08F00BF6C690308ED8D020869
:10A7F0000D8F02088869030830B5141E9BB005460A
:10A8000004DA8B2303604FF0FF301CE04FF4027238
:10A8100000910491ADF80C2014BF04F1FF312146E2
:10A820004FF6FF7202910591ADF80E2069461A4667
:10A830001E9BFEF74DFC431CBCBF8B232B6014B149
:10A84000009B00221A701BB030BD000073B500934E
:10A85000054B06460D461446186831462A462346DF
:10A86000FFF7CAFF02B070BD3802002070B50E4677
:10A870001446054618B183690BB9FCF75BFB224B04
:10A880009C4201D16C6808E0204B9C4201D1AC682D
:10A8900003E01F4B9C4208BFEC68A369A360A38937
:10A8A0001A0709D523693BB123692068C01A636977
:10A8B0009842F6B20FDB08E02846214600F03CF84B
:10A8C0000028F1D04FF0FF3070BD28462146FCF73C
:10A8D000EBF90028F6D1A368013BA36023685A1C5A
:10A8E00022601E7063690130984204D0A389DB079F
:10A8F00007D50A2E05D128462146FCF7D5F90028B0
:10A90000E0D1304670BD00BF68680308886803085E
:10A91000A868030838B5074C0546002020600846A3
:10A9200011461A46F7F722FF431C02D1236803B1F0
:10A930002B6038BD24070020324B70B51D680646D9
:10A940000C4625B1AB6913B92846FCF7F3FA2E4B38
:10A950009C4201D16C6808E02C4B9C4201D1AC6850
:10A9600003E02B4B9C4208BFEC68A28993B2190705
:10A9700020D4DD0605D4092342F040023360A281D1
:10A980003BE0580712D5616B41B104F14403994291
:10A9900002D03046FCF7B0FF00236363A38923F0A5
:10A9A0002403A3810023636023692360A38943F008
:10A9B0000803A38123694BB9A38903F42073B3F57A
:10A9C000007F03D030462146FCF7EEFEA38913F04A
:10A9D000010205D00022A26062695242A26103E036
:10A9E000990758BF6269A26022694AB903F08000E2
:10A9F00080B230B143F04003A3814FF0FF3070BD0F
:10AA0000002070BD380200206868030888680308C9
:10AA1000A868030838B5064C00230546084623609D
:10AA2000F7F78EFE431C02D1236803B12B6038BDBB
:10AA3000240700202DE9F74F03690C69A3428046E3
:10AA4000C0F28180013C01F11407A20000F114055D
:10AA50009146009257F824602A44019255F8242028
:10AA60000136B2FBF6F6B944002E3AD04FF0000E94
:10AA70003A462846F34652F804CB03681FFA8CFA8C
:10AA80004FEA1C4C0AFB06EA0CFB06FC0CEB1A4CCA
:10AA90001FFA8AFACAEB0B0A4FEA1C4E1FFA8CFC0B
:10AAA0001AFA83FACCEB134C0CEB2A4C1FFA8AFAF5
:10AAB0004AEA0C4A4A454FEA2C4B40F804ABDAD933
:10AAC000009AAB586BB9019A131FAB421A4602D8D1
:10AAD000C8F8104005E01268043B002AF8D1013C98
:10AAE000F3E7404601F0CFFB00282ADB01362B4676
:10AAF000002057F804CB1A681FFA8CF1411A4FEA6C
:10AB00001C4C11FA82F1CCEB124202EB214289B2C9
:10AB100010144F4541EA024243F8042BE9D955F895
:10AB2000242005EB840362B9043BAB421A4602D8E9
:10AB3000C8F8104005E01268043B002AF8D1013C37
:10AB4000F3E7304600E0002003B0BDE8F08F0000DE
:10AB50002DE9F04F456A9BB082460D910E921493F9
:10AB6000249C8DED020B45B91020F5F7C5FCCAF801
:10AB70002400456085600560C560DAF824301968F6
:10AB800061B15B684B60012202FA03F38B605046AF
:10AB900001F057F9DAF8243000221A6003990029ED
:10ABA00005DA012321F000422360039201E0002333
:10ABB0002360039C9A4A24F000431B0D1B0593421B
:10ABC0001DD1149F029942F20F733B6041B9954B1E
:10ABD000954AC4F3130000280CBF1046184600E045
:10ABE0009048259F002F00F06585C37813B100F1D0
:10ABF000080300E0C31C259F3B6000F05BBDDDE95E
:10AC000002890022404649460023F9F719FE05460D
:10AC100058B1149F01233B60259F002F00F047850A
:10AC200082483860013800F045BD504649EC108B31
:10AC300019A918AA01F01AFCC4F30A56834656B1A2
:10AC4000C9F3130343F07F51404641F44011A6F28B
:10AC5000FF3615951CE0199B189E1E446FF4826305
:10AC60009E4209DB02991F3306F212409B1B21FA18
:10AC700000F09C40204304E06D48029A801B02FAD9
:10AC800000F0F9F7FFFA0127A1F1F871013E1597DD
:10AC90000022684BF9F7B8F95BA3D3E90023F9F771
:10ACA00067FB5BA3D3E90023F9F7B0F9044630460C
:10ACB0000D46F9F7F7FA58A3D3E90023F9F758FB43
:10ACC00002460B4620462946F9F7A0F904460D46F0
:10ACD00001F026FD29468146002220460023F9F78F
:10ACE000B9FD58B14846F9F7DDFA02460B46204651
:10ACF0002946F9F7A5FD08B909F1FF39B9F1160F91
:10AD00000DD84D4B03EBC903D3E90001DDE9022364
:10AD1000F9F7BEFD30B109F1FF39002700E0012746
:10AD2000119700E01190189B9E1B013E069604D5DA
:10AD3000774205970027069701E000270597B9F1AC
:10AD4000000F07DB069FCDF840904F440697002781
:10AD50000B9708E0059FC9EB07070597C9F10007A6
:10AD60000B97002710970D9F092F28D8052FC4BFD8
:10AD7000043F0D970D9FA7F10203CCBF00250125CD
:10AD8000032B21D8DFE803F0060F0204012702E0BD
:10AD9000012709E000270C970E9F002F1EDD0A9760
:10ADA00004973B461FE000270C970E9F4F440A97DD
:10ADB00001373B460497012BB8BF012313E001255F
:10ADC00000270D970C9501E001270C974FF0FF37F6
:10ADD0000A970497002712230E9704E001270A9789
:10ADE00004973B460E97DAF8244000226260042163
:10ADF00001F114029A4221D862680132626049006E
:10AE0000F6E700BFAFF3008061436F63A787D23FCF
:10AE1000B3C8608B288AC63FFB799F501344D33F49
:10AE20000000F07F9D6A0308946A03088F69030895
:10AE3000EEFBFFFF0000F83FB06A03085046616870
:10AE400000F0CAFFDAF82430049F20601B680793E3
:10AE50000E2F00F26981002D00F066819DED027BCE
:10AE6000B9F1000F8DED127B31DD804A09F00F033F
:10AE700002EBC30393ED007B4FEA2914E0068DED4E
:10AE8000087B0CD57A4BDDE91201D3E90823F9F7E9
:10AE900099FB04F00F04CDE90201032700E002272B
:10AEA000734D6CB1E10708D5DDE90801D5E9002350
:10AEB000F9F75EFACDE90801013764100835F0E7CB
:10AEC000DDE90201DDE90823F9F77CFB1BE0C9F1AC
:10AED0000004DCB1654B664D04F00F0203EBC203C6
:10AEE000DDE91201D3E90023F9F742FA2411022720
:10AEF0004CB1E20704D5D5E900230137F9F738FA58
:10AF000064100835F4E7CDE9020100E00227119949
:10AF1000E1B1DDE90245002220462946554BF9F70B
:10AF200099FCC0B1049ADAB10A9B002B40F3F88077
:10AF300009F1FF310F910022204629464E4BF9F7C7
:10AF400017FA0137CDE902010A9A0CE0049BCDF80B
:10AF50003C90089308E00499CDF83C90089103E0F8
:10AF6000049ACDF83C9008923846F9F79BF9DDE950
:10AF70000223F9F7FDF90022404BF9F747F8089F43
:10AF80000446A1F15075CFB900223D4BDDE9020125
:10AF9000F9F73AF822462B4606460F46F9F778FCB1
:10AFA000002840F04B82224605F1004330463946E6
:10AFB000F9F750FC002840F03782B1E0089F2B4B96
:10AFC0007A1E0C9F03EBC203002F5DD0D3E9002350
:10AFD00000202C49F9F7F6FA22462B46F9F714F827
:10AFE000DDE90267DDF81C8004460D46394630462F
:10AFF00001F096FB0090F9F755F902460B463046F2
:10B000003946F9F701F8DDF800C00CF1300308F813
:10B01000013B22462B4606460F46F9F71BFC00284B
:10B0200040F0338332463B4600201249F8F7ECFFEC
:10B0300022462B46F9F70EFC002840F0D4800799F1
:10B04000089AC1EB080393426ADA20462946002297
:10B05000094BF9F78DF9002204460D463046394672
:10B06000054BF9F785F906460F46BFE7B06A0308B6
:10B07000786B03080000F03F0000244000001C40F3
:10B08000000014400000E03FD3E9000122462B46B7
:10B09000F9F76EF9DDF81C80089B079CCDE91601D5
:10B0A000DDE9026798443946304601F039FB054630
:10B0B000F9F7F8F8303502460B4630463946F8F7CE
:10B0C000A3FF04F8015B444506460F4621D1002248
:10B0D000874BDDE91601F8F799FF02460B4630462B
:10B0E0003946F9F7D5FB00287DD1DDE9162300208C
:10B0F0007F49F8F789FF02460B4630463946F9F793
:10B10000A9FB68B1A046013C18F8013C302BF9D0EE
:10B11000BBE20022774BF9F72BF906460F46C2E750
:10B120009DED127B8DED027B199B002B7CDBB9F131
:10B130000E0F79DC704B0E9F03EBC903002FD3E990
:10B14000004514DA049F002F11DC40F06F81204687
:10B1500029460022694BF9F70BF9DDE90223F9F7DB
:10B160008DFB049D2C46002840F062816AE1DDE9F8
:10B170000267DDF81C8022462B4630463946F9F737
:10B1800021FA01F0CDFA0290F9F78CF822462B460D
:10B19000F9F7EEF802460B4630463946F8F734FF29
:10B1A000029F07F1300608F8016B079FC7EB0806FE
:10B1B000049FBE4202460B4629D1F8F727FF2246DC
:10B1C0002B4606460F46F9F763FB70B93046394601
:10B1D00022462B46F9F734FB002800F05882029FE4
:10B1E000FB0702D453E2DDF83C9043469846013B0E
:10B1F00018F8012C392A06D1079F9F42F6D1302238
:10B2000009F101093A701A7801321A703FE20022FE
:10B21000384BF9F7ADF80022002306460F46F9F740
:10B220000FFB0028A7D032E20C9F002F30D00D9FDB
:10B23000012F0ADC159F17B103F2334302E0189B7C
:10B24000C3F136030B9D059E16E0049F7D1E0B9FE8
:10B25000AF4201DB7D1B06E00B9F0B95EB1B109FA4
:10B260001F4410970025049F002F03DA059900233F
:10B27000CE1B01E0059E049B059F1F440597069F7A
:10B2800050461F440121069700F0BBFE044602E031
:10B290000B9D059E0C9C6EB1069F002F0ADD3B4660
:10B2A000059FB342A8BF3346FF1A0597069FFF1AB2
:10B2B000F61A06970B9F002F28DD0C9F07B3002D71
:10B2C00010DD21462A46504600F03CFF04465A460F
:10B2D0002146504600F09EFE59460746504600F073
:10B2E000B0FDBB460B9F7A1B10D0504659460AE072
:10B2F0000000E03F00002440B06A03080000144052
:10B300000B9A5046594600F01DFF834650460121D6
:10B3100000F077FE109F002F054605DD29465046B8
:10B320003A4600F00FFF05460D9F012F12DC0299EF
:10B3300081B9039AC2F3130373B922F000473F0D9A
:10B340003F0557B1059F01370597069F01370697BF
:10B35000012702E0002700E0029F109941B12B690C
:10B3600005EB8303186900F0FFFDC0F1200000E049
:10B370000120069B034413F01F0308D0C3F12002F1
:10B38000042A02DDC3F11C0302E008D013461C337B
:10B39000059A06991A44194405921E440691059A85
:10B3A000002A04DD5946504600F01AFF8346069BEA
:10B3B000002B05DD294650461A4600F011FF0546D0
:10B3C0001199E1B15846294600F05DFF002816DAD0
:10B3D00059460A225046002300F04AFD0C9A09F112
:10B3E000FF3983464AB12146002350460A2200F025
:10B3F0003FFD0A9B0493044601E00A990491049AD4
:10B40000002A29DC0D9B022B26DD8AB9294605225C
:10B41000049B504600F02CFD05462946584600F096
:10B4200032FF00280EDC03E0089D00E000252C46DA
:10B430000E9FDDF81C806FEA07090AE0089DDDF821
:10B440003C902C46079F312307F101083B7009F11E
:10B4500001092746002407E10C99002900F0BB8070
:10B46000002E05DD21465046324600F0B9FE044666
:10B470009FB16168504600F0AFFC22690232064677
:10B4800004F10C0192000C30FCF70AFA50463146E8
:10B49000012200F0A5FE074600E02746079E294648
:10B4A0005846FFF7C7FA214600F1300C804658464F
:10B4B000CDF800C000F0E7FE3A4605902946504618
:10B4C00000F0FEFEC368DDF800C002464BB911462D
:10B4D0005846019200F0D7FE019ADDF800C00346FD
:10B4E00000E00123504611460193CDF800C000F062
:10B4F000A8FC019BDDF800C063B90D9A52B902990E
:10B5000001F0010232B9BCF1390F35D0059B002B97
:10B5100024DC25E00599002902DA002B08DC1FE075
:10B5200023D10D9A0ABB029901F00102EAB9F4E7AE
:10B53000594601225046CDF800C000F051FE294680
:10B54000834600F0A0FE0028DDF800C003DC07D130
:10B550001CF0010F04D0BCF1390F0DD008F1310CF3
:10B5600006F1010886F800C07EE0002B06F1010814
:10B5700009DDBCF1390F03D13923337001365BE0AB
:10B580000CF1010368E0079A04994646C2EB0803F0
:10B590008B4206F801CC3CD059460A220023504683
:10B5A00000F066FCBC428346214650464FF00A023A
:10B5B0004FF0000304D100F05BFC044607466EE741
:10B5C00000F056FC394604460A225046002300F09B
:10B5D0004FFC074663E70C9E58462946FFF72AFAB8
:10B5E000079F00F1300C07F806C0049F0136BE42E9
:10B5F00007DB079E012FACBFF61901362746002452
:10B6000007E0594650460A22002300F031FC8346E9
:10B61000E2E7594601225046CDF800C000F0E0FDB7
:10B620002946834600F02FFE0028DDF800C003DC29
:10B6300014D11CF0010F11D016F8013C392BB04683
:10B6400006F1FF3607D10799B142F5D1312309F14F
:10B6500001090B7008E00133337005E0B046013E8C
:10B6600018F8013C302BF9D05046294600F0E9FB90
:10B670006FB12CB1BC4203D05046214600F0E1FB33
:10B680005046394600F0DDFB01E0DDF83C905046C5
:10B69000594600F0D6FB0023149F88F8003009F1CA
:10B6A00001033B60259F27B1C7F8008001E00348F4
:10B6B00000E007981BB0BDE8F08F00BF8E6903085B
:10B6C0000B78722B30B509D0772B0BD0612B0ED1B4
:10B6D0004FF4027401234FF484701BE000242346CE
:10B6E000042017E04FF4C0640123082012E0162361
:10B6F0000360002030BD622D10D0782D11D02B2D8D
:10B7000007D120F01C0023F0030340F0100043F0A9
:10B71000020301314D78002DEDD105E043F4803373
:10B72000F7E743F40063F4E72343136030BD000000
:10B7300038B5074C00230546084611462360F7F745
:10B7400083F8431C02D1236803B12B6038BD00BFCE
:10B7500024070020F0B506694B11B34200F1140232
:10B7600026DA11F01F0102EB860602EB830401D1F9
:10B77000134616E052F82350C1F1200C0434CD409A
:10B780001346B44209D2276807FA0CF73D4343F841
:10B79000045B54F8045BCD40F3E71D604DB1043306
:10B7A00007E0B44205D254F8041B43F8041BF8E741
:10B7B00013469B1A9B10036103B94361F0BDA0F1CE
:10B7C0003003092B01D820380AE0A0F16103052BD2
:10B7D00001D8473804E0A0F14103052B02D82738EF
:10B7E000C0B27047002070472DE9F04F89B09046F5
:10B7F00005910693039000F0D9FA00680490FCF7D5
:10B8000034FC049B0599029003444FF0000B13F89D
:10B81000013C07930B6802331F4613F8010B3028D5
:10B8200002D10BF1010BF7E7FFF7C9FF0646F8B9A4
:10B8300038460499029AFCF743FC002839D1029B50
:10B84000029DF85C3D44FFF7BAFF002833D02B4639
:10B85000187830281F4603F10103F9D0FFF7AFFF36
:10B86000D0F1010438BF00242E464FF0010B01E057
:10B8700000242646B9464D4609F101092878FFF70C
:10B880009EFF0028F7D128460499029AFCF718FC7D
:10B8900058B95EB9029E2E44B1464D4609F10109E0
:10B8A0002878FFF78CFF0028F7D136B1761BB60059
:10B8B00003E03D4600E0064601242B78502B01D0E2
:10B8C000702B34D16B782B2B05D02D2B05D005F1A7
:10B8D0000109002104E0002100E0012105F1020935
:10B8E00099F800000191FFF76AFF431EDBB2182BA5
:10B8F00001991CD8A0F1100A09F1010399460133FE
:10B9000099F8000001910093FFF759FF421ED2B24F
:10B91000182A0199009B05D80A2202FB0A0AAAF1FB
:10B92000100AEBE709B1CAF1000A564400E0A94643
:10B930000599C1F800902CB1BBF1000F0CBF062097
:10B9400000207DE1EB1B013B2146072B02DD01318D
:10B950005B10FAE7039800F03FFA4FF0000900F19E
:10B96000140A04465346CB46BD4233D96A1E05929B
:10B97000079915F8012C8A4209D0BBF1200F17D185
:10B98000C3F800904FF000090433CB4610E0029A50
:10B990000599C2F1010C8C44BC45EED36046049974
:10B9A0008DE80810FCF78CFB9DE8081080B1E4E7F7
:10B9B00015F8010C0093FFF702FF00F00F0000FAEA
:10B9C0000BF0DDF814C0009B49EA00090BF1040BF1
:10B9D0006546C9E743F8049BCAEB03039B10236148
:10B9E00048465F0100F0C0FAD8F80050381AA84263
:10B9F00026DD471B3946204600F0C8FDC8B17B1E36
:10BA00005A1103F01F014FF001095AF8222009FAD8
:10BA100001F111420ED04B4502DC4FF0020909E062
:10BA20002046B91E00F0B2FD0028F6D04FF0030901
:10BA300000E0814620463946FFF78CFE3E440CE08C
:10BA400009DA2F1A214603983A4600F0C9FBF61B83
:10BA5000044600F1140A4FF00009D8F808309E425D
:10BA600008DD0398214600F0ECF9129A00231360D8
:10BA7000A320E5E0D8F804309E4254DA9E1BAE4283
:10BA80002EDBD8F80C30022B1AD0032B1CD0012B44
:10BA90001DD1AE421BD1012D0BDC0699D8F8043024
:10BAA0000B6001232361CAF80030129B62201C60E6
:10BAB000C6E02046691E00F069FD0028EDD106E0D1
:10BAC000139B002BE9D002E0139B002BE5D10398D8
:10BAD000214600F0B6F9129900230B605020AFE028
:10BAE000771EB9F1000F07D1002F07DD2046394638
:10BAF00000F04CFD814601E04FF001097B1101226D
:10BB00005AF8233007F01F0702FA07F71F423146A1
:10BB1000204618BF49F00209AD1BFFF71BFE0227A4
:10BB2000D8F8046000E00127B9F1000F00F083802D
:10BB3000D8F80C30022B0ED0032B10D0012B78D16B
:10BB400019F0020F75D0DAF8003049EA030919F04C
:10BB5000010F07D16DE0139BC3F101031393139BF6
:10BB6000002B66D0D4F8109004F114034FEA890A30
:10BB700003EB0A01184653F8042BB2F1FF3F02D041
:10BB80000132026021E000228B4243F8042CF1D301
:10BB9000A368994512DB61680398013100F01CF934
:10BBA0002269023204F10C01834692000C30FBF74B
:10BBB00077FE2146039800F044F95C4623695A1C3D
:10BBC00004EB8303226101225A61022F04F1140362
:10BBD00011D1D8F80020013A954227D16A110121EC
:10BBE00005F01F0553F8223001FA05F51D420CBF80
:10BBF00002270F461AE022694A450ADD2046012144
:10BC0000FFF7A8FDD8F8083001369E423FF729AF6C
:10BC10000BE015F01F0508D05344C5F1200553F87B
:10BC2000040C00F0A1F9A842E8DB012747F0200747
:10BC300001E047F01007129B1C60069B38461E600F
:10BC400009B0BDE8F08FC2F10802920070B5C2F1F0
:10BC50002004056850F8043F03FA04F63543D34046
:10BC6000884240F8045C0360F3D370BD2DE9F04FC7
:10BC70000B6885B05E11039013F01F0302EB86067C
:10BC80000293039B18BF0436A6F104081546D3F8A7
:10BC90000090002246F8042C4746444692469346BC
:10BCA00099F8011000293AD008468DE80600FFF700
:10BCB00086FD9DE80600D8B9202912D8DA452BDA8E
:10BCC000BC4205D2072A03DC20463946FFF7BBFFFA
:10BCD000AC4220D9271F002244F8042CDA463C4607
:10BCE0001AE029294CD1039B09F10201196016E0E1
:10BCF0000132082A0BF1010B06DDAC420CD90022FF
:10BD000044F8042C043C0122216800F00F0040EAB2
:10BD10000111216000E0082209F10109C0E7BBF12F
:10BD2000000F2DD0BC4205D2072A03DC204639463D
:10BD3000FFF789FFAC420CD92B4654F8042B43F88B
:10BD4000042B4445F9D9002243F8042B4345FAD982
:10BD50000DE0029B5BB1C3F120094FF0FF3323FAE2
:10BD600009F956F8043C03EA090346F8043C56F87E
:10BD7000043C043E33B9B542F9D101232B6001E004
:10BD8000042000E0052005B0BDE8F08F38B5064C72
:10BD90000023054608462360F4F786FB431C02D1C6
:10BDA000236803B12B6038BD24070020004870478A
:10BDB0004002002038B5074C0546002020600846A8
:10BDC00011461A46F6F72CFD431C02D1236803B135
:10BDD0002B6038BD2407002070B5456A04460E4626
:10BDE0003DB91020F4F788FB60624560856005600E
:10BDF000C560656AEB6843B1636ADA6852F8260089
:10BE000078B1016842F8261017E02046042121226B
:10BE100000F0E0FB636AE860DB68002BECD10020F7
:10BE200070BD012101FA06F56A1D2046920000F05E
:10BE3000D1FB0028F3D04660856000220261C26019
:10BE400070BD70B5446A06460D463CB91020F4F743
:10BE500053FB7062446084600460C4603DB1736AE7
:10BE60006A68DB6853F82210296043F8225070BDDD
:10BE70002DE9F0410C461E460D690746143100239A
:10BE800008681FFA80FC000C02FB0C6C504300EBAE
:10BE90001C4001331FFA8CFC060CAB420CEB00403B
:10BEA00041F8040BECDBD6B1A3689D4212DB61685C
:10BEB00038460131FFF790FF2269023204F10C018C
:10BEC000804692000C30FBF7EBFC21463846FFF72A
:10BED000B8FF444604EB850301355E6125612046C9
:10BEE000BDE8F0812DE9F8431446984603F10802B5
:10BEF00009230D4692FBF3F20646012300219A42E4
:10BF000002DD5B000131FAE73046FFF765FF089B71
:10BF10004361092C4FF001030146036111DD05F176
:10BF200009094F46254417F8013B30460A22303BA9
:10BF3000FFF79EFFAF420146F5D109EB0407083F2A
:10BF400002E005F10A0709242546454509DA3B1BAD
:10BF500030465B5D0A22303BFFF78AFF0135014620
:10BF6000F3E70846BDE8F883030C1B0413B900048B
:10BF7000102300E0002310F07F4F04BF00020833BD
:10BF800010F0704F04BF0001043310F0404F04BFA5
:10BF900080000233002803DB420003D5581C7047A1
:10BFA0001846704720207047036813F007020BD033
:10BFB000D90722D49A0703D55B0803600120704794
:10BFC0009B0803600220704799B209B91B0C10222C
:10BFD00013F0FF0F04BF1B0A0832190704BF1B0927
:10BFE0000432990704BF9B080232D90702D45B08C8
:10BFF00005D00132036010467047002070472020B2
:10C00000704710B50C460121FFF7E6FE012244619E
:10C01000026110BD2DE9F04F16460A6933699A4254
:10C0200085B00D4601DA35460E46D5F810803769E1
:10C03000AB68696808EB07049C42C8BF0131FFF791
:10C04000CBFE00F1140303EB840101911A46DDF8E5
:10C0500004A0524503D2002142F8041BF7E705F182
:10C06000140106F1140201EB880802EB8707CDF8F2
:10C0700008800397039EB242154656D2B5F800C019
:10C080000432BCF1000F25D00F461D46002657F89C
:10C09000049BD5F800801FFA89FB1FFA88FA0CFB75
:10C0A0000BAA4FEA19494FEA1848B2440CFB098819
:10C0B00008EB1A481FFA8AFA4AEA084A4FEA184671
:10C0C000DDF80880AB46B8454BF804AB01D95D46B6
:10C0D000DDE76E6032F8028CB8F1000F23D01E68E5
:10C0E0000F461D464FF00009B7F800A0B5F802C092
:10C0F00008FB0ACCE144B6B2AC4646EA09464CF825
:10C10000046B57F8046BB5F804A0360C08FB06A6C0
:10C11000DDF808A006EB194657454FEA164901D24B
:10C120006546E1E76E600433A4E7019B002C03DC65
:10C13000046105B0BDE8F08F53F8042D002AF7D153
:10C14000013CF3E712F003032DE9F04105460E46EA
:10C15000174607D0013B214A52F823200023FFF75E
:10C1600087FE0646BF1035D06C6A3CB91020F4F744
:10C17000C3F96862446084600460C460D5F82480B8
:10C18000D8F808407CB9284640F27121FFF739FF02
:10C190000023C8F808000446036004E07F1019D0AB
:10C1A000206870B10446FB07F8D531462246284680
:10C1B000FFF730FF314680462846FFF742FE4646ED
:10C1C000ECE7284621462246FFF724FF00232060A3
:10C1D0000360E7E73046BDE8F08100BFA06B0308CD
:10C1E0002DE9F0470C464FEA621A236949680AEBC9
:10C1F0000309A3688046154609F101079F4202DD45
:10C2000001315B00FAE74046FFF7E6FD00230646F2
:10C2100000F11402534504DA002142F823100133DF
:10C22000F8E720692AEAEA7104F1140315F01F0CFB
:10C2300002EB810103EB800E16D0CCF1200A002521
:10C2400018680A4600FA0CF0054342F8045B53F8FC
:10C25000045B734525FA0AF501D21146F0E74D60FB
:10C2600045B109F1020705E053F8042B41F8042B0E
:10C270007345F9D3013F404637612146FFF7E1FDA1
:10C280003046BDE8F08702690B69D21A10B513D1A8
:10C290009C00143001F114020319224453F8044D98
:10C2A00052F8041D8C4203D008D24FF0FF3010BD6D
:10C2B0009842F3D3002010BD104610BD012010BDE0
:10C2C0002DE9F04706460C46084611461546FFF78D
:10C2D000DAFF071E08D130463946FFF77DFD0123FE
:10C2E00003614761BDE8F08701DB002703E02346D7
:10C2F00001272C461D4661683046FFF76DFD226917
:10C300002B69C760143405F1140606EB830A04EBAD
:10C31000820C00F11403002154F8047B56F8049BAE
:10C3200011FA87F11FFA89F54FEA1949C5EB01089F
:10C33000C9EB174707EB28471FFA88F83914B245AD
:10C3400048EA0747254643F8047BE5D865450DD202
:10C3500055F8044B11FA84F6240C04EB2644B6B2CB
:10C36000211446EA044443F8044BEFE753F8041D54
:10C3700009B9013AFAE70261BDE8F08753EC102BE6
:10C3800023F000431B0D1B05A3F15071002901DDB3
:10C390000B4609E04942091513294FF0000305DC5B
:10C3A0004FF4002040FA01F3002209E032294FF057
:10C3B0000100DABFC1F1330100FA01F101460A467A
:10C3C00043EC102B70472DE9F041066900F114078A
:10C3D00007EB8606884656F8044C2046FFF7C4FD56
:10C3E000C0F120030A28A6F10405C8F8003014DCC7
:10C3F000BD42C0F10B0188BF56F8085C24FA01FC6D
:10C4000098BF002515304CF07F5325FA01F1844088
:10C4100043F4401341EA040224E0BD4286BFA6F182
:10C42000080556F8081C0021B0F10B0615D0B440E1
:10C43000C0F12B0044F07F5444F4401421FA00FC76
:10C44000BD4244EA0C038CBF55F8044C002424FA86
:10C4500000F0B14040EA010204E044F07F5343F4AD
:10C4600040130A4643EC102BBDE8F0812DE9F74359
:10C470008946012155EC104B9046FFF7ADFCC5F302
:10C480000A570646C5F313030FB143F48013019313
:10C49000D4B102A840F8084D6846FFF785FD009B1F
:10C4A00048B1019AC0F1200102FA01F10B43C240E8
:10C4B0007361019200E07361019BB361002B0CBFBB
:10C4C00001240224346107E001A8FFF76DFD012477
:10C4D000019B7361346120303FB1A7F233470744B9
:10C4E000C9F80070C0F135000AE006EB8403A0F241
:10C4F0003240C9F800001869FFF736FDC0EB441060
:10C50000C8F80000304603B0BDE8F0832DE9F341E0
:10C510000E4669468046FFF756FF304601A955ECA6
:10C52000104BFFF750FF0199009FD8F810007F1AB9
:10C530003169411A07EB4111002953EC102BCCBF94
:10C5400005EB0155A3EB015320462946F8F73AF8CD
:10C5500041EC100B02B0BDE8F08110B5013902F1D9
:10C56000140349111269013100EB810103EB8202CE
:10C57000934204D253F8044B40F8044BF8E7884246
:10C5800003D2002340F8043BF9E710BD00F1140288
:10C5900000694B11834210B50CDC0CDA11F01F015D
:10C5A00009D052F8230020FA01F404FA01F1814283
:10C5B0000ED100E0034602EB83039342194605D9EE
:10C5C00051F8041C043B0029F7D001E0002010BD05
:10C5D000012010BD38B502FB01F42146FBF7D0F96C
:10C5E000054618B100212246FBF77EF9284638BDE2
:10C5F000F8B5064614460D4621B91146BDE8F84087
:10C60000FBF7BEB91AB9FBF777F92046F8BD00F081
:10C610007DF8A0420ED230462146FBF7B1F907461D
:10C6200050B129462246FBF73BF930462946FBF735
:10C6300063F901E02846F8BD3846F8BD38B5074C27
:10C64000054600202060084611461A46F6F7B6F85F
:10C65000431C02D1236803B12B6038BD240700209E
:10C6600051EC100B31F0004310B500D178B10C4AF9
:10C67000A3F5801494420CD9B3F5801F0BD3094A5B
:10C6800093420AD1D0F1010038BF002010BD022032
:10C6900010BD042010BD032010BD002010BD00BF40
:10C6A000FFFFDF7F0000F07FF0B50B785E2B02D03C
:10C6B0004C1C002102E08C1C4B780121002281548B
:10C6C0000132B2F5807FFAD10BB9651E1CE0C1F1D1
:10C6D0000107FEB2C654621C12F8011C2D2902F19A
:10C6E000FF35144604D05D290DD069B10B46F0E743
:10C6F00015785D2DFAD09D42F8DB0133AB42C6546C
:10C70000FBDB0232E8E715462846F0BD51F8040C81
:10C71000002802DA04390B58184404387047000026
:10C720004FEA410212F5001215D211D56FF4787359
:10C73000B3EB625212D94FEAC12343F0004343EAFC
:10C74000505311F0004F23FA02F018BF40427047D7
:10C750004FF00000704750EA013005D111F0004061
:10C7600008BF6FF0004070474FF00000704700BFF7
:10C77000F8B500BFF8BC08BC9E467047F8B500BFCE
:10C78000F8BC08BC9E467047232054686973206932
:10C7900073206120706C61636520666F722074681D
:10C7A00065207573657220746F20737065636966A8
:10C7B00079207468656972206F776E2027666972C8
:10C7C0006D272064656661756C74732061742063E5
:10C7D0006F6D70696C652074696D650D0A23204F5B
:10C7E0006E652063616E20616C736F2075736520C8
:10C7F0007468697320617320746865207072696D54
:10C8000061727920636F6E666967207379737465EE
:10C810006D20696620616E207364636172642069B3
:10C820007320756E617661696C61626C650D0A23B7
:10C830002054686520666F726D6174206F66207485
:10C840006869732066696C65206973206964656E28
:10C85000746963616C20746F2074686174206F6602
:10C860002061206E6F726D616C20636F6E66696708
:10C870002066696C650D0A230D0A2320746F2068F9
:10C88000617665206769742069676E6F72652074D0
:10C890006869732066696C6520736F20796F7520F5
:10C8A00063616E206B65657020796F7572206F779C
:10C8B0006E2064656661756C747320696E206865AE
:10C8C00072652074686174206172650D0A2320709E
:10C8D0007265736572766564207468726F756768D7
:10C8E00020757064617465732072756E2074686958
:10C8F0007320636F6D6D616E643A0D0A2320676962
:10C9000074207570646174652D696E646578202D7E
:10C910002D617373756D652D756E6368616E6765E6
:10C9200064207372632F636F6E6669672E64656639
:10C9300061756C740D0A230D0A0D0A6F6E5F626FCC
:10C940006F745F67636F64655F656E61626C6520BD
:10C9500020202020202020202020202020202020D7
:10C96000202020202020202066616C73650D0A6D38
:10C970006D5F7065725F6172635F7365676D656E31
:10C980007420202020202020202020202020202053
:10C99000202020202020202020202020302E352064
:10C9A0000D0A0D0A2320526F626F74206D6F64753B
:10C9B0006C6520636F6E66696775726174696F6E0E
:10C9C00073203A2067656E6572616C2068616E64E1
:10C9D0006C696E67206F66206D6F76656D656E742D
:10C9E00020472D636F64657320616E6420736C69EA
:10C9F00063696E6720696E746F206D6F7665730D65
:10CA00000A64656661756C745F666565645F726112
:10CA1000746520202020202020202020202020207D
:10CA200020202020202020202020202020203630E0
:10CA300030303020202020202020202020202023C3
:10CA40002044656661756C742072617465202820CD
:10CA50006D6D2F6D696E757465202920666F72206B
:10CA600047312F47322F4733206D6F7665730D0A9C
:10CA700064656661756C745F7365656B5F72617424
:10CA80006520202020202020202020202020202061
:10CA90002020202020202020202020202036303060
:10CAA0003030202020202020202020202020232063
:10CAB00044656661756C7420726174652028206D10
:10CAC0006D2F6D696E757465202920666F72204721
:10CAD00030206D6F7665730D0A0D0A232041726D4B
:10CAE00020736F6C7574696F6E20636F6E66696713
:10CAF00075726174696F6E203A2043617274657358
:10CB000069616E20726F626F742E205472616E7351
:10CB10006C61746573206D6D20706F736974696FDB
:10CB20006E7320696E746F20737465707065722007
:10CB3000706F736974696F6E730D0A616C706861F0
:10CB40005F73746570735F7065725F6D6D20202018
:10CB500020202020202020202020202020202020D5
:10CB6000202020202020202033312E393420202066
:10CB70002020202020202020202320537465707343
:10CB800020706572206D6D20666F7220616C706818
:10CB9000612073746570706572202320312F3820F6
:10CBA0007374657070696E672C203235543F2C2089
:10CBB000312E38646567202320746869732076619C
:10CBC0006C75652063616E2062652066696E652004
:10CBD00074756E6564207573696E67204D393220F7
:10CBE000696E20454E41424C455F434F4D4D414E8D
:10CBF000440D0A626574615F73746570735F70657C
:10CC0000725F6D6D202020202020202020202020F9
:10CC10002020202020202020202020202020202014
:10CC200033312E39342020202020202020202020A5
:10CC3000202320537465707320706572206D6D2001
:10CC4000666F7220626574612073746570706572BE
:10CC50000D0A67616D6D615F73746570735F7065F8
:10CC6000725F6D6D20202020202020202020202099
:10CC700020202020202020202020202020202034A0
:10CC80002E34343434202020202020202020202046
:10CC90002320537465707320706572206D6D20665B
:10CCA0006F722067616D6D6120737465707065725D
:10CCB0000D0A0D0A2320506C616E6E6572206D6F37
:10CCC00064756C6520636F6E6669677572617469FF
:10CCD0006F6E203A204C6F6F6B2D61686561642028
:10CCE000616E6420616363656C65726174696F6E07
:10CCF00020636F6E66696775726174696F6E0D0A85
:10CD0000706C616E6E65725F71756575655F736974
:10CD10007A65202020202020202020202020202074
:10CD200020202020202020202020202020313238C8
:10CD300020202020202020202020202020202320F0
:10CD40006163636F7264696E6720746F20417274EF
:10CD500068757220746869732076616C75652063EC
:10CD6000616E20626520696E63726561736564201F
:10CD7000756E74696C2074686520636F6E74726F71
:10CD80006C6C65722072756E73206F7574206F669F
:10CD9000206D656D6F72790D0A20202020202020E3
:10CDA0002020202020202020202020202020202083
:10CDB0002020202020202020202020202020202073
:10CDC0002020202020202020202020202020202063
:10CDD00020202020202020232041742070726573A1
:10CDE000656E74206561636820656C656D656E7441
:10CDF0002072657175697265732039326279746564
:10CE0000204142483020616E6420343030627974B1
:10CE10006520686561702E2041484230206973208A
:10CE2000746865206C696D6974696E6720666163FA
:10CE3000746F720D0A202020202020202020202026
:10CE400020202020202020202020202020202020E2
:10CE500020202020202020202020202020202020D2
:10CE600020202020202020202020202020202020C2
:10CE7000202020232062757420636F756C6420620B
:10CE800065207368696674656420696620737461DF
:10CE9000636B206F72206F746865727320776F7593
:10CEA0006C64206265207368696674656420746FC1
:10CEB0002043434D0D0A616363656C65726174695B
:10CEC0006F6E2020202020202020202020202020C5
:10CED0002020202020202020202020202020202052
:10CEE00020202031303030302020202020202020F1
:10CEF000202020202320416363656C657261746982
:10CF00006F6E20696E206D6D2F7365636F6E642F79
:10CF10007365636F6E642E0D0A7A5F616363656C7F
:10CF200065726174696F6E202020202020202020EF
:10CF300020202020202020202020202020202020F1
:10CF40002020202020203830303020202020202099
:10CF5000202020202020202320416363656C6572FF
:10CF60006174696F6E20666F72205A206F6E6C79E3
:10CF7000206D6F76657320696E206D6D2F735E3244
:10CF80002C2030207573657320616363656C657256
:10CF90006174696F6E2077686963682069732074B3
:10CFA00068652064656661756C742E20444F204E60
:10CFB0004F5420534554204F4E20412044454C545B
:10CFC000410D0A616363656C65726174696F6E5FC0
:10CFD0007469636B735F7065725F7365636F6E64B2
:10CFE0002020202020202020202020202020202041
:10CFF00031303030202020202020202020202020F0
:10D000002023204E756D626572206F662074696DF5
:10D01000657320706572207365636F6E6420746839
:10D020006520737065656420697320757064617430
:10D0300065640D0A6A756E6374696F6E5F64657608
:10D04000696174696F6E202020202020202020201C
:10D0500020202020202020202020202020202020D0
:10D0600020302E303035202020202020202020206D
:10D070002020232053696D696C617220746F2074C5
:10D080006865206F6C6420226D61785F6A65726BE1
:10D09000222C20696E206D696C6C696D65746572F7
:10D0A000732C0D0A2020202020202020202020204A
:10D0B0002020202020202020202020202020202070
:10D0C0002020202020202020202020202020202060
:10D0D0002020202020202020202020202020202050
:10D0E000202023207365652068747470733A2F2F95
:10D0F0006769746875622E636F6D2F6772626C2F3B
:10D100006772626C2F626C6F622F6D6173746572EF
:10D110002F706C616E6E65722E630D0A20202020C8
:10D1200020202020202020202020202020202020FF
:10D1300020202020202020202020202020202020EF
:10D1400020202020202020202020202020202020DF
:10D15000202020202020202020202320616E6420F9
:10D1600068747470733A2F2F6769746875622E63E0
:10D170006F6D2F6772626C2F6772626C2F77696BAD
:10D18000692F436F6E6669677572696E672D4772A6
:10D19000626C2D76302E380D0A2020202020202091
:10D1A000202020202020202020202020202020207F
:10D1B000202020202020202020202020202020206F
:10D1C000202020202020202020202020202020205F
:10D1D0002020202020202023204C6F77657220768D
:10D1E000616C756573206D65616E206265696E673F
:10D1F000206D6F7265206361726566756C2C2068A6
:10D2000069676865722076616C756573206D65610C
:10D210006E73206265696E670D0A20202020202031
:10D2200020202020202020202020202020202020FE
:10D2300020202020202020202020202020202020EE
:10D2400020202020202020202020202020202020DE
:10D250002020202020202020232066617374657206
:10D2600020616E642068617665206D6F7265206A4A
:10D2700065726B0D0A237A5F6A756E6374696F6EEF
:10D280005F646576696174696F6E202020202020BC
:10D29000202020202020202020202020202020208E
:10D2A000202020302E30303520202020202020202B
:10D2B0002020202320666F72205A206F6E6C792008
:10D2C0006D6F7665732C202D312075736573206A20
:10D2D000756E6374696F6E5F646576696174696F9A
:10D2E0006E2C207A65726F2064697361626C65735D
:10D2F000206A756E6374696F6E5F646576696174C8
:10D30000696F6E206F6E207A206D6F766573204492
:10D310004F204E4F5420534554204F4E204120441F
:10D32000454C54410D0A0D0A2320537465707065F5
:10D3300072206D6F64756C6520636F6E66696775CA
:10D34000726174696F6E0D0A6D6963726F736563E4
:10D350006F6E64735F7065725F737465705F707514
:10D360006C736520202020202020202020202020D9
:10D37000202020202031202020202020202020209C
:10D3800020202020202023204475726174696F6E54
:10D39000206F6620737465702070756C73657320E0
:10D3A000746F20737465707065722064726976653D
:10D3B00072732C20696E206D6963726F7365636F81
:10D3C0006E64730D0A626173655F73746570706972
:10D3D0006E675F6672657175656E637920202020C7
:10D3E000202020202020202020202020202020203D
:10D3F00020203230303030302020202020202020CB
:10D400002020202320426173652066726571756556
:10D410006E637920666F72207374657070696E67D1
:10D420002C20686967686572206769766573207368
:10D430006D6F6F74686572206D6F76656D656E7463
:10D440000D0A0D0A232043617274657369616E20B1
:10D4500061786973207370656564206C696D6974A7
:10D46000730D0A785F617869735F6D61785F7370BF
:10D4700065656420202020202020202020202020DE
:10D48000202020202020202020202020202020209C
:10D490003133303030302020202020202020202028
:10D4A0002023206D6D2F6D696E202D206163636FC9
:10D4B0007264696E6720746F2068747470733A2F99
:10D4C0002F736D6F6F74686965776172652E6F7207
:10D4D000672F6D6F74696F6E2D636F6E74726F6CF2
:10D4E0002074686973206973206571756976616C51
:10D4F000656E7420746F20616C706861206F6E209F
:10D5000063617274657369616E206D6173636869CC
:10D510006E6573202D206B65657020686967680DE6
:10D520000A795F617869735F6D61785F73706565B3
:10D5300064202020202020202020202020202020A7
:10D5400020202020202020202020202020203130BA
:10D550003030303020202020202020202020202388
:10D56000206D6D2F6D696E0D0A7A5F617869735F4A
:10D570006D61785F73706565642020202020202015
:10D58000202020202020202020202020202020209B
:10D590002020202020203132353030302020202023
:10D5A0002020202020202023206D6D2F6D696E0DFE
:10D5B0000A0D0A232053746570706572206D6F64C4
:10D5C000756C652070696E73202820706F7274739B
:10D5D0002C20616E642070696E206E756D626572BC
:10D5E000732C20617070656E64696E672022212241
:10D5F00020746F20746865206E756D626572207787
:10D60000696C6C20696E7665727420612070696E39
:10D6100020290D0A232043484D5420352E333A4CFF
:10D620004665656465725374657020352E343A59C9
:10D630005374657020352E353A5853746570203513
:10D640002E303A215844697220352E313A215944FE
:10D65000697220352E323A4C4665656465724469BC
:10D66000720D0A232043484D5420352E383A5A442F
:10D67000697220352E31333A5A5374657020352E35
:10D68000393A214C4E6F7A7A6C6544697220352E96
:10D6900031343A4C4E6F7A7A6C655374657020352C
:10D6A0002E31303A21524E6F7A7A6C65446972207D
:10D6B000352E31353A524E6F7A7A6C6553746570F7
:10D6C0000D0A0D0A23205820617869730D0A616CD8
:10D6D0007068615F737465705F70696E20202020D0
:10D6E000202020202020202020202020202020203A
:10D6F0002020202020202020202020352E352020F2
:10D70000202020202020202020202020232050699D
:10D710006E20666F7220616C706861207374657032
:10D720007065722073746570207369676E616C2018
:10D7300023205442440D0A616C7068615F64697211
:10D740005F70696E202020202020202020202020B3
:10D7500020202020202020202020202020202020C9
:10D7600020202020352E3021202020202020202085
:10D770002020202020232050696E20666F722061B7
:10D780006C70686120737465707065722064697272
:10D79000656374696F6E0D0A616C7068615F656EB8
:10D7A0005F70696E20202020202020202020202053
:10D7B0002020202020202020202020202020202069
:10D7C0002020202020362E31212020202020202023
:10D7D000202020202020232050696E20666F722098
:10D7E000616C70686120656E61626C652070696E45
:10D7F00020232058595A20454E0D0A616C706861EB
:10D800005F6D61785F726174652020202020202088
:10D810002020202020202020202020202020202008
:10D8200020202020202020203133303030302E3076
:10D8300020202020202020202023206D6D2F6D69A6
:10D840006E2031333230303020646964207374616B
:10D850006C6C20283232303020696E204F70656E3B
:10D86000506E50290D0A616C7068615F6163636579
:10D870006C65726174696F6E20202020202020204A
:10D880002020202020202020202020202020202098
:10D8900020202032343030302E3020202020202014
:10D8A0002020202023203234353030206469642049
:10D8B0007374616C6C3B20323430303020646F659F
:10D8C00073206E6F7420757375616C6C792073743E
:10D8D000616C6C0D0A0D0A23205920617869730D63
:10D8E0000A626574615F737465705F70696E202091
:10D8F0002020202020202020202020202020202028
:10D900002020202020202020202020202020352EF4
:10D9100034202020202020202020202020202023F0
:10D920002050696E20666F72206265746120737486
:10D9300065707065722073746570207369676E61BD
:10D940006C0D0A626574615F6469725F70696E2054
:10D9500020202020202020202020202020202020C7
:10D9600020202020202020202020202020202020B7
:10D97000352E312120202020202020202020202072
:10D9800020232050696E20666F72206265746120CA
:10D990007374657070657220646972656374696F11
:10D9A0006E0D0A626574615F656E5F70696E20203E
:10D9B0002020202020202020202020202020202067
:10D9C0002020202020202020202020202020202057
:10D9D0006E632020202020202020202020202020B6
:10D9E00020232050696E20666F722062657461206A
:10D9F000656E61626C65202320756E757365640DBC
:10DA00000A626574615F6D61785F72617465202080
:10DA10002020202020202020202020202020202006
:10DA200020202020202020202020202020203130D5
:10DA3000303030302E302020202020202020202385
:10DA4000206D6D2F6D696E2031303230303020699D
:10DA500073206F6B20283137303020696E204F7073
:10DA6000656E506E5029205920697320616363658B
:10DA70006C65726174696F6E206C696D6974656440
:10DA80002C206E6F74207370656564206C696D69FD
:10DA90007465640D0A626574615F616363656C65DA
:10DAA000726174696F6E20202020202020202020A9
:10DAB0002020202020202020202020202020202066
:10DAC0002020373030302E302020202020202020F1
:10DAD000202020232038323530206469642073747C
:10DAE000616C6C3B203738373520646F6573206E6E
:10DAF0006F7420757375616C6C79207374616C6CD4
:10DB00000D0A0D0A23205A20617869730D0A676196
:10DB10006D6D615F737465705F70696E2020202089
:10DB200020202020202020202020202020202020F5
:10DB30002020202020202020202020352E3133209E
:10DB40002020202020202020202020202320506959
:10DB50006E20666F722067616D6D612073746570F1
:10DB60007065722073746570207369676E616C0DE7
:10DB70000A67616D6D615F6469725F70696E202014
:10DB80002020202020202020202020202020202095
:10DB90002020202020202020202020202020352E62
:10DBA000382020202020202020202020202020235A
:10DBB0002050696E20666F722067616D6D61207301
:10DBC00074657070657220646972656374696F6EE4
:10DBD0000D0A67616D6D615F656E5F70696E202013
:10DBE0002020202020202020202020202020202035
:10DBF000202020202020202020202020202020360F
:10DC00002E302120202020202020202020202020F5
:10DC1000232050696E20666F722067616D6D6120F0
:10DC2000656E61626C6520232042434420454E0DA1
:10DC30000A67616D6D615F6D61785F726174652007
:10DC400020202020202020202020202020202020D4
:10DC500020202020202020202020202020203132A1
:10DC6000353030302E30202020202020202020234E
:10DC7000206D6D2F6D696E204347523A2049206315
:10DC80006F756C646E27742067657420616E7920EF
:10DC900066617374657220696E204F70656E506E98
:10DCA00050207468616E207769746820323030309B
:10DCB00020283132303030302068657265290D0AF5
:10DCC00067616D6D615F616363656C6572617469E5
:10DCD0006F6E2020202020202020202020202020A7
:10DCE0002020202020202020202020202033313000
:10DCF00030302E30202020202020202020202320E3
:10DD0000202020202020204347523A204920636FC2
:10DD1000756C646E27742067657420616E79206667
:10DD2000617374657220696E204F70656E506E501D
:10DD3000207468616E207769746820333030303029
:10DD40000D0A0D0A23204120617869733A204E3173
:10DD500020726F746174696F6E0D0A64656C746112
:10DD60005F73746570735F7065725F6D6D202020E6
:10DD700020202020202020202020202020202020A3
:10DD80002020202020202020342E34343434202021
:10DD900020202020202020202023207374657073F1
:10DDA00020706572206465677265653A203136308F
:10DDB000C2B020706572207265762E2040302E39F8
:10DDC000C2B02073746570706572203D20343030AD
:10DDD0002073746570732F313630C2B020782031D3
:10DDE00036206D6963726F73203D2034300D0A64F4
:10DDF000656C74615F737465705F70696E2020205C
:10DE00002020202020202020202020202020202012
:10DE1000202020202020202020202020352E3134BA
:10DE200020202020202020202020202020232050BF
:10DE3000696E20666F722064656C7461207374650E
:10DE4000707065722073746570207369676E616CA1
:10DE50000D0A64656C74615F6469725F70696E203D
:10DE600020202020202020202020202020202020B2
:10DE7000202020202020202020202020202020358D
:10DE80002E3921202020202020202020202020206A
:10DE9000232050696E20666F722064656C74612067
:10DEA0007374657070657220646972656374696FFC
:10DEB0006E0D0A64656C74615F656E5F70696E20DB
:10DEC0002020202020202020202020202020202052
:10DED0002020202020202020202020202020202042
:10DEE0006E632020202020202020202020202020A1
:10DEF00020232050696E20666F722064656C746107
:10DF000020656E61626C650D0A64656C74615F63A7
:10DF1000757272656E742020202020202020202021
:10DF200020202020202020202020202020202020F1
:10DF3000202020202020302E3520202020202020AE
:10DF40002020202020202023205A20737465707008
:10DF50006572206D6F746F722063757272656E7476
:10DF60000D0A615F617869735F6D61785F737065D9
:10DF70006564202020202020202020202020202018
:10DF80002020202020202020202020202020203180
:10DF9000323030303020202020202020202020202F
:10DFA0002320C2B02F6D696E0D0A64656C74615FC9
:10DFB0006D61785F72617465202020202020202010
:10DFC0002020202020202020202020202020202051
:10DFD00020202020202020313230303030202020DE
:10DFE00020202020202020202320C2B02F6D696E09
:10DFF0000D0A64656C74615F616363656C65726171
:10E0000074696F6E202020202020202020202020D6
:10E0100020202020202020202020202020202031EF
:10E0200030303030302020202020202020202020A0
:10E030002320C2B02F7365635E320D0A64656C7471
:10E04000615F656E61626C652020202020202020A9
:10E0500020202020202020202020202020202020C0
:10E06000202020202020202020747275650D0A0DAC
:10E070000A23204220617869733A204E3220726F61
:10E08000746174696F6E0D0A657073696C6F6E5F91
:10E0900073746570735F7065725F6D6D20202020F2
:10E0A0002020202020202020202020202020202070
:10E0B0002020202020342E343434342020202020EE
:10E0C0002020202020202320737465707320706529
:10E0D00072206D6D20666F7220657073696C6F6E53
:10E0E00020737465707065723A20386D6D2073709E
:10E0F000696E646C65204020312E38C2B020737484
:10E100006570706572203D20323030207374657008
:10E11000732F386D6D2078203136206D6963726FF2
:10E1200073203D203430300D0A657073696C6F6E5A
:10E130005F737465705F70696E202020202020203E
:10E1400020202020202020202020202020202020CF
:10E15000202020202020352E313520202020202076
:10E1600020202020202020232050696E20666F72FE
:10E170002064656C746120737465707065722073BF
:10E18000746570207369676E616C0D0A65707369E0
:10E190006C6F6E5F6469725F70696E202020202052
:10E1A000202020202020202020202020202020206F
:10E1B000202020202020202020352E31302120201A
:10E1C00020202020202020202020232050696E2085
:10E1D000666F722064656C7461207374657070651D
:10E1E0007220646972656374696F6E0D0A6570737D
:10E1F000696C6F6E5F656E5F70696E2020202020F5
:10E20000202020202020202020202020202020200E
:10E21000202020202020202020206E63202020206D
:10E220002020202020202020202020232050696E24
:10E2300020666F722064656C746120656E61626C2B
:10E24000650D0A657073696C6F6E5F6375727265D8
:10E250006E7420202020202020202020202020201C
:10E2600020202020202020202020202020202020AE
:10E27000302E35202020202020202020202020206B
:10E280002023205A2073746570706572206D6F743E
:10E290006F722063757272656E740D0A625F6178C9
:10E2A00069735F6D61785F737065656420202020FD
:10E2B000202020202020202020202020202020205E
:10E2C00020202020202020202031323030303020EB
:10E2D0002020202020202020202023206D6D2F6D45
:10E2E000696E0D0A657073696C6F6E5F6D61785F42
:10E2F00072617465202020202020202020202020F2
:10E30000202020202020202020202020202020200D
:10E31000203132303030302020202020202020209A
:10E32000202023206D6D2F6D696E0D0A6570736955
:10E330006C6F6E5F616363656C65726174696F6E4B
:10E3400020202020202020202020202020202020CD
:10E35000202020202020202020313030303030205C
:10E360002020202020202020202023206D6D2F73AE
:10E3700065635E320D0A657073696C6F6E5F656E02
:10E3800061626C6520202020202020202020202079
:10E39000202020202020202020202020202020207D
:10E3A000202020747275650D0A0D0A232043206118
:10E3B0007869733A204C5045454C45520D0A7A65B0
:10E3C00074615F73746570735F7065725F6D6D20EB
:10E3D000202020202020202020202020202020203D
:10E3E000202020202020202020202036392E3236C8
:10E3F00034322020202020202020202023206D6166
:10E400007920626520737465707320706572206472
:10E41000656772656520666F72206578616D706CE6
:10E42000650D0A7A6574615F737465705F70696EFB
:10E4300020202020202020202020202020202020DC
:10E4400020202020202020202020202020202020CC
:10E45000352E332020202020202020202020202086
:10E4600020232050696E20666F722064656C746191
:10E4700020737465707065722073746570207369A1
:10E48000676E616C0D0A7A6574615F6469725F70B2
:10E49000696E2020202020202020202020202020E5
:10E4A000202020202020202020202020202020206C
:10E4B000202020352E322020202020202020202027
:10E4C00020202020232050696E20666F7220646512
:10E4D0006C74612073746570706572206469726514
:10E4E0006374696F6E0D0A7A6574615F656E5F7043
:10E4F000696E202020202020202020202020202085
:10E50000202020202020202020202020202020200B
:10E51000202020206E63202020202020202020206A
:10E520002020202020232050696E20666F722064F6
:10E53000656C746120656E61626C650D0A7A657444
:10E54000615F63757272656E742020202020202028
:10E5500020202020202020202020202020202020BB
:10E5600020202020202020202020302E3520202078
:10E57000202020202020202020202023205A20730B
:10E58000746570706572206D6F746F722063757240
:10E5900072656E740D0A7A6574615F6D61785F7281
:10E5A0006174652020202020202020202020202091
:10E5B000202020202020202020202020202020205B
:10E5C00020202031333030303020202020202020E7
:10E5D0002020202023206D6D2F6D696E202D20734B
:10E5E00065742076616C7565732061732068696756
:10E5F000682061732074686520582D6178697320E4
:10E600006C696D697473206173207468652070652E
:10E61000656C6572207368616C6C206E6F74206C21
:10E62000696D697420746865206D6F76656D656EBF
:10E63000742073706565640D0A7A6574615F616347
:10E6400063656C65726174696F6E202020202020E4
:10E6500020202020202020202020202020202020BA
:10E660002020202020203234303030202020202054
:10E670002020202020202023206D6D2F7365635ED5
:10E68000320D0A7A6574615F656E61626C65202087
:10E69000202020202020202020202020202020207A
:10E6A000202020202020202020202020202020206A
:10E6B000747275650D0A0D0A232044206178697310
:10E6C0003A20525045454C45520D0A6574615F73BE
:10E6D000746570735F7065725F6D6D2020202020FF
:10E6E000202020202020202020202020202020202A
:10E6F000202020202020202036392E32363432208F
:10E7000020202020202020202023206D61792062DD
:10E71000652073746570732070657220646567721C
:10E72000656520666F72206578616D706C650D0A95
:10E730006574615F737465705F70696E202020205E
:10E7400020202020202020202020202020202020C9
:10E7500020202020202020202020202020352E377F
:10E7600020202020202020202020202020202320A6
:10E7700050696E20666F722064656C7461207374DA
:10E7800065707065722073746570207369676E615F
:10E790006C0D0A6574615F6469725F70696E202038
:10E7A0002020202020202020202020202020202069
:10E7B0002020202020202020202020202020202059
:10E7C000352E362020202020202020202020202010
:10E7D00020232050696E20666F722064656C74611E
:10E7E0002073746570706572206469726563746902
:10E7F0006F6E0D0A6574615F656E5F70696E2020D3
:10E800002020202020202020202020202020202008
:10E8100020202020202020202020202020202020F8
:10E82000206E632020202020202020202020202057
:10E830002020232050696E20666F722064656C74FE
:10E840006120656E61626C650D0A6574615F637558
:10E850007272656E7420202020202020202020202D
:10E8600020202020202020202020202020202020A8
:10E8700020202020202020302E3520202020202065
:10E88000202020202020202023205A20737465700F
:10E89000706572206D6F746F722063757272656E31
:10E8A000740D0A6574615F6D61785F7261746520D3
:10E8B0002020202020202020202020202020202058
:10E8C0002020202020202020202020202020202048
:10E8D00031333030303020202020202020202020D4
:10E8E0002023206D6D2F6D696E202D20736574209F
:10E8F00076616C7565732061732068696768206153
:10E90000732074686520582D61786973206C696D77
:10E9100069747320617320746865207065656C6527
:10E9200072207368616C6C206E6F74206C696D6905
:10E930007420746865206D6F76656D656E742073E4
:10E94000706565640D0A6574615F616363656C651C
:10E95000726174696F6E20202020202020202020EA
:10E9600020202020202020202020202020202020A7
:10E970002020203234303030202020202020202041
:10E980002020202023206D6D2F7365635E320D0AD9
:10E990006574615F656E61626C65202020202020B7
:10E9A0002020202020202020202020202020202067
:10E9B000202020202020202020202020207472755C
:10E9C000650D0A0D0A232053657269616C20636F1F
:10E9D0006D6D756E69636174696F6E7320636F6EC0
:10E9E00066696775726174696F6E2028206261754F
:10E9F0006420726174652064656661756C7420744E
:10EA00006F203936303020696620756E646566691E
:10EA10006E656420290D0A75617274302E6261750D
:10EA2000645F726174652020202020202020202037
:10EA300020202020202020202020202020202020D6
:10EA4000202020203131353230302020202020205D
:10EA5000202020202023204261756420726174658B
:10EA600020666F72207468652064656661756C74D9
:10EA70002068617264776172652073657269616C88
:10EA800020706F72740D0A7274735F6374735F68C1
:10EA9000616E647368616B65202020202020202037
:10EAA0002020202020202020202020202020202066
:10EAB0002020202030202020202020202020202046
:10EAC00020202020202320303A206E6F20525453E3
:10EAD0002F4354532068616E647368616B652C200A
:10EAE000626F74682073657269616C20706F7274F4
:10EAF000730D0A20202020202020202020202020EC
:10EB00002020202020202020202020202020202005
:10EB100020202020202020202020202020202020F5
:10EB200020202020202020202020202020202020E5
:10EB3000202320313A2076657370616D616E7320F9
:10EB40005254532F435453206F6E206D6F64696687
:10EB500069656420343856422C2055415254322085
:10EB60006F6E6C790D0A202020202020202020208C
:10EB70002020202020202020202020202020202095
:10EB80002020202020202020202020202020202085
:10EB90002020202020202020202020202020202075
:10EBA000202020202320323A206A616E6D7320528B
:10EBB000545320766961205458206F6E207365632A
:10EBC0006F6E6420525332333220636F6E6E656312
:10EBD000746F72206F6E2073746F636B2043484DA7
:10EBE0002D54333656412C205541525431206F6EEE
:10EBF0006C790D0A6D73645F64697361626C652082
:10EC00002020202020202020202020202020202004
:10EC100020202020202020202020202020202020F4
:10EC200020747275652020202020202020202020A4
:10EC30002020232064697361626C652074686520FC
:10EC40004D534420285553422053444341524429B4
:10EC5000207768656E2073657420746F20747275F8
:10EC60006520286E65656473207370656369616CE7
:10EC70002062696E617279290D0A6466755F656E3E
:10EC800061626C6520202020202020202020202070
:10EC90002020202020202020202020202020202074
:10ECA0002020202020202066616C736520202020F9
:10ECB00020202020202020202320666F72206C69D5
:10ECC0006E757820646576656C6F706572732C2044
:10ECD00073657420746F207472756520746F20657D
:10ECE0006E61626C65204446550D0A0D0A6B696CB5
:10ECF0006C5F627574746F6E5F656E61626C6520C7
:10ED00002020202020202020202020202020202003
:10ED100020202020202020202020747275652020B3
:10ED200020202020202020202020202320736574F4
:10ED300020746F207472756520746F20656E616237
:10ED40006C652061206B696C6C20627574746F6EE9
:10ED50000D0A6B696C6C5F627574746F6E5F7069BD
:10ED60006E20202020202020202020202020202055
:10ED70002020202020202020202020202020203083
:10ED80002E33202020202020202020202020202062
:10ED900023206B696C6C20627574746F6E207069CF
:10EDA0006E2E2064656661756C74206973207361D2
:10EDB0006D65206173207061757365206275747470
:10EDC0006F6E20322E31322028322E31312069737D
:10EDD00020616E6F7468657220676F6F642063686E
:10EDE0006F696365290D0A0D0A0D0A2320456E64BB
:10EDF00073746F70730D0A656E6473746F70735FF4
:10EE0000656E61626C65202020202020202020205B
:10EE100020202020202020202020202020202020F2
:10EE200020202020747275652020202020202020A2
:10EE30002020202020232074686520656E64737470
:10EE40006F70206D6F64756C6520697320656E61ED
:10EE5000626C65642062792064656661756C7420FB
:10EE6000616E642063616E20626520646973616213
:10EE70006C656420686572650D0A0D0A2320580DC3
:10EE80000A616C7068615F6D696E5F656E64737452
:10EE90006F702020202020202020202020202020D3
:10EEA0002020202020202020202020202020342E40
:10EEB00034215E20202020202020202020202023FC
:10EEC000206164642061202120746F20696E766562
:10EED000727420696620656E6473746F7020697344
:10EEE000204E4F20636F6E6E656374656420746F8F
:10EEF0002067726F756E640D0A616C7068615F6D7A
:10EF000061785F656E6473746F702020202020200C
:10EF100020202020202020202020202020202020F1
:10EF20002020202020206E63202020202020202050
:10EF30002020202020202023204E4F544520736580
:10EF40007420746F206E6320696620746869732072
:10EF50006973206E6F7420696E7374616C6C656484
:10EF60000D0A616C7068615F686F6D696E675F64E0
:10EF70006972656374696F6E202020202020202034
:10EF80002020202020202020202020202020206839
:10EF90006F6D655F746F5F6D696E2020202020208B
:10EFA00023206F722073657420746F20686F6D6505
:10EFB0005F746F5F6D617820616E6420736574208B
:10EFC000616C7068615F6D61780D0A616C70686179
:10EFD0005F6D696E2020202020202020202020200E
:10EFE0002020202020202020202020202020202021
:10EFF0002020202020202020302020202020202001
:10F0000020202020202020202023207468697320C5
:10F0100067657473206C6F616465642061667465F4
:10F020007220686F6D696E67207768656E20686F03
:10F030006D655F746F5F6D696E20697320736574B1
:10F040000D0A616C7068615F666173745F686F6DF3
:10F05000696E675F726174655F6D6D5F73202020FC
:10F06000202020202020202020202020202020318F
:10F070003030202020202020202020202020202070
:10F08000232066656564726174657320696E206D06
:10F090006D2F7365636F6E640D0A616C7068615FDC
:10F0A000736C6F775F686F6D696E675F72617465AF
:10F0B0005F6D6D5F732020202020202020202020E5
:10F0C0002020202020202032352020202020202019
:10F0D00020202020202020202320220D0A616C7077
:10F0E00068615F686F6D696E675F72657472616396
:10F0F000745F6D6D202020202020202020202020E3
:10F1000020202020202020202020352020202020EA
:10F11000202020202020202020202023206469730C
:10F1200074616E636520696E206D6D0D0A616C708F
:10F1300068615F6D61785F74726176656C20202014
:10F1400020202020202020202020202020202020BF
:10F15000202020202020202020203532350D0A0DAF
:10F160000A2320590D0A626574615F6D696E5F65DF
:10F170006E6473746F7020202020202020202020B7
:10F18000202020202020202020202020202020207F
:10F19000202020342E33215E2020202020202020FB
:10F1A00020202020230D0A626574615F6D61785F05
:10F1B000656E6473746F7020202020202020202032
:10F1C000202020202020202020202020202020203F
:10F1D000202020206E63202020202020202020209E
:10F1E0002020202020230D0A626574615F686F6D06
:10F1F000696E675F646972656374696F6E20202051
:10F2000020202020202020202020202020202020FE
:10F210002020202020686F6D655F746F5F6D696EC0
:10F22000202020202020230D0A626574615F6D6913
:10F230006E20202020202020202020202020202080
:10F2400020202020202020202020202020202020BE
:10F25000202020202020302020202020202020209E
:10F2600020202020202020230D0A626574615F6623
:10F270006173745F686F6D696E675F726174655FFB
:10F280006D6D5F7320202020202020202020202052
:10F29000202020202020203130302020202020203D
:10F2A0002020202020202020230D0A626574615F29
:10F2B000736C6F775F686F6D696E675F726174659D
:10F2C0005F6D6D5F732020202020202020202020D3
:10F2D0002020202020202020323520202020202007
:10F2E000202020202020202020230D0A6265746128
:10F2F0005F686F6D696E675F726574726163745F7A
:10F300006D6D202020202020202020202020202063
:10F3100020202020202020202035202020202020D8
:10F3200020202020202020202020230D0A62657428
:10F33000615F6D61785F74726176656C202020205A
:10F3400020202020202020202020202020202020BD
:10F35000202020202020202020203437350D0A0DA9
:10F360000A23205A0D0A67616D6D615F6D696E5FDA
:10F37000656E6473746F7020202020202020202070
:10F38000202020202020202020202020202020207D
:10F39000202020322E3133215E20202020202020EA
:10F3A0002020202023200D0A67616D6D615F6D6153
:10F3B000785F656E6473746F702020202020202099
:10F3C000202020202020202020202020202020203D
:10F3D0002020202020342E32215E202020202020BA
:10F3E0002020202020202320746869732069732046
:10F3F000746865206472616770696E672D7570202E
:10F4000073656E736F722C206E6F742075736564F4
:10F4100020617320656E6473746F702C2062757444
:10F420002063616E20626520726561646261636B56
:10F4300020696620636F6E6669677572656420680F
:10F440006572650D0A67616D6D615F686F6D696EEC
:10F45000675F646972656374696F6E202020202085
:10F46000202020202020202020202020202020209C
:10F470002020686F6D655F746F5F6D696E2020205E
:10F4800020202023206966207A2069732070617211
:10F490006B65642069742077696C6C206E6F7420D2
:10F4A0006D6F76652028306D6D20726574726163B2
:10F4B00074290D0A67616D6D615F6D696E20202092
:10F4C000202020202020202020202020202020203C
:10F4D000202020202020202020202020202020202C
:10F4E000203020202020202020202020202020200C
:10F4F00020202320696620697473206E6F74207049
:10F5000061726B65642C2069742077696C6C206172
:10F510006476616E636520756E74696C2069742011
:10F52000736B6970730D0A67616D6D615F666173FE
:10F53000745F686F6D696E675F726174655F6D6D32
:10F540005F73202020202020202020202020202029
:10F550002020202035302020202020202020202086
:10F560002020202020230D0A67616D6D615F736C80
:10F570006F775F686F6D696E675F726174655F6DED
:10F580006D5F73202020202020202020202020209C
:10F590002020202020323520202020202020202044
:10F5A000202020202020230D0A67616D6D615F6897
:10F5B0006F6D696E675F726574726163745F6D6DA4
:10F5C000202020202020202020202020202020203B
:10F5D000202020202020302020202020202020201B
:10F5E00020202020202020230D0A67616D6D615F9F
:10F5F0006D61785F74726176656C20202020202018
:10F6000020202020202020202020202020202020FA
:10F610002020202020202035300D0A0D0A736F662F
:10F62000745F656E6473746F702E656E61626C6575
:10F6300020202020202020202020202020202020CA
:10F6400020202020202020202020747275650D0AA3
:10F65000736F66745F656E6473746F702E785F6D20
:10F66000696E202020202020202020202020202003
:10F67000202020202020202020202020202D310D7F
:10F680000A736F66745F656E6473746F702E785F53
:10F690006D61782020202020202020202020202084
:10F6A0002020202020202020202020202020353134
:10F6B000310D0A736F66745F656E6473746F702EBC
:10F6C000795F6D696E2020202020202020202020BE
:10F6D000202020202020202020202020202020202A
:10F6E0002D310D0A736F66745F656E6473746F708D
:10F6F0002E795F6D6178202020202020202020207E
:10F7000020202020202020202020202020202020F9
:10F71000203436310D0A736F66745F656E647374DE
:10F720006F702E7A5F6D696E2020202020202020AF
:10F7300020202020202020202020202020202020C9
:10F740002020202D36302E30202020202020202068
:10F750002020202023206C696D69742072616973F8
:10F76000656420746F2068616E646C6520736869DD
:10F77000667420616674657220686F6D650D0A732A
:10F780006F66745F656E6473746F702E7A5F6D61FF
:10F790007820202020202020202020202020202011
:10F7A00020202020202020202020202036302E3015
:10F7B0002020202020202020202020202023206CFA
:10F7C000696D69742072616973656420746F206863
:10F7D000616E646C65207368696674206166746527
:10F7E0007220686F6D650D0A736F66745F656E6475
:10F7F00073746F702E68616C74202020202020208C
:10F8000020202020202020202020202020202020F8
:10F81000202020202066616C73650D0A0D0A737725
:10F82000697463682E6E315F7661632E656E616206
:10F830006C65202020202020202020202020202037
:10F840002020202020202020202020747275650D8B
:10F850000A7377697463682E6E315F7661632E690F
:10F860006E7075745F6F6E5F636F6D6D616E642037
:10F8700020202020202020202020202020204D3843
:10F8800030300D0A7377697463682E6E315F76616C
:10F89000632E696E7075745F6F66665F636F6D6D02
:10F8A000616E642020202020202020202020202085
:10F8B000204D3830310D0A7377697463682E6E31CC
:10F8C0005F7661632E6F75747075745F70696E20FA
:10F8D0002020202020202020202020202020202028
:10F8E00020202020362E320D0A7377697463682E2B
:10F8F0006E315F7661632E6F75747075745F7479A5
:10F900007065202020202020202020202020202062
:10F910002020202020206469676974616C0D0A73BF
:10F9200077697463682E6E315F7661632E636F6FE3
:10F930007264696E617465202020202020202020C0
:10F940002020202020202020202020207472756577
:10F95000092320636F6F7264696E61746520776933
:10F960007468206D6F74696F6E0D0A0D0A73776984
:10F970007463682E6E325F7661632E656E61626CB1
:10F980006520202020202020202020202020202032
:10F9900020202020202020202020747275650D0A50
:10F9A0007377697463682E6E325F7661632E696E59
:10F9B0007075745F6F6E5F636F6D6D616E64202034
:10F9C000202020202020202020202020204D3830E2
:10F9D000340D0A7377697463682E6E325F766163E3
:10F9E0002E696E7075745F6F66665F636F6D6D61B3
:10F9F0006E64202020202020202020202020202075
:10FA00004D3830350D0A7377697463682E6E325F36
:10FA10007661632E6F75747075745F70696E2020E7
:10FA200020202020202020202020202020202020D6
:10FA3000202020362E330D0A7377697463682E6E8A
:10FA4000325F7661632E6F75747075745F74797050
:10FA50006520202020202020202020202020202061
:10FA600020202020206469676974616C0D0A737717
:10FA7000697463682E6E325F7661632E636F6F7296
:10FA800064696E61746520202020202020202020C1
:10FA9000202020202020202020202074727565093D
:10FAA0002320636F6F7264696E6174652077697477
:10FAB00068206D6F74696F6E0D0A0D0A7377697433
:10FAC00063682E7661632E656E61626C652020200E
:10FAD0002020202020202020202020202020202026
:10FAE000202020202020202020747275650D0A73AC
:10FAF00077697463682E7661632E696E7075745FC2
:10FB00006F6E5F636F6D6D616E642020202020201A
:10FB10002020202020202020202020204D38303878
:10FB20000D0A7377697463682E7661632E696E704F
:10FB300075745F6F66665F636F6D6D616E642020C4
:10FB40002020202020202020202020202020204D88
:10FB50003830390D0A7377697463682E7661632EC5
:10FB60006F75747075745F70696E2020202020207E
:10FB70002020202020202020202020202020202085
:10FB80002020342E35210D0A7377697463682E7630
:10FB900061632E6F75747075745F74797065202061
:10FBA0002020202020202020202020202020202055
:10FBB0002020202020687770776D0D0A7377697494
:10FBC00063682E7661632E70776D5F706572696F02
:10FBD000645F6D7320202020202020202020202002
:10FBE000202020202020202020302E3036323520AA
:10FBF000232031366B487A0D0A0D0A7377697463D6
:10FC0000682E6C656475702E656E61626C6520206F
:10FC100020202020202020202020202020202020E4
:10FC20002020202020202020747275650D0A737713
:10FC3000697463682E6C656475702E696E70757476
:10FC40005F6F6E5F636F6D6D616E6420202020209A
:10FC500020202020202020202020204D3831300D51
:10FC60000A7377697463682E6C656475702E696EAB
:10FC70007075745F6F66665F636F6D6D616E642033
:10FC800020202020202020202020202020204D382F
:10FC900031310D0A7377697463682E6C6564757011
:10FCA0002E6F75747075745F70696E20202020202F
:10FCB0002020202020202020202020202020202044
:10FCC00020362E350D0A7377697463682E6C65646F
:10FCD00075702E6F75747075745F747970652020FF
:10FCE0002020202020202020202020202020202014
:10FCF00020202070776D0D0A0D0A73776974636890
:10FD00002E626C6F772E656E61626C6520202020FC
:10FD100020202020202020202020202020202020E3
:10FD200020202020202020747275650D0A737769C9
:10FD30007463682E626C6F772E696E7075745F6F76
:10FD40006E5F636F6D6D616E642020202020202027
:10FD5000202020202020202020204D3831320D0A64
:10FD60007377697463682E626C6F772E696E707535
:10FD7000745F6F66665F636F6D6D616E64202020D7
:10FD8000202020202020202020202020204D38311D
:10FD9000330D0A7377697463682E626C6F772E6F08
:10FDA00075747075745F70696E202020202020208B
:10FDB0002020202020202020202020202020202043
:10FDC000342E36210D0A7377697463682E626C6F66
:10FDD000772E6F75747075745F747970652020204C
:10FDE0002020202020202020202020202020202013
:10FDF000202020687770776D0D0A737769746368C7
:10FE00002E626C6F772E70776D5F706572696F64AC
:10FE10005F6D732020202020202020202020202003
:10FE200020202020202020302E3036323520232064
:10FE300031366B487A202876616C75652066726F62
:10FE40006D2073746F636B206669726D7761726584
:10FE5000290D0A0D0A2320776F726B206C69676881
:10FE600074206F6E207468652067616E7472790DFE
:10FE70000A7377697463682E6C6564776F726B2E92
:10FE8000656E61626C6520202020202020202020CB
:10FE900020202020202020202020202020207472BC
:10FEA00075650D0A7377697463682E6C6564776F86
:10FEB000726B2E696E7075745F6F6E5F636F6D6DC0
:10FEC000616E64202020202020202020202020205F
:10FED000204D3831340D0A7377697463682E6C6570
:10FEE00064776F726B2E696E7075745F6F66665F94
:10FEF000636F6D6D616E6420202020202020202003
:10FF0000202020204D3831350D0A737769746368DD
:10FF10002E6C6564776F726B2E6F75747075745F7D
:10FF200070696E20202020202020202020202020EA
:10FF300020202020202020362E340D0A737769746B
:10FF400063682E6C6564776F726B2E6F7574707555
:10FF5000745F7479706520202020202020202020CC
:10FF600020202020202020202070776D0D0A0D0AEF
:10FF700023206C69676874206F6E20746865206345
:10FF8000616D6572610D0A7377697463682E6C65C3
:10FF900064646F776E2E656E61626C652020202030
:10FFA0002020202020202020202020202020202051
:10FFB00020202020747275650D0A73776974636858
:10FFC0002E6C6564646F776E2E696E7075745F6FEA
:10FFD0006E5F636F6D6D616E642020202020202095
:10FFE000202020202020204D3832320D0A737769DE
:10FFF0007463682E6C6564646F776E2E696E7075BD
:020000040803EF
:10000000745F6F66665F636F6D6D616E6420202044
:10001000202020202020202020204D3832330D0A9F
:100020007377697463682E6C6564646F776E2E6F86
:1000300075747075745F70696E20202020202020F8
:1000400020202020202020202020202020332E317E
:10005000352023204F54320D0A7377697463682E5C
:100060006C6564646F776E2E6F75747075745F74F1
:100070007970652020202020202020202020202092
:100080002020202020206469676974616C0D0A7348
:1000900077697463682E6C6564646F776E2E6F7514
:1000A000747075745F747970652020202020202082
:1000B00020202020202020202020202068777077FA
:1000C0006D0D0A7377697463682E6C6564646F776D
:1000D0006E2E70776D5F706572696F645F6D7320EF
:1000E0002020202020202020202020202020202010
:1000F000302E3036323520232031366B487A0D0AC7
:100100000D0A7377697463682E6472616770696E33
:100110002E656E61626C652020202020202020202A
:10012000202020202020202020202020202020747B
:100130007275650D0A7377697463682E64726167FE
:1001400070696E2E6472616770696E2020202020B5
:10015000202020202020202020202020202020209F
:10016000202074727565202320646566696E6520A1
:100170006173206472616770696E202D3E20776123
:10018000697420666F722070696E207570200D0A88
:10019000202020202020202020202020202020205F
:1001A000202020202020202020202020202020204F
:1001B000202020202020202020202020202020203F
:1001C0002020232021212074686520696E707574B9
:1001D0002F73656E736F7220697320686172646338
:1001E0006F64656420746F20342E3220616E642049
:1001F000636F6E66696775726564206173206761FD
:100200006D6D615F6D61785F656E6473746F700DA5
:100210000A7377697463682E6472616770696E2E01
:10022000696E7075745F6F6E5F636F6D6D616E6424
:1002300020202020202020202020202020204D3879
:1002400031360D0A7377697463682E647261677062
:10025000696E2E696E7075745F6F66665F636F6D31
:100260006D616E642020202020202020202020206E
:10027000204D3831370D0A7377697463682E6472C4
:10028000616770696E2E6F75747075745F70696EDA
:10029000202020202020202020202020202020205E
:1002A00020202020332E31340D0A7377697463685F
:1002B0002E6472616770696E2E6F75747075745FED
:1002C00074797065202020202020202020202020EC
:1002D00020202020202020687770776D0D0A73770A
:1002E000697463682E6472616770696E2E70776DD1
:1002F0005F706572696F645F6D732020202020201D
:100300002020202020202020202020302E30363297
:100310003520232031366B487A0D0A737769746370
:10032000682E6472616770696E2E70776D5F6D61A3
:10033000785F706572696F645F6D73202020202084
:10034000202020202020202032300D0A737769746D
:1003500063682E6472616770696E2E70776D5F726C
:100360006564756365645F76616C202020202020C1
:1003700020202020202020202031330D0A7377698F
:100380007463682E6472616770696E2E636F6F723A
:1003900064696E61746520202020202020202020A8
:1003A0002020202020202020202074727565092321
:1003B00020636F6F7264696E617465207769746819
:1003C000206D6F74696F6E0D0A0D0A73776974631F
:1003D000682E62757A7A65722E656E61626C652030
:1003E000202020202020202020202020202020200D
:1003F0002020202020202020747275650D0A73773C
:10040000697463682E62757A7A65722E696E70758A
:10041000745F6F6E5F636F6D6D616E64202020206E
:1004200020202020202020202020204D3832300D78
:100430000A7377697463682E62757A7A65722E69B9
:100440006E7075745F6F66665F636F6D6D616E640D
:1004500020202020202020202020202020204D3857
:1004600032310D0A7377697463682E62757A7A6522
:10047000722E6F75747075745F70696E2020202005
:10048000202020202020202020202020202020206C
:1004900020312E370D0A7377697463682E62757A7E
:1004A0007A65722E6F75747075745F7479706520DB
:1004B000202020202020202020202020202020203C
:1004C0002020206469676974616C0D0A0D0A7377D6
:1004D000697463682E78797A626364656E2E656EDE
:1004E00061626C65202020202020202020202020F8
:1004F0002020202020202020202020747275650DCF
:100500000A7377697463682E78797A626364656EBA
:100510002E6F75747075745F70696E2020202020B6
:100520002020202020202020202020202020342EA9
:10053000370D0A7377697463682E78797A62636419
:10054000656E2E6F75747075745F74797065202098
:10055000202020202020202020202020202020209B
:100560006469676974616C0D0A0D0A737769746355
:10057000682E6F74656E2E656E61626C652020203A
:10058000202020202020202020202020202020206B
:100590002020202020202020747275650D0A73779A
:1005A000697463682E6F74656E2E6F7574707574E0
:1005B0005F70696E20202020202020202020202015
:1005C0002020202020202020202020332E31310DFB
:1005D0000A7377697463682E6F74656E2E6F757415
:1005E0007075745F74797065202020202020202091
:1005F000202020202020202020202020202064696E
:10060000676974616C0D0A0D0A7377697463682EEB
:1006100063616D73772E656E61626C6520202020AA
:1006200020202020202020202020202020202020CA
:10063000202020202020747275650D0A737769745C
:1006400063682E63616D73772E696E7075745F6F6A
:100650006E5F636F6D6D616E64202020202020200E
:100660002020202020202020204D3831380D0A73F2
:1006700077697463682E63616D73772E696E707528
:10068000745F6F66665F636F6D6D616E64202020BE
:100690002020202020202020202020204D383139EB
:1006A0000D0A7377697463682E63616D73772E6FBB
:1006B00075747075745F70696E2020202020202072
:1006C0002020202020202020202020202020203614
:1006D0002E31300D0A7377697463682E63616D7310
:1006E000772E6F75747075745F7479706520202033
:1006F00020202020202020202020202020202020FA
:1007000020206469676974616C0D0A0D0A74656D57
:1007100070657261747572655F636F6E74726F6C11
:100720002E763173656E73652E656E61626C652021
:1007300020202020202020202020747275650D0AA2
:1007400074656D70657261747572655F636F6E74E8
:10075000726F6C2E763173656E73652E7468657278
:100760006D6973746F725F70696E202020302E3651
:100770000D0A74656D70657261747572655F636F83
:100780006E74726F6C2E763173656E73652E68654C
:10079000617465725F70696E202020202020206EB9
:1007A000630D0A74656D70657261747572655F635F
:1007B0006F6E74726F6C2E763173656E73652E7406
:1007C0006865726D6973746F72202020202020206C
:1007D0004550434F533130304B0D0A74656D706591
:1007E0007261747572655F636F6E74726F6C2E7672
:1007F0003173656E73652E64657369676E61746FBE
:10080000722020202020202056310D0A0D0A746508
:100810006D70657261747572655F636F6E74726F0F
:100820006C2E763273656E73652E656E61626C65D3
:100830002020202020202020202020747275650D8B
:100840000A74656D70657261747572655F636F6E51
:1008500074726F6C2E763273656E73652E74686574
:10086000726D6973746F725F70696E202020302E14
:10087000350D0A74656D70657261747572655F63BC
:100880006F6E74726F6C2E763273656E73652E6840
:1008900065617465725F70696E20202020202020C1
:1008A0006E630D0A74656D70657261747572655F53
:1008B000636F6E74726F6C2E763273656E73652E15
:1008C000746865726D6973746F7220202020202017
:1008D000204550434F533130304B0D0A74656D70D5
:1008E000657261747572655F636F6E74726F6C2E82
:1008F000763273656E73652E64657369676E6174B5
:100900006F722020202020202056320D0A0D0A234D
:10091000204F6E6C79206E6565646564206F6E2073
:100920006120736D6F6F74686965626F6172640DC9
:100930000A63757272656E74636F6E74726F6C5F4A
:100940006D6F64756C655F656E61626C65202020FB
:100950002020202020202020202020202020666110
:100960006C736520202020202020202020202023A0
:100970000D0A0D0A72657475726E5F6572726F7220
:100980005F6F6E5F756E68616E646C65645F6763F0
:100990006F6465202020202020202020202020207F
:1009A0002066616C736520202020202020202020DC
:1009B0002020230D0A0D0A005741524E494E472070
:1009C0005761746368646F67206973206469736139
:1009D000626C65640A00000063686D742D303963D1
:1009E00032383463650000004170722032312032A9
:1009F0003032362031353A30363A34360000000095
:100A00006100000000000000000000000000000085
:100A10009D070008BD070008A93E000891070008CF
:100A200095070008E107000899070008000000008A
:100A30004552524F523A2063616C6C696E67207662
:100A4000616C756520616674657220636F6E66699E
:100A50006720636163686520686173206265656E05
:100A600020636C65617265640A0000006669726DDE
:100A7000000000002F6C6F63616C2F636F6E6669FE
:100A8000670000006C6F63616C0000002F6C6F6387
:100A9000616C2F636F6E6669672E74787400000056
:100AA0002F73642F636F6E666967000073640000C4
:100AB0002F73642F636F6E6669672E7478740000FD
:100AC000253364202D2025303458202530345820FB
:100AD00025303458203A2027257327202D20666F93
:100AE000756E643A2025642C2064656661756C74AB
:100AF0003A2025642C2064656661756C742D646FE2
:100B000075626C653A2025662C2064656661756C9B
:100B1000742D696E743A2025640A00005741524EC4
:100B2000494E473A206475706C696361746520634F
:100B30006F6E666967206C696E65207265706C61A6
:100B40006365640000000000000000000000000079
:100B5000DD0E0008E90E0008BD040208BD0402080D
:100B6000BD040208BD0402084D100008651000080D
:100B7000200900004552524F523A20636F6E666959
:100B8000672066696C65206C696E65202573206935
:100B90007320696E76616C69642C206E6F206B65C2
:100BA000792076616C7565207061697220666F7559
:100BB0006E640D0A0000000062617369635F737404
:100BC00072696E673A3A737562737472000000005E
:100BD0000D0A2320090000004552524F523A20636B
:100BE0006F6E6669672066696C65206C696E65204A
:100BF000257320686173206E6F2076616C75650DBA
:100C00000A000000636F756C64206E6F7420666963
:100C10006E6420636F6E6669672073657474696EB5
:100C2000672C20706C65617365207365652068743E
:100C300074703A2F2F736D6F6F7468696577617286
:100C4000652E6F72672F636F6E6669677572696E66
:100C5000672D736D6F6F746869650D0A0000000081
:100C6000636F6E6669672073657474696E67207759
:100C70006974682076616C7565202725732720616B
:100C80006E6420636865636B73756D735B253034C8
:100C9000582C253034582C253034585D2069732069
:100CA0006E6F7420612076616C6964206E756D6270
:100CB00065722C20706C65617365207365652068B2
:100CC0007474703A2F2F736D6F6F746869657761F4
:100CD00072652E6F72672F636F6E666967757269D2
:100CE0006E672D736D6F6F746869650D0A00000083
:100CF000636F6E6669672073657474696E672077C9
:100D00006974682076616C756520272573272061DA
:100D10006E6420636865636B73756D735B25303437
:100D2000582C253034582C253034585D20697320D8
:100D30006E6F7420612076616C696420696E742C1A
:100D400020706C65617365207365652068747470CC
:100D50003A2F2F736D6F6F74686965776172652EB6
:100D60006F72672F636F6E6669677572696E672D44
:100D7000736D6F6F746869650D0A000074793100D6
:100D8000000002400004024000080240000C024043
:100D9000001002400014024000180240001C0240F3
:100DA00000200240000000000000000000000000E1
:100DB00085200008A5200008A93E0008910700082A
:100DC00095070008B9130008990700080000000003
:100DD00042524F574E2D4F555420000050494E203F
:100DE00000000000504F5745522D4F4E200000008C
:100DF000534F4654574152452D52455345542000B8
:100E0000494E444550454E44414E542D574154435C
:100E100048444F472000000057494E444F572D5734
:100E200041544348444F4720000000004C4F572D89
:100E3000504F5745522000002F0000003C0000009A
:100E4000416C61726D000000486F6D65000000002C
:100E5000486F6C640000000049646C65000000008D
:100E600052756E0025312E34662C25312E34662CB9
:100E700025312E34660000007C4D506F733A00001F
:100E80002C25312E346600007C57506F733A0000D9
:100E90007C463A25312E31662C25312E31662C25A3
:100EA000312E3166000000007C463A25312E316635
:100EB0002C25312E316600007C25733A25312E31E8
:100EC000662C25312E3166003E0A0000253032782E
:100ED00000000000757365640000000066726565BF
:100EE0000000000053746172743A20257562204D31
:100EF000656D6F7279506F6F6C2061742025700A78
:100F000000000000094368756E6B20617420257035
:100F10002028252B3464293A2025732C20256C7534
:100F20002062797465730A00456E643A20746F74A8
:100F3000616C20256C75622C20667265653A2025EF
:100F40006C75620A00000000000000000000000054
:100F5000892E0008952E0008612E0008652E0008D5
:100F6000692E00086D2E0008712E0008752E0008ED
:100F7000792E00087D2E0008812E0008852E00089D
:100F80000C00000001000000100000000100000043
:100F90001400000001000000180000000100000023
:100FA0001C00000001000000200000000100000003
:100FB00024000000010000002800000001000000E3
:100FC0002C0000000100000000000240000402406C
:100FD00000080240000C02400010024000140240D1
:100FE00000180240001C0240002002406E63000016
:100FF0000000000000000000D5310008E5310008C5
:10100000000000000000000099320008AD32000826
:10101000612E0008652E0008692E00086D2E00085C
:10102000712E0008752E0008792E00087D2E00080C
:10103000812E0008852E000800000000000000003E
:101040000534000875340008FD330008652E0008DB
:10105000692E00086D2E000825340008752E000842
:10106000792E00087D2E0008812E0008852E0008AC
:1010700000000000000000000936000839360008B2
:10108000612E0008652E0008692E00086D2E0008EC
:10109000712E0008752E0008792E00087D2E00089C
:1010A000A13600084D3600086269747365743A3AD7
:1010B00073657400000000000000000000000000E4
:1010C0006D3E00088D3E0008653E0008910700084F
:1010D00095070008A13E00089907000800000000DD
:1010E0000000000000000000593E0008793E0008A2
:1010F000A93E00089107000895070008BD040208F2
:1011000099070008000000002E0000003031323343
:101110003435363738392D2E6162636465667078F0
:101120004142434445465058000000002E2E2F00F7
:101130002E2E000025312E34662000004735000099
:1011400062617369635F737472696E673A3A5F5381
:101150005F636F6E737472756374206E756C6C2050
:101160006E6F742076616C696400000000000000FE
:101170000000000000000000154C0008294C000889
:10118000D14B0008652E0008692E00086D2E00085E
:10119000C54B0008752E0008792E00087D2E00082A
:1011A000812E0008852E00080000000000000000CD
:1011B000BD040208BD040208BD0402084D50000829
:1011C0005550000859500008655000080000000004
:1011D000000000000000000085500008C950000811
:1011E000D55900087950000869520008A154000838
:1011F0004D100008651000085472756E63617465C7
:1012000064206C6F6E67206C696E652025642069B0
:101210006E3A2025730A00004552524F523A206E12
:101220006F20636F6E6669672066696C6520666F04
:10123000756E640D00000000722B0000202300007A
:1012400020202020202020202000000020202020FE
:101250002020202020232061646465640A000000AF
:101260002F7364002F6C6F63616C0000496E636CB8
:101270007564696E6720636F6E6669672066696C66
:10128000653A2025730A0000556E61626C65207412
:101290006F2066696E6420696E636C756465642096
:1012A000636F6E6669672066696C653A2025730A0C
:1012B000000000000000000000000000000000002E
:1012C000395A0008455A0008595A0008295A000896
:1012D000355A0008E15A00084D1000086510000852
:1012E0000000000000000000F55B0008195C000829
:1012F000A93E00089107000895070008455C000812
:10130000990700080000000002000000050000002E
:10131000090000001E0000006900000072000000CB
:101320007300000077000000500000005100000032
:101330008F030000F70100006A0000006B0000004E
:101340005254532F435453004E4F4E45000000005B
:101350006C6F61645F636F6D6D616E6400000000AF
:10136000736176655F636F6D6D616E640000000090
:101370003B4C6173742072657365742077617320D0
:1013800025732C2048616C74696E67204B65726E02
:10139000656C2120506F776572206379636C6520DE
:1013A0006F72204D39393920746F20636F6E746904
:1013B0006E75650A000000002A0000004E303132D0
:1013C000333435363738392E2C2D20003B28000099
:1013D000474D00005741524E494E473A20416674EE
:1013E00065722048414C5420796F752073686F7581
:1013F0006C6420484F4D4520617320706F73697491
:10140000696F6E2069732063757272656E746C7992
:1014100020756E6B6E6F776E0A0000006572726FDA
:10142000723A416C61726D206C6F636B0A00000050
:1014300021210A006F6B202D20496E76616C696452
:10144000204735330A0000002F73642F000000008E
:101450007700000057726974696E6720746F2066A8
:10146000696C653A2025730A6F6B0A006F70656EB0
:10147000206661696C65642C2046696C653A20259C
:10148000732E0A6F6B0A00004D3500004D390000C5
:101490006F6B20456D657267656E63792053746F5D
:1014A0007020526571756573746564202D207265B6
:1014B000736574206F72204D3939392072657175EA
:1014C0006972656420746F20657869742048414CA6
:1014D000542073746174650A000000004649524D3F
:1014E000574152455F4E414D453A536D6F6F746899
:1014F0006965776172652C204649524D57415245C6
:101500005F55524C3A68747470252533412F2F7300
:101510006D6F6F74686965776172652E6F72672C85
:1015200020582D534F555243455F434F44455F5517
:10153000524C3A6874747073252533412F2F6769B4
:10154000746875622E636F6D2F6A616E6D30313213
:101550003031322F536D6F6F7468696577617265D2
:101560002D43484D542C204649524D574152455F1A
:1015700056455253494F4E3A25732C20582D464913
:10158000524D574152455F4255494C445F44415486
:10159000453A25732C20582D53595354454D5F43DC
:1015A0004C4F434B3A256C644D487A2C20582D41C2
:1015B0005845533A25642C20582D50415845533AEC
:1015C00025642C20582D4752424C5F4D4F44453ADC
:1015D00025642C20582D53455249414C5F464C4FB1
:1015E000573A25732C20582D4153573A312C205807
:1015F0002D434F4F5244494E4154453A310000006B
:101600000A6F6B0A0000000068656C700000000043
:10161000436F6D6D616E64206E6F7420666F756EC2
:10162000643A2025730A00002F73642F636F6E667F
:1016300069672D6F76657272696465003B20444F5F
:10164000204E4F5420454449542054484953204685
:10165000494C450A0000000053657474696E677355
:101660002053746F72656420746F2025730A6F6B4A
:101670000A0000002F73642F636F6E6669672D6F19
:10168000766572726964652E00000000636F6E6695
:101690006967206F766572726964652066696C653A
:1016A0002064656C657465642025732C2072656206
:1016B0006F6F74206E65656465640A6F6B0A000065
:1016C0003B20636F6E666967206F7665727269642E
:1016D000652070726573656E743A2025730A000088
:1016E0003B204E6F20636F6E666967206F76657270
:1016F000726964650A0000006572726F723A0000D8
:101700004572726F723A2000756E6B6E6F776E0A5B
:1017100000000000456E746572696E6720416C615F
:10172000726D2F48616C742073746174650A0000D7
:101730006F6B25730A0000004D323900446F6E65EF
:1017400020736176696E672066696C652E0A6F6B1F
:101750000A0000004572726F723A6572726F7220F1
:1017600077726974696E6720746F2066696C652E84
:101770000A0000007273204E25640A0058595A4628
:10178000000000006F6B202D2069676E6F7265642A
:101790000A0000004725642000000000000000004F
:1017A0000000000000000000715C0008B15C00084F
:1017B000695C0008652E0008F95C00086D2E0008C1
:1017C000712E0008752E0008792E00087D2E000865
:1017D000812E0008852E0008000000000000000097
:1017E0007D6D0008A16D0008AD700008CD6D00088A
:1017F000692E00086D2E0008712E0008752E000855
:10180000792E00087D2E0008812E0008852E000804
:10181000696D0008FCFFFFFF00000000996D0008E3
:10182000C56D0008A93E000891070008950700084B
:10183000756D000899070008000000000000000016
:10184000D9790008F579000879790008652E000833
:10185000692E00086D2E0008B57B0008752E000863
:10186000792E00087D2E0008557C0008852E000882
:101870000000000000000000D9820008ED8200088E
:10188000BD040208BD040208E5820008E9820008E0
:101890000000C07F0000C07F0000C07F0000C07F4C
:1018A0000000000000000000519A0008919A000812
:1018B0009DA50008652E0008692E000855AB00089C
:1018C000712E0008752E0008792E00087D2E000864
:1018D000812E0008852E00085741524E494E473A46
:1018E000206163747561746F722025642072617465
:1018F00065206578636565647320626173655F73F5
:1019000074657070696E675F6672657175656E6328
:1019100079202A202E2E2E5F73746570735F706598
:10192000725F6D6D3A2025662C2073657474696E44
:101930006720746F2025660A000000004D503A5859
:101940003A252E3266593A252E32665A3A252E32DB
:1019500066000000434D503A583A252E3266593AF7
:10196000252E32665A3A252E326600005743533AE6
:10197000583A252E3266593A252E32665A3A252E85
:10198000326600004D43533A583A252E3266593A92
:10199000252E32665A3A252E3266000041504F53AA
:1019A0003A583A252E3266593A252E32665A3A2549
:1019B0002E32660025633A252E316600536F667419
:1019C00020456E6473746F702025632077617320E7
:1019D0006578636565646564202D20726573657440
:1019E000206F72202458206F72204D3939392072AF
:1019F000657175697265640A00000000536F667452
:101A000020456E6473746F702025632077617320A6
:101A10006578636565646564202D20656E74697200
:101A200065206D6F76652069676E6F7265640A0068
:101A3000556E646566696E656420666565642072CE
:101A400061746500666565642072617465203C2080
:101A500030000000464154414C3A20746F6F206DB5
:101A6000616E79206D6F746F72732C20696E637272
:101A700065617365206B5F6D61785F61637475612B
:101A8000746F72730A000000636172746573696138
:101A90006E000000464154414C3A206D6F746F72E5
:101AA000202563206973206E6F7420646566696EFB
:101AB000656420696E20636F6E6669670A000000C6
:101AC000464154414C3A206D6F746F72202564205A
:101AD000646F6573206E6F74206D61746368206934
:101AE0006E6465782025640A00000000456E61621E
:101AF0006C65640044697361626C65640000000099
:101B00002025633A202567200000000020533A205A
:101B100025672000536F667420656E6473746F7060
:101B20007320617265202573000000002C2563205E
:101B30006D696E2069732064697361626C6564000D
:101B40002C2563206D61782069732064697361625C
:101B50006C6564002C2563206178697320697320AB
:101B60006E6F7420686F6D6564000000537065656A
:101B70006420666163746F722061742025362E3292
:101B8000662025250A0000003B53746570732070A1
:101B9000657220756E69743A0A4D39322000000072
:101BA0003B416363656C65726174696F6E206D6D36
:101BB0002F7365635E323A0A4D323034205325313B
:101BC0002E35662000000000256325312E35662065
:101BD000000000003B582D204A756E6374696F6EDB
:101BE00020446576696174696F6E2C205A2D205AE5
:101BF000206A756E6374696F6E20646576696174BE
:101C0000696F6E2C2053202D204D696E696D756DA6
:101C100020506C616E6E6572207370656564206D16
:101C20006D2F7365633A0A4D323035205825312EB9
:101C30003566205A25312E3566205325312E3566DE
:101C40000A0000003B4D617820636172746573691E
:101C5000616E2066656564726174657320696E20CB
:101C60006D6D2F7365633A0A4D323033205825313C
:101C70002E3566205925312E3566205A25312E35D0
:101C800066205325312E35660A0000003B4D6178F1
:101C9000206163747561746F72206665656472613A
:101CA00074657320696E206D6D2F7365633A0A4DFC
:101CB0003230332E3120000020256325312E34664A
:101CC000000000003B5743532073657474696E67CE
:101CD000730A00004739322E3320582566205925D3
:101CE00066205A25660A000025633A2025382E34DE
:101CF0006620000044656C7461207365676D656ED5
:101D000074732073657420746F2025382E34662018
:101D1000736567732F7365630A0000006D6D207033
:101D20006572206C696E65207365676D656E7420E1
:101D300073657420746F2025382E34660A00000005
:101D40004E4F5445207468697320666F726D6174DC
:101D500020697320646570726563617465642C200A
:101D6000557365204D3230332E3120696E737465A2
:101D700061640A003B4F7074696F6E616C20617220
:101D80006D20736F6C7574696F6E20737065636915
:101D90006669632073657474696E67733A0A4D36B9
:101DA00036350000473130204C3220502564205811
:101DB000256620592566205A2566203B2025730A72
:101DC0000000000000000000000000000000000013
:101DD00051C800085DC8000831C8000841C80008A3
:101DE000E5820008E9820008000000000000000011
:101DF000F5C8000801C9000871C80008B1C800088A
:101E0000E5820008E98200080000000000000000F0
:101E1000C1C90008CDC9000865C900088DC90008FE
:101E2000E5820008E98200080000000000000000D0
:101E30000000000000000000E1C90008EDC9000832
:101E400001CA000805CB000809CF000861D00008CE
:101E50000000000000000000000000000000000082
:101E6000A9D30008B5D30008C9D30008EDD40008F1
:101E700019D70008DDD700080000000000000000AE
:101E80000000000000000000C5DA0008D1DA0008F8
:101E9000D1DD00080DE20008E5DA000865E200087F
:101EA0002F2F4552524F523A2044656C7461206383
:101EB000616C63756C6174696F6E206661696C2119
:101EC0002020556E61626C6520746F206D6F7665A1
:101ED00020746F3A0A0000002F2F20202020783D28
:101EE0002025660A000000002F2F20202020793DA9
:101EF0002025660A000000002F2F202020207A3D98
:101F00002025660A000000002F2F2043616C635AD1
:101F10003D2025660A0000002F2F204F66667A3D7F
:101F20002025660A000000002F2F6361727465731C
:101F300069616E20783D2025660A0D002F2F2079DB
:101F40003D2025660A0D00002F2F207A3D202566B2
:101F50000A0D00002F2F204F66667A3D2025660A65
:101F60000D0000002F2F206163747561746F722063
:101F7000783D2025660A0D000000000000000000EA
:101F800065E5000871E50008F1E4000829E50008AE
:101F9000E5820008E98200080C700E7A9EB6158270
:101FA0002C5B7D411057AC43AE3D51A6A15BA365B0
:101FB000340CAA45C11E13ADA52E4281447BE627F1
:101FC000093F0B499B881233290C7AFD0D17A92A6A
:101FD000AB244E7200000000000000000000000072
:101FE000F9E5000855E70008C5010108652E00085D
:101FF000692E0008010D0108ADEB0008752E0008E0
:1020000021E60008D5E60008812E0008852E00088C
:102010004C696D6974207377697463682025632542
:10202000632077617320686974202D207265736561
:1020300074206F72204D393939207265717569725B
:1020400065640A00414C41524D3A20486172642057
:102050006C696D697420256325630A004735332058
:102060004730205830205930204625312E34660024
:102070006572726F723A20417869732058206D75CD
:10208000737420626520686F6D6564206265666F99
:1020900072652073657474696E6720486F6D696E30
:1020A00067206F66667365740A0000006572726F60
:1020B000723A20417869732059206D7573742062DB
:1020C0006520686F6D6564206265666F7265207358
:1020D000657474696E6720486F6D696E67206F66FE
:1020E000667365740A0000006572726F723A20416F
:1020F000786973205A206D75737420626520686F4B
:102100006D6564206265666F7265207365747469BD
:102110006E6720486F6D696E67206F6666736574C1
:102120000A000000486F6D696E67204F6666736530
:10213000743A20582025352E336620592025352E17
:102140003366205A2025352E33662077696C6C2043
:1021500074616B6520656666656374206E6578746E
:1021600020686F6D650A00004735332047302058DE
:102170002566205925660000686F6D655F746F5F86
:102180006D696E00686F6D655F746F5F6D6178007B
:102190004552524F523A20656E6473746F70202519
:1021A0006420697320677265617465722074686168
:1021B0006E206E756D626572206F6620646566695B
:1021C0006E6564206D6F746F72732E20456E64733C
:1021D000746F70732064697361626C65640A0000D7
:1021E0006E6F6E65000000005741524E494E473AEF
:1021F000204E6F7468696E6720746F20686F6D651C
:102200000A0000004552524F523A20486F6D696EE5
:1022100067206379636C65206661696C6564202D55
:1022200020636865636B20746865206D61785F74F6
:10223000726176656C2073657474696E67730A00E9
:10224000414C41524D3A20486F6D696E672066617E
:10225000696C0A005F6D696E000000005F6D617857
:102260000000000025633A25642000006572726F4B
:10227000723A556E737570706F7274656420636F17
:102280006D6D616E640A000070696E732D00000050
:1022900025733A25640000004C00000028257329AE
:1022A0005025642E25643A25640000002564000052
:1022B0002077696C6C2074616B6520656666656368
:1022C00074206E65787420686F6D650A00000000E8
:1022D00025633A2025352E33662000003B486F6D7C
:1022E00065206F666673657420286D6D293A0A4D06
:1022F0003230362000000000256325312E32662062
:10230000000000003B5468657461206F6666736569
:1023100074202864656772656573293A0A4D323006
:1023200036204125312E3566204225312E35662056
:102330004325312E35660A003B5472696D20286DA5
:102340006D293A0A4D363636205825312E3366200F
:102350005925312E3366205A25312E33660A000066
:102360003B4D6178205A0A4D363635205A25312E9C
:1023700033660A003B707265646566696E65642049
:10238000706F736974696F6E3A0A4732382E312064
:102390005825312E3466205925312E34660A000026
:1023A0004D6178205A2025382E3366200000000029
:1023B000583A2025352E336620593A2025352E33BC
:1023C00066205A3A2025352E33660A0000000000A8
:1023D0000000000000000000211801088118010819
:1023E000152E0108891F0108692E0008311C0108FB
:1023F000712E0008752E0008E51601081D1701084A
:10240000E9180108852E0008B0240308BC2403083D
:10241000C4240308D8240308E4240308F42403088C
:10242000473931003B204153573A206C25642C74C6
:1024300025642028257329003B204153573A204624
:1024400061696C206C25642C7425640070776D00C4
:102450006D6F6D656E74617279000000342E3221EB
:10246000000000006469676974616C0068777077C8
:102470006D00000053656C65637465642053776973
:10248000746368206F75747075742070696E20694C
:1024900073206E6F742050574D2063617061626CC1
:1024A00065202D2064697361626C65640000000022
:1024B000473120582D302E3035000000473120584C
:1024C000302E3100473120582D302E303520592DF7
:1024D000302E30350000000047312059302E313089
:1024E00000000000473120582D302E3120592D306A
:1024F0002E30350047312058302E320000000000C9
:102500000000000000000000DD2E0108112F01086E
:10251000E92E0108ED2E0108F52E0108F92E01081B
:10252000FD2E0108012F01086164633D2025642C04
:10253000206D61785F6164633D20256C752C20748B
:10254000656D703D2025662C206F6666736574206E
:102550003D2025660A000000000000000000000089
:10256000052F0108252F0108392F0108C12F010867
:10257000F52E0108F92E010841300108012F01084C
:10258000302E313600000000000000000000000086
:10259000F530010819310108E5320108413101081F
:1025A000F52E0108F92E0108FD2E0108F931010868
:1025B00000000000000000005534010869340108E3
:1025C000113C0108652E0008692E00089D350108A0
:1025D000E1380108752E0008792E00087D2E0008CC
:1025E000812E0008852E0008504944204175746FE3
:1025F00074756E652041626F727465640A00000034
:102600004E6F2074656D70657261747572652063BC
:102610006F6E74726F6C207769746820696E646580
:102620007820256420666F756E640D0A0000000036
:102630005461726765743A2025352E31660A0000B0
:102640005374617274205049442074756E6520661D
:102650006F7220696E646578204525642C2064655E
:102660007369676E61746F723A2025730A00000007
:1026700025733A205374617274696E67205049441F
:10268000204175746F74756E652C202564206D6112
:1026900078206379636C65732C204D33303420616E
:1026A000626F7274730A0000094B753A2025672C1B
:1026B0002050753A2025670A0000000009547279FD
:1026C000696E673A0A094B703A2025352E31660A41
:1026D000094B693A2025352E33660A094B643A20A6
:1026E00025352E30660A0000504944204175746F2C
:1026F00074756E6520436F6D706C65746521205430
:1027000068652073657474696E67732061626F76A3
:10271000652068617665206265656E206C6F616416
:10272000656420696E746F206D656D6F72792C2001
:10273000627574206E6F74207772697474656E2090
:10274000746F20796F757220636F6E66696720669B
:10275000696C652E0A0000002F2F205741524E4908
:102760004E473A204175746F706964206469642033
:102770006E6F74207265736F6C766520776974680C
:10278000696E202564206379636C65732C207468FE
:1027900065736520726573756C7473206172652052
:1027A00070726F6261626C7920696E6E61637572BE
:1027B0006174650A000000002F2F204175746F704E
:1027C000696420537461747573202D2025352E3172
:1027D000662F25352E3166204025642025642F255F
:1027E000640A00002F2F204379636C652025643A2A
:1027F000206D61783A2025672C206D696E3A20257E
:10280000672C206176672073657061726174696FEF
:102810006E3A2025670A000050543130305F45334E
:10282000443A206164633D2025642C2074656D70FA
:102830003D2025660A0000000000000000000000A6
:10284000CD3C0108D93C0108ED3C0108B13D01082F
:10285000F52E0108F92E0108F53D0108012F0108A8
:102860000000000000000000F5400108514101088F
:10287000F9550108A9400108692E0008AD44010876
:102880004D3E0108593E0108C54C01087942010836
:102890008D400108852E000825733A25332E3166B8
:1028A000202F25332E3166204025640A00000000C9
:1028B0004552524F523A2054656D7065726174757D
:1028C00072652072756E61776179206F6E20257355
:1028D000202864656C74612074656D7020256629FC
:1028E0002C2048414C542061737365727465642CCC
:1028F000205455524E20504F574552204F464620A7
:10290000494D4D4544494154454C59202D2072654F
:10291000736574206F72204D393939207265717575
:10292000697265640A0000004552524F523A2054C1
:10293000656D706572617475726520746F6F6B2060
:10294000746F6F206C6F6E6720746F2062652072E9
:10295000656163686564206F6E2025732C20484193
:102960004C542061737365727465642C2054555205
:102970004E20504F574552204F464620494D4D4519
:1029800044494154454C59202D207265736574208B
:102990006F72204D393939207265717569726564BD
:1029A0000A0000004552524F523A204D494E5445BC
:1029B0004D50206F72204D415854454D5020747237
:1029C00069676765726564206F6E2025732E2043EA
:1029D0006865636B20796F75722074656D706572C0
:1029E00061747572652073656E736F7273210A006E
:1029F000526561646F6E6C790000000050494400BC
:102A000042616E6762616E670000000025733A25BF
:102A1000332E3166202F25332E3166204025642049
:102A200000000000556E61626C6520746F2070724A
:102A30006F7065726C79207365742073656E736F47
:102A4000722073657474696E67732C206D616B6599
:102A5000207375726520796F752073706563696680
:102A60007920616C6C20726571756972656420767D
:102A7000616C7565730A0000257328532564293A33
:102A8000207573696E672025730A0000257328532B
:102A90002564293A2025632025312E3138660A0025
:102AA0004E6F7468696E6720736574204E4F54458D
:102AB000205573616765206973204D31343320538D
:102AC000302050333030207768657265203C533EAB
:102AD0002069732074686520686F74656E6420696E
:102AE0006E64657820616E64203C503E20697320DE
:102AF000746865206D6178696D756D2074656D70A1
:102B000020746F207365740A000000004D617869BD
:102B10006D756D2074656D70657261747572652078
:102B2000666F722025732825642920697320256625
:102B3000C2B0430A00000000257328532564293AD7
:102B40002050663A25672049663A25672044663A50
:102B50002567205828495F6D6178293A25672059F3
:102B6000286D61782070776D293A2564204F3A25C9
:102B7000640A00003B5049442073657474696E67B1
:102B8000732C20695F6D61782C206D61785F7077A0
:102B90006D3A0A4D33303120532564205025312EB3
:102BA0003466204925312E3466204425312E346682
:102BB000205825312E3466205925640A0000000073
:102BC0003B4D61782074656D7065726174757265D6
:102BD0002073657474696E673A0A4D31343320533B
:102BE0002564205025312E34660A000020256325F7
:102BF000312E3138660000003B4F7074696F6E6192
:102C00006C2074656D702073656E736F72207370C5
:102C10006563696669632073657474696E67733A86
:102C20000A4D3330352053256400000054656D7023
:102C3000657261747572652072656164696E672082
:102C4000697320756E72656C6961626C65206F6E68
:102C50002025732048414C5420617373657274655C
:102C600064202D207265736574206F72204D393990
:102C7000392072657175697265640A0057616974FB
:102C8000206F6E2074656D70657261747572652059
:102C900061626F72746564206279206B696C6C0A82
:102CA0000000000054000000746865726D69737460
:102CB0006F7200006D6178333138353500000000E7
:102CC000616438343935000070743130305F6533F9
:102CD0006400000000000000F42F03080000000062
:102CE0005C120000FD5D3D3A16CF6239F1F1C6334A
:102CF00000300308000000005C120000EC17383AB6
:102D000091A567399B8198330C30030800000000BF
:102D10005C1200002A471C3A089272393E0B853338
:102D20001C300308000000005C120000C3AC543AE1
:102D3000639F5D39491B9A3324300308000000006B
:102D40005C120000CDE1583AAEED5A391200AD33B5
:102D500034300308000000005C12000030F5503AE7
:102D600006CD5F397D508C334265746100000000F0
:102D7000532F48005741524E494E473A20546865F8
:102D800020636F6E666967206973206261642066E4
:102D90006F7220746869732074656D7065726174F8
:102DA0007572652073656E736F720A006164633DAE
:102DB0002025642C20726573697374616E63653DB0
:102DC0002025660A00000000532F482063313D2073
:102DD00025312E3138662C2063323D2025312E31AD
:102DE00038662C2063333D2025312E3138660A00A9
:102DF000532F482074656D703D2025662C206D6929
:102E00006E3D2025662C206D61783D2025662C20A6
:102E100064656C74613D2025660A0000626574611A
:102E20002074656D703D2025662C206D696E3D20F7
:102E300025662C206D61783D2025662C2064656C0C
:102E400074613D2025660A005573696E67207072B3
:102E500065646566696E656420746865726D697322
:102E6000746F7220256420696E202573207461625E
:102E70006C653A2025730A00532F48207461626CF8
:102E8000650A00002564202D2025730A000000003B
:102E900042657461207461626C650A005741524E4C
:102EA000494E473A206E6567617469766520636FA5
:102EB000656666696369656E7420696E2063616C1E
:102EC00063756C6174655F737465696E6861727453
:102ED0005F686172745F636F656666696369656E7A
:102EE00074732E20536F6D657468696E67206D6111
:102EF000792062652077726F6E6720776974682029
:102F0000746865206D6561737572656D656E747347
:102F10000A0000005741524E494E473A20626574FC
:102F2000612063616E6E6F7420626520300A00005C
:102F30004572726F7220696E20636F6E66696720DA
:102F40006E6565642036206E756D626572732066ED
:102F50006F7220537465696E686172742D48617276
:102F6000740A00004572726F7220696E20636F6E82
:102F7000666967206E656564203320537465696EE9
:102F8000686172742D4861727420636F656666694A
:102F90006369656E74730A004572726F7220696EA0
:102FA00020636F6E666967206E6565642072745F6A
:102FB00063757276652C20636F6566666963696503
:102FC0006E74732C2062657461206F7220612076AC
:102FD000616C696420707265646566696E65642001
:102FE000746865726D6973746F7220646566696E6A
:102FF00065640A004550434F533130304B000000A8
:103000005669736861793130304B0000486F6E65E6
:103010007977656C6C3130304B00000053656D6919
:1030200074656300486F6E657977656C6C2D5141EE
:103030004400000053656D697465632D3130344E72
:1030400054340000525252463130304B00000000E0
:103050005252524631304B0048543130304B000010
:103060000000000000000000FD560108095701089B
:10307000E55D0108A1630108D15B0108F563010862
:103080001D570108012F0108F42F0308000000005C
:103090005C12000000207E450050C3470000C8417C
:1030A00044300308000000005C12000000807745F7
:1030B0000050C3470000C84150300308A802000078
:1030C0004006000000C0774500401C460000C84193
:1030D0000C300308000000005C120000006078451E
:1030E0000050C3470000C8411C3003080000000026
:1030F0005C120000005885450050C3470000C841DD
:1031000058300308000000005C12000000607945A0
:103110000050C3470000C84100000000000000004C
:103120008D660108BD660108456B0108652E000823
:10313000692E0008D1660108712E00086D6D010826
:10314000792E00087D2E0008812E0008852E0008AB
:1031500061726D656400000064697361726D65641D
:103160000000000074656D70657261747572652091
:103170007377697463682025730A00005741524EC3
:10318000494E472054454D504552415455524553A0
:1031900057495443483A206E6F20737769746368C7
:1031A000207370656369666965640A006C6576659D
:1031B0006C000000726973696E67000066616C6C78
:1031C000696E67002F2F204661696C656420746FFB
:1031D0002067657420737769746368207374617401
:1031E000652E0D0A000000002F2F204661696C65D6
:1031F00064206368616E67696E67207377697463C2
:10320000682073746174652E0D0A00006361636841
:1032100065643A2025732069732073657420746F88
:103220002025730D0A0000006361636865643A201D
:103230002573206973206E6F7420696E20636F6E32
:103240006669670D0A00000025733A20257320691E
:1032500073206E6F7420696E20636F6E6669670DF0
:103260000A00000025733A202573206973207365D6
:103270007420746F2025730D0A00000025733A2016
:10328000257320686173206265656E207365742004
:10329000746F2025730D0A0025733A202573206E64
:1032A0006F7420656E6F7567682073706163652049
:1032B000746F206F766572777269746520657869BE
:1032C0007374696E67206B65792F76616C75650D17
:1032D0000A000000257320736F7572636520646FA8
:1032E0006573206E6F742065786973740D0A000031
:1032F00055736167653A20636F6E6669672D736504
:103300007420736F757263652073657474696E677A
:103310002076616C7565202320776865726520735F
:103320006F757263652069732073642C20736574F4
:1033300074696E6720697320746865206B657920F5
:10334000616E642076616C756520697320746865B0
:10335000206E65772076616C75650D0A00000000AF
:103360006C6F616400000000636F6E6669672063C4
:1033700061636865206C6F616465640D0A0000001C
:10338000756E6C6F61640000636F6E6669672063C1
:103390006163686520756E6C6F616465640D0A0019
:1033A00064756D7000000000636865636B73756D14
:1033B00000000000636865636B73756D206F6620A5
:1033C0002573203D202530325820253032582025C5
:1033D0003032580A00000000756E737570706F729D
:1033E000746564206F7074696F6E3A206D757374C4
:1033F000206265206F6E65206F66206C6F61647C53
:10340000756E6C6F61647C64756D707C63686563F8
:103410006B73756D0A0000000000000000000000E2
:1034200069720108D1720108BD040208BD040208D6
:103430000000000000000000E572010805730108AB
:103440008D75010875720108000000000000000081
:103450009572010829730108A1740108817201089D
:1034600058595A4541424300050301000204000037
:10347000001060705741524E494E473A20557369CB
:103480006E6720452069732064657072656361749E
:1034900065642C20757365204120616E6420422094
:1034A000666F72206368616E6E656C732033206195
:1034B0006E6420340A0000003B44696769706F74D1
:1034C000204D6F746F722063757272656E74733AFB
:1034D0000A4D3930372000006D63703434353100C7
:1034E000342E32390000000000000000000000000F
:1034F000A1720108B57201089D760108652E0008C9
:10350000692E00083D730108712E0008752E000811
:10351000792E00087D2E0008812E0008852E0008D7
:1035200000000000000000006D7A0108817A0108A7
:10353000997C0108652E0008692E00086D2E000890
:103540009D7A0108752E0008792E00087D2E00084E
:10355000812E0008852E0008414C41524D3A204BE7
:10356000696C6C20627574746F6E20707265737311
:103570006564202D207265736574206F72204D394B
:10358000393920746F20636F6E74696E75650D0A2A
:1035900000000000556E4B696C6C20627574746F8E
:1035A0006E20707265737365642048616C7420636B
:1035B0006C65617265640D0A00000000322E3132C4
:1035C000000000004572726F723A204D6F746F7286
:1035D0002044726976657220616C61726D202D20C5
:1035E0007265736574206F72204D393939207265A8
:1035F00071756972656420746F20636F6E74696E93
:1036000075650D0A00000000554E4B4E4F574E0099
:10361000544D43323636300044525638373131003B
:103620004D6F746F72447269766572436F6E747217
:103630006F6C204552524F523A2061786973206E68
:103640006F7420646566696E65640A004D6F746FFF
:1036500072447269766572436F6E74726F6C204546
:1036600052524F523A2061786973206D75737420FD
:103670006265206F6E65206F662058595A4142433B
:103680000A0000004D6F746F724472697665724370
:103690006F6E74726F6C202563204552524F523A00
:1036A00020636869702073656C656374206E6F7445
:1036B00020646566696E65640A0000004D6F746F72
:1036C00072447269766572436F6E74726F6C2025F6
:1036D00063204552524F523A2063686970207479D2
:1036E0007065206E6F7420646566696E65640A009B
:1036F0004D6F746F72447269766572436F6E747247
:103700006F6C202563204552524F523A20556E6B04
:103710006E6F776E206368697020747970653A20E7
:1037200025730A004D6F746F724472697665724337
:103730006F6E74726F6C202563204552524F523A5F
:1037400020556E6B6E6F776E205350492043686131
:103750006E6E656C3A2025640A0000004D6F746F30
:1037600072447269766572436F6E74726F6C204931
:103770004E464F3A20636F6E6669677572656420C6
:103780006D6F746F7220256320282564293A2061AB
:10379000732025732C2063733A20253034580A0097
:1037A0007265676973746572206F706572617469A0
:1037B0006F6E207375636365656465640A0000005D
:1037C0007265676973746572206F70657261746980
:1037D0006F6E206661696C65640A00006F707469C1
:1037E0006F6E73207365740A000000006661696C77
:1037F000656420746F2073657420616E79206F702A
:1038000074696F6E730A000073746570732F6D6D49
:1038100020666F72202563206368616E676564208F
:10382000746F3A2025660A003B4D6F746F72202535
:1038300063206964202564202063757272656E744C
:10384000206D413A0A0000004D39303620256325AD
:103850006C750A003B4D6F746F722025632069649C
:1038600020256420206D6963726F73746570733AEC
:103870000A0000004D393039202563256C750A0097
:103880004D6F746F7220256420282563292E2E2EFB
:103890000A0000000000000000000000000000001E
:1038A000D17F0108E57F010821890108652E000804
:1038B000692E0008D18A0108E989010811800108F0
:1038C000792E00087D2E0008018001087D7F010807
:1038D000000000002F73642F6F6E5F626F6F742E95
:1038E00067636F6465000000202D000043757272ED
:1038F000656E746C79207072696E74696E672C20C5
:1039000061626F7274207072696E7420666972737E
:10391000740D0A0046696C65206E6F7420666F75C1
:103920006E643A2025730D0A00000000506C617926
:10393000696E672025730D0A0000000056760000AE
:103940005741524E494E47202D20436F756C6420DD
:103950006E6F74206765742066696C652073697A80
:10396000650D0A00202046696C652073697A652020
:10397000256C640D0A000000426200005344207070
:1039800072696E74696E67206279746520256C7542
:103990002F256C750D0A00005344207072696E74F7
:1039A0002069732070617573656420617420256CD3
:1039B000752F256C750D0A004E6F74206375727239
:1039C000656E746C7920706C6179696E670D0A00A0
:1039D00066696C653A2025732C20257520252520E5
:1039E000636F6D706C6574652C20656C61707365B8
:1039F000642074696D653A202530326C753A253043
:103A0000326C753A2530326C750000002C206573DD
:103A1000742074696D653A202530326C753A253012
:103A2000326C753A2530326C7500000046696C6561
:103A30002073697A6520697320756E6B6E6F776E7F
:103A40000D0A000041626F7274656420706C6179C8
:103A5000696E67206F722070617573656420666996
:103A60006C652E20506C65617365207475726E20D4
:103A7000616E792068656174657273206F66662077
:103A80006D616E75616C6C790D0A0000416C726538
:103A90006164792073757370656E6465640A0000F3
:103AA0002F2F2053757370656E64696E6720707276
:103AB000696E742C2077616974696E6720666F7215
:103AC00020717565756520746F20656D7074792E31
:103AD0002E2E0A00680000002F2F20616374696F8A
:103AE0006E3A70617573650D0A0000002F2F205328
:103AF000757370656E6420636C65617265640A003D
:103B00004E6F742073757370656E6465640A00008F
:103B10002F2F20726573756D696E67207072696EE4
:103B2000742E2E2E0A0000002F2F20576169746911
:103B30006E6720666F7220686561746572732E2EE1
:103B40002E0A0000526573756D652061626F727494
:103B50006564206279206B696C6C0A002F2F204508
:103B60007865637574696E67206265666F7265203B
:103B7000726573756D652067636F64652E2E2E0AFE
:103B8000000000002F2F20526573746F72696E67FA
:103B90002073617665642058595A20706F73697478
:103BA000696F6E7320616E642073746174652E2E6C
:103BB0002E0A00004735332047302058256620590B
:103BC0002566205A256600002F2F20526573756DDB
:103BD000696E67207072696E740A00002F2F206171
:103BE0006374696F6E3A726573756D650D0A0000D6
:103BF00070726F67726573730000000061626F72AC
:103C00007400000073757370656E6400726573757F
:103C10006D650000706C6179000000005344206302
:103C2000617264206E6F7420737570706F7274654A
:103C3000640D0A0066696C652E6F70656E206661A2
:103C4000696C65643A2025730D0A000046696C654D
:103C5000206F70656E65643A25732053697A653A02
:103C6000256C640D0A00000046696C652073656C64
:103C700065637465640D0A004E6F2066696C65208B
:103C80006C6F616465640D0A000000002D62000025
:103C90002F2F2057616974696E6720666F722071DB
:103CA0007565756520746F20656D7074792028487E
:103CB0006F7374206D7573742073746F70207365E7
:103CC0006E64696E67292E2E2E0A0000537573707C
:103CD000656E642061626F72746564206279206B26
:103CE000696C6C0A000000002F2F20536176696E0A
:103CF000672063757272656E742073746174652ECB
:103D00002E2E0A002F2F205072696E742053757367
:103D100070656E6465642C20656E746572207265D2
:103D200073756D6520746F20636F6E74696E756551
:103D3000207072696E74696E670A00002573000056
:103D40005761726E696E673A204469736361726489
:103D50006564206C6F6E67206C696E650A000000F8
:103D6000446F6E65207072696E74696E6720666953
:103D70006C650D0A0000000000000000000000005B
:103D800031A20108D9A20108D58E01080DA70108AA
:103D9000399C0108319E0108712E0008A18D01088F
:103DA000B18D01080D96010839970108852E00088C
:103DB000342E323821000000000000000000000016
:103DC000C9A80108DDA8010831AB0108652E00086B
:103DD000692E00086D2E0008712E0008752E00084F
:103DE000792E00087D2E0008812E0008852E0008FF
:103DF000E84A0308D9BB0108E84D03085DB0010893
:103E0000EC4D030819AC0108F04D0308A5C90108E1
:103E1000F44D030855AF0108F84D0308BDB1010882
:103E2000FC4D0308D1AF0108044E030851BA010844
:103E30000C4E030835AC0108144E030841AE0108CE
:103E4000184E030851AC01080816030865AC0108B8
:103E5000204E030865AC0108244E03085DAE01083E
:103E60002C4E0308F1B30108304E030821D201089B
:103E7000344E0308F5B00108404E0308B1B50108FF
:103E8000484E03080DAF010860330308EDB8010880
:103E90004C4E030899B20108544E030805AC0108C2
:103EA0005C4E030801B701086C4E0308D5AE01084B
:103EB000784E030829BE0108804E030851BF01084F
:103EC00000000000000000006E6F20534420646575
:103ED000766963650D0A0000536D6F6F74686965DC
:103EE000206F75742E2050656163652E20526562C7
:103EF0006F6F74696E6720696E2035207365636F1C
:103F00006E64732E2E2E0D0A00000000456E74653F
:103F100072696E67204D5249206465627567206D35
:103F20006F64652E2E2E0D0A00000000436F6D6D2C
:103F3000616E64733A0D0A0076657273696F6E0D77
:103F40000A0000006D656D205B2D765D0D0A000096
:103F50006C73205B2D735D205B666F6C6465725DB6
:103F60000D0A0000636420666F6C6465720D0A00C0
:103F70007077640D0A0000006361742066696C65E7
:103F8000205B6C696D69745D205B2D642031305D50
:103F90000D0A0000726D2066696C650D0A00000054
:103FA0006D762066696C65206E657766696C650D57
:103FB0000A00000072656D6F756E740D0A000000D6
:103FC000706C61792066696C65205B2D765D0D0AE9
:103FD0000000000070726F6772657373202D20738C
:103FE000686F77732070726F6772657373206F6686
:103FF0002063757272656E7420706C61790D0A00B1
:1040000061626F7274202D2061626F72742063751B
:104010007272656E746C7920706C6179696E67205C
:1040200066696C650D0A00007265736574202D2049
:10403000726573657420736D6F6F746869650D0ABE
:1040400000000000646675202D20656E7465722086
:1040500064667520626F6F74206C6F616465720DA9
:104060000A000000627265616B202D20627265613A
:104070006B20696E746F2064656275676765720D89
:104080000A000000636F6E6669672D676574205BC8
:104090003C636F6E66696775726174696F6E5F739A
:1040A0006F757263653E5D203C636F6E6669677510
:1040B000726174696F6E5F73657474696E673E0DCB
:1040C0000A000000636F6E6669672D736574205B7C
:1040D0003C636F6E66696775726174696F6E5F735A
:1040E0006F757263653E5D203C636F6E66696775D0
:1040F000726174696F6E5F73657474696E673E2078
:104100003C76616C75653E0D0A00000067657420A1
:104110005B706F737C7763737C73746174657C739D
:1041200074617475737C666B7C696B5D0D0A00004D
:104130006765742074656D70205B6265647C686F70
:1041400074656E645D0D0A007365745F74656D70EF
:10415000206265647C686F74656E64203138350D4B
:104160000A000000737769746368206E616D6520D2
:104170005B76616C75655D0D0A0000006E65740DFF
:104180000A0000006C6F6164205B66696C655D20ED
:104190002D206C6F616473206120636F6E666967A8
:1041A00075726174696F6E206F766572726964658D
:1041B0002066696C652066726F6D20736F65636938
:1041C00066696564206E616D65206F7220636F6E35
:1041D0006669672D6F766572726964650D0A000005
:1041E00073617665205B66696C655D202D20736167
:1041F000766573206120636F6E666967757261749E
:10420000696F6E206F766572726964652066696C8D
:1042100065206173207370656369666965642066F3
:10422000696C656E616D65206F7220617320636FCC
:104230006E6669672D6F766572726964650D0A0036
:1042400075706C6F61642066696C656E616D652068
:104250002D20736176657320612073747265616DC2
:10426000206F66207465787420746F2074686520F0
:104270006E616D65642066696C650D0A0000000062
:1042800063616C635F746865726D6973746F7220CB
:104290005B2D73305D2054312C52312C54322C5212
:1042A000322C54332C5233202D2063616C63756C97
:1042B0006174652074686520537465696E68617205
:1042C00074204861727420636F656666696369650E
:1042D0006E747320666F72206120746865726D69F8
:1042E00073746F720D0A0000746865726D6973747F
:1042F0006F7273202D207072696E74206F75742038
:1043000074686520707265646566696E65642074A2
:104310006865726D6973746F72730D0A0000000036
:104320006D643573756D2066696C65202D20707223
:10433000696E7473206D64352073756D206F66200F
:1043400074686520676976656E2066696C650D0A1C
:1043500000000000456E746572696E6720626F6FC1
:1043600074206D6F64652E2E2E0D0A0053544D334C
:1043700032463400556E6B6E6F776E004275696C15
:10438000642076657273696F6E3A2025732C204223
:1043900075696C6420646174653A2025732C204D26
:1043A00043553A2025732C2053797374656D20434F
:1043B0006C6F636B3A20256C644D487A0D0A0000DF
:1043C000256420617869730A000000004E6F206E3A
:1043D0006574776F726B2064657465637465640AD5
:1043E00000000000436F756C64206E6F742064657C
:1043F0006C657465202573200D0A0000636F756C71
:1044000064206E6F742063726561746520646972E4
:104410006563746F72792025730D0A00637265619C
:10442000746564206469726563746F7279202573A2
:104430000D0A0000436F756C64206E6F74206F70FE
:10444000656E206469726563746F727920257320CC
:104450000D0A000025732074656D7020736574204B
:10446000746F3A2025332E31660D0A0025732069BA
:1044700073206E6F742061206B6E6F776E20746591
:104480006D706572617475726520646576696365C7
:104490000D0A0000436F756C64206E6F74207265A6
:1044A0006E616D6520257320746F2025730D0A00E1
:1044B00072656E616D656420257320746F202573AD
:1044C0000D0A00004D353030000000005365747453
:1044D000696E67732053746F72656420746F202552
:1044E000730D0A004348554E4B2046524545000087
:1044F000556E7573656420486561703A20256C754A
:104500002062797465730D0A0000000055736564BC
:1045100020486561702053697A653A20256C750AD8
:104520000000000020204368756E6B3A20256C75F2
:104530002020416464726573733A203078253038E6
:104540006C58202053697A653A20256C7520202507
:10455000730A0000416C6C6F63617465643A2025D6
:104560006C752C20467265653A20256C750D0A0025
:10457000546F74616C20467265652052414D3A203B
:10458000256C752062797465730D0A004672656545
:1045900020414842303A20256C752C204148423158
:1045A0003A20256C750D0A00426C6F636B207369AD
:1045B0007A653A2025752062797465732C205469D8
:1045C000636B696E666F2073697A653A2025752082
:1045D00062797465730A0000756E6B6E6F776E207A
:1045E0007377697463682025732E0A007377697482
:1045F00063682025732069732025640A0000000089
:104600006F6E00006F6666007377697463682025BB
:10461000732073657420746F3A2025730A000000BC
:104620002573206973206E6F742061206B6E6F7725
:104630006E20737769746368206465766963650AC0
:10464000000000002D730000537465696E6861728C
:1046500074204861727420636F656666696369657A
:104660006E74733A20204925312E313866204A2550
:10467000312E313866204B25312E3138660A000044
:1046800020205061737465207468652061626F76C4
:104690006520696E20746865204D333035205330B5
:1046A00020636F6D6D616E642C207468656E20737D
:1046B0006176652077697468204D3530300A0000D6
:1046C0004D33303520532564204925312E3138664D
:1046D000204A25312E313866204B25312E3138665F
:1046E00000000000202053657474696E67205468D0
:1046F00065726D6973746F7220256420746F207405
:10470000686F73652073657474696E67732C2073AA
:104710006176652077697468204D3530300A000075
:1047200055736167653A2063616C635F7468657295
:104730006D6973746F722054312C52312C54322CA9
:1047400052322C54332C52330A0000004C6F6164F7
:10475000696E6720636F6E666967206F7665727237
:104760006964652066696C653A2025732E2E2E0AD1
:10477000000000002020257300000000636F6E66BB
:104780006967206F766572726964652066696C6519
:104790002065786563757465640A000046696C6518
:1047A000206E6F7420666F756E643A2025730A0060
:1047B00075706C6F6164206E6F7420616C6C6F77C4
:1047C0006564207768696C65207072696E74696EC3
:1047D00067206F7220627573790A000075706C6FC4
:1047E0006164696E6720746F2066696C653A202584
:1047F000732C2073656E6420636F6E74726F6C2D02
:1048000044206F7220636F6E74726F6C2D5A207427
:104810006F2066696E6973680D0A00006661696CD5
:10482000656420746F206F70656E2066696C653AF0
:104830002025732E0D0A000075706C6F616465642D
:104840002025642062797465730A00006572726FB6
:10485000722077726974696E6720746F2066696C64
:10486000652E2069676E6F72696E6720616C6C20BF
:104870006368617261637465727320756E74696CCC
:1048800020454F460D0A000020256400436F756CDB
:1048900064206E6F74206F70656E2064697265634A
:1048A000746F72792025730D0A000000257320258E
:1048B000730A00006A6F67004739312047302025AE
:1048C000632566204625662047393000646F6E6593
:1048D0000A000000636972636C650000473931208B
:1048E000473020582566204625662047393000008D
:1048F000473220492566204A3020462566000000C0
:104900007371756172650000473931204730205856
:1049100025662046256600004730205925660000A0
:10492000473020582566000047302059256620472B
:1049300039300000726177006572726F723A2061DF
:10494000786973206D75737420626520782C2079E6
:104950002C207A2C20612C20622C20630A0000007D
:104960006572726F723A2061786973206973206F83
:104970007574206F662072616E67650A0000000022
:1049800075736167653A0A2074657374206A6F678E
:1049900020617869732064697374616E636520694E
:1049A0007465726174696F6E73205B6665656472AD
:1049B0006174655D0A000000207465737420737172
:1049C000756172652073697A6520697465726174B6
:1049D000696F6E73205B66656564726174655D0AFC
:1049E00000000000207465737420636972636C6555
:1049F0002072616469757320697465726174696F8E
:104A00006E73205B66656564726174655D0A0000A3
:104A100020746573742072617720617869732073E4
:104A2000746570732073746570732F7365630A0007
:104A30006572726F723A204E6565642061786973A1
:104A40002064697374616E63652069746572617452
:104A5000696F6E730A0000006572726F723A204EC1
:104A6000656564207261646975732069746572613B
:104A700074696F6E730A00006572726F723A204E2D
:104A80006565642073697A6520697465726174690B
:104A90006F6E730A000000006572726F723A204EEA
:104AA0006565642061786973207374657073207321
:104AB000746570732F7365630A0000002D64000035
:104AC0001A000000426567696E2066696C65206C9B
:104AD0006973740D0A000000456E642066696C6598
:104AE000206C6973740D0A006C7300005B6375724F
:104AF00072656E74205743533A2025735D0A000097
:104B00005B25733A25312E34662C25312E34662CE4
:104B100025312E34665D0A005B4732383A25312E46
:104B200034662C25312E34662C25312E34665D0AF0
:104B3000000000005B4733303A25312E34662C25C7
:104B4000312E34662C25312E34665D0A00000000BB
:104B50005B4739323A25312E34662C25312E3466A6
:104B60002C25312E34665D0A000000005B546F6F07
:104B70006C204F66667365743A25312E34662C2599
:104B8000312E34662C25312E34665D0A000000007B
:104B90005B544C303A25312E34665D0A000000002B
:104BA0005B5052423A25312E34662C25312E346624
:104BB0002C25312E34663A25645D0A0025732028A1
:104BC0002564292074656D703A2025662F2566209E
:104BD0004025640D0A0000006E6F206865617465F1
:104BE000727320666F756E640D0A00002573207461
:104BF000656D703A2025662F2566204025640D0AD4
:104C000000000000666B0000696B00006361727455
:104C1000657369616E3D20582025662C205920253A
:104C2000662C205A2025660A000000006163747516
:104C300061746F723D20582025662C20592025660E
:104C40002C205A2025660A006C6173742025730A93
:104C5000000000007265616C74696D652025730A3F
:104C600000000000776373002D7600007374617498
:104C7000650000005B4725642025732047256420DC
:104C80004725642047256420473934204D30204D86
:104C900035204D3920542564204625312E34662098
:104CA0005325312E34665D0A000000007374617470
:104CB000757300006572726F723A756E6B6E6F7706
:104CC0006E206F7074696F6E2025730A00000000FB
:104CD0002D6D0000706F73006572726F723A75739C
:104CE0006167653A20676574205B666B7C696B5D04
:104CF000205B2D6D5D20785B2C792C7A5D0A00009D
:104D000058595A414243000075736167653A20243F
:104D10004A20587C597C5A7C417C427C4320302E6E
:104D20003031205B46302E355D0A00006572726FAF
:104D3000723A62616420617869730A00460000007B
:104D400075736167653A20244A2058302E3031202F
:104D50005B46302E355D0A005B43617574696F6E8A
:104D60003A20556E6C6F636B65645D0A6F6B0A0069
:104D70004732382E32000000473238006572726FB9
:104D8000723A496E76616C69642073746174656D02
:104D9000656E740A00000000636F6E6669672D73AC
:104DA00065740000636F6E6669672D6C6F616400E7
:104DB0006F6B00006572726F723A556E737570702A
:104DC0006F7274656420636F6D6D616E64202D2059
:104DD00025730A00636F6E6669672D67657400004E
:104DE000666972650000000063640000707764000B
:104DF00063617400726D00006D7600006D6B646914
:104E00007200000075706C6F6164000072657365FC
:104E10007400000064667500627265616B000000DA
:104E20003F00000076657273696F6E006D656D00FE
:104E3000676574007365745F74656D7000000000D1
:104E400073776974636800006E65740073617665DA
:104E50000000000072656D6F756E740063616C63B5
:104E60005F746865726D6973746F720074686572DF
:104E70006D6973746F7273006D643573756D0000C6
:104E80007465737400000000000000000000000062
:104E9000DDAE0108F1AE010801AE0108652E000883
:104EA0009DDB010811CC0108712E000829AE010814
:104EB000792E00087D2E0008812E0008852E00081E
:104EC000526567697374657273207772697474656B
:104ED0006E0A0000313A204354524C2052656769F3
:104EE000737465720A000000323A20544F525155D3
:104EF000452052656769737465720A00333A204F22
:104F000046462052656769737465720A00000000A6
:104F1000343A20424C414E4B2052656769737465A8
:104F2000720A0000353A20444543415920526567D2
:104F300069737465720A0000363A205354414C4C30
:104F40002052656769737465720A0000373A20441D
:104F5000524956452052656769737465720A0000AC
:104F60003235353A207772697465207265676973E6
:104F70007465727320746F20636869700A000000A2
:104F800064657369676E61746F723A2025632C20C3
:104F900052656769737465722044756D703A0A00D2
:104FA0004354524C3A202530345820282530345868
:104FB000293A20004454494D453A2025752C204972
:104FC000534741494E3A2025752C204558535441AA
:104FD0004C4C3A2025752C204D4F44453A202575E0
:104FE0002C2052535445503A2025752C20524449C8
:104FF000523A2025752C20454E424C3A20257520EA
:105000002D200000284454494D453A2025752C2078
:1050100049534741494E3A2025752C204558535451
:10502000414C4C3A2025752C204D4F44453A2025C3
:10503000752C2052535445503A2025752C2052444B
:1050400049523A2025752C20454E424C3A20257570
:10505000290A0000544F525155453A202530345802
:10506000202825303458293A0000000053494D507B
:105070004C54483A2025752C20544F525155453AEE
:10508000202575202D2000002853494D504C5448B0
:105090003A2025752C20544F525155453A202575FC
:1050A000290A00004F46463A20253034582028254A
:1050B00030345829202D200050574D4D4F44453A4B
:1050C0002025752C20544F46463A202575202D204A
:1050D000000000002850574D4D4F44453A2025759B
:1050E0002C20544F46463A202575290A000000001E
:1050F000424C414E4B3A202530345820282530343C
:105100005829202D200000004142543A2025752CBA
:105110002054424C414E4B3A202575202D20000052
:10512000284142543A2025752C2054424C414E4B84
:105130003A202575290A000044454341593A202563
:1051400030345820282530345829202D20000000E4
:105150004445434D4F443A2025752C205444454343
:1051600041593A202575202D200000002844454350
:105170004D4F443A2025752C205444454341593A1B
:10518000202575290A0000005354414C4C3A202533
:1051900030345820282530345829202D2000000094
:1051A000564449563A2025752C205344434E543AD0
:1051B0002025752C2053445448523A202575202D23
:1051C0002000000028564449563A2025752C2053CB
:1051D00044434E543A2025752C2053445448523AA7
:1051E000202575290A00000044524956453A2025D9
:1051F00030345820282530345829202D2000000034
:10520000494452495645503A2025752C204944526C
:105210004956454E3A2025752C205444524956454E
:10522000503A2025752C205444524956454E3A2078
:1052300025752C204F43504445473A2025752C2096
:105240004F435054483A202575202D20000000007F
:1052500028494452495645503A2025752C20494446
:10526000524956454E3A2025752C205444524956F1
:1052700045503A2025752C205444524956454E3A03
:105280002025752C204F43504445473A2025752C46
:10529000204F435054483A202575290A0000000049
:1052A0005354415455533A2025303258202D200074
:1052B0005354444C41543A2025752C205354443ABD
:1052C0002025752C2055564C4F3A2025752C204210
:1052D0005044463A2025752C20415044463A20251A
:1052E000752C20424F43503A2025752C20414F43C6
:1052F000503A2025752C204F54533A2025750A002A
:105300002043757272656E743A2025660A000000AB
:10531000204D6963726F73746570733A20312F2565
:10532000640A0000206D6F746F725F647269766545
:10533000725F636F6E74726F6C2E7878782E726500
:105340006720253033582C253033582C25303358DE
:105350002C253033582C253033582C253033582CFD
:10536000253033580A00000025632C204552524F47
:10537000523A204F76657274656D7065726174750E
:1053800072652073687574646F776E0A00000000A0
:1053900025632C204552524F523A204368616E6E6D
:1053A000656C2041206F7665722063757272656E40
:1053B000742073687574646F776E0A0025632C20FF
:1053C0004552524F523A204368616E6E656C2042DE
:1053D000206F7665722063757272656E74207368D3
:1053E0007574646F776E0A0025632C204552524F06
:1053F000523A204368616E6E656C20412070726580
:10540000647269766572206661756C740A000000CA
:1054100025632C204552524F523A204368616E6EEC
:10542000656C2042207072656472697665722066D0
:1054300061756C740A0000002563202D20574152CD
:105440004E494E473A204F76657274656D706572AD
:105450006174757265205072657761726E696E67EE
:10546000210A00002563202D204552524F523A2038
:105470004F76657274656D706572617475726520C2
:1054800053687574646F776E210A00002563202DC0
:10549000204552524F523A2053484F525420746F75
:1054A0002067726F756E64206F6E206368616E6E28
:1054B000656C2041210A00002563202D20455252B1
:1054C0004F523A2053484F525420746F2067726FE6
:1054D000756E64206F6E206368616E6E656C20422D
:1054E000210A00002563202D204552524F523A20B8
:1054F0004368616E6E656C2041207365656D732035
:10550000746F20626520756E636F6E6E656374657F
:1055100064210A002563202D204552524F523A2023
:105520004368616E6E656C2042207365656D732003
:10553000746F20626520756E636F6E6E656374654F
:1055400064210A0064657369676E61746F72202557
:10555000632C2043686970207479706520544D4332
:105560003236580A00000000494E464F3A20537424
:10557000616C6C204775617264206C6576656C2087
:1055800072656163686564210A000000494E464FF8
:105590003A204D6F746F72206973207374616E646A
:1055A000696E67207374696C6C2E0A004D696372B2
:1055B0006F7374657020706F736974696F6E20709B
:1055C0006861736520413A2025640A005374616C58
:1055D0006C2047756172642076616C75653A202590
:1055E000640A000043757272656E7420736574748A
:1055F000696E673A2025646D410A0000436F6F6C45
:10560000737465702063757272656E743A202564D8
:105610006D410A004D6963726F73746570733A204F
:10562000312F25640A000000526567697374657242
:105630002064756D703A0A00206472697665722084
:10564000636F6E74726F6C207265676973746572D4
:105650003A202530386C5828256C64290A0000004F
:105660002063686F7070657220636F6E6669672073
:1056700072656769737465723A202530386C5828F2
:10568000256C64290A00000020636F6F6C2073741E
:1056900065702072656769737465723A20253038C9
:1056A0006C5828256C64290A00000000207374617E
:1056B0006C6C206775617264322063757272656EFE
:1056C000742072656769737465723A202530386C8E
:1056D0005828256C64290A00206472697665722056
:1056E000636F6E66696775726174696F6E2072654B
:1056F0006769737465723A202530386C5828256CB8
:1057000064290A00206D6F746F725F647269766538
:10571000725F636F6E74726F6C2E7878782E72651C
:1057200067202530356C582C2530356C582C2530A9
:10573000356C582C2530356C582C2530356C580A72
:105740000000000023736725642C70256C752C6B9A
:1057500025752C722C00000023732C006425642C0A
:10576000000000006325752C6D25642C00000000EE
:105770007425642C6625642C000000004B652B2CDE
:10578000000000004B652D2C000000004B6C2575BF
:105790002C4B7525752C4B6E25752C4B6925752C5E
:1057A0004B6D25752C000000616F2C0061672C008B
:1057B000612D2C00626F2C0062672C00622D2C0082
:1057C000782D2C0078772C0078652C00436D2564AB
:1057D0002C000000436F25642C436225642C0000DC
:1057E000437325642C436525642C436425642C0095
:1057F00065312C0065302C00647269766572206317
:105800006F6E74726F6C2072656769737465722055
:1058100073657420746F202530386C580A000000BE
:1058200063686F7070657220636F6E66696720725F
:10583000656769737465722073657420746F2025C1
:1058400030386C580A000000636F6F6C2073746509
:105850007020726567697374657220736574207453
:105860006F202530386C580A000000007374616C9A
:105870006C206775617264322063757272656E7434
:105880002072656769737465722073657420746F24
:10589000202530386C580A0064726976657220637E
:1058A0006F6E66696775726174696F6E2072656785
:1058B00069737465722073657420746F20253038A5
:1058C0006C580A00313A2064726976657220636F01
:1058D0006E74726F6C2072656769737465720A000A
:1058E000323A2063686F7070657220636F6E66690C
:1058F000672072656769737465720A00333A2063C2
:105900006F6F6C207374657020726567697374655E
:10591000720A0000343A207374616C6C2067756100
:105920007264322063757272656E74207265676985
:10593000737465720A000000353A206472697665F6
:105940007220636F6E66696775726174696F6E202D
:1059500072656769737465720A0000003235353A02
:105960002075706461746520616C6C207265676974
:1059700073746572730A00006D61703A3A61740065
:105980000000000001000000110000000200000003
:1059900012000000030000000000111000002110A0
:1059A0000000311000001210000022100000321020
:1059B0000000001050696E6D6170206572726F7228
:1059C0003A2077726F6E6720706F7274206E756DFB
:1059D0006265722E0000000043616E6E6F74206974
:1059E0006E697469616C697A652050574D0A0000D0
:1059F00043616E6E6F7420696E697469616C697A57
:105A0000652055415254000006000000003001405E
:105A100093020000140000000030014093020000D7
:105A20001E00000000380040930200002200000029
:105A300000380040930200002B000000003C0040B2
:105A400013030000FFFF0000FFFFFFFF0000000046
:105A50000500000000300140930200001300000028
:105A600000300140930200001A000000003800409E
:105A7000930200001D000000003800409302000067
:105A80002A000000003C004013030000FFFF00005C
:105A9000FFFFFFFF0000000017000000005400405F
:105AA000040200001900000000540040040200003D
:105AB0001B00000000580040040200002900000004
:105AC000005C00400402000050000000005800404C
:105AD00004020000750000000058004004020000AD
:105AE00078000000005C004004020000FFFF00009E
:105AF000FFFFFFFF0000000001000000004C00401D
:105B00001304000003000000004400409303000061
:105B10000A00000000100140930300000C00000088
:105B200000140140130400001700000000100140A1
:105B3000930300001B000000004800409303000096
:105B40002700000000140140130400002B00000097
:105B5000004C0040130400003600000000440040E8
:105B60009303000039000000004800409303000048
:105B7000690000000014014013040000FFFF000052
:105B8000FFFFFFFF0000000000000000000C0040CD
:105B90001309000001000000000C00401311000078
:105BA00002000000000C0040131900000300000078
:105BB000000C00401321000005000000000401401B
:105BC0009389000006000000000400401309000053
:105BD000070000000004004013110000080000004E
:105BE000000001409308000009000000000001408F
:105BF000931000000A00000000000140931800000C
:105C00000B00000000000140932000001000000085
:105C100000040040131900001100000000040040BF
:105C2000132100001300000000000040931000004A
:105C300014000000000400401309000015000000DB
:105C4000000400401311000016000000000800408E
:105C500013090000170000000008004013110000A5
:105C6000180000000008004013190000190000008F
:105C700000080040132100001A000000000000404E
:105C8000931800001B00000000000040932000005B
:105C90001D00000000000140938800001E0000006D
:105CA00000040140939100001F0000000004014027
:105CB00093990000260000000004014093090000B1
:105CC000270000000004014093110000280000009C
:105CD0000004014093190000290000000004014065
:105CE000932100003C000000000800401309000060
:105CF0003D00000000080040131100003E000000BD
:105D000000080040131900003F0000000008004098
:105D100013210000450000000040014093090000ED
:105D200046000000004001409311000048000000C0
:105D3000000001409388000049000000000001407D
:105D4000930800004A00000000000140939000000A
:105D50004B00000000000140931000004C000000C8
:105D600000000140939800004D0000000000014039
:105D7000931800004E000000000001409320000036
:105D80005600000000440140930900005700000045
:105D9000004801409309000058000000001C00402A
:105DA000930C00007A000000000C00401309000072
:105DB0007B000000000C0040131100007C0000007C
:105DC000000C0040131900007D0000000004014099
:105DD000938900007E0000000004014093910000C0
:105DE0007F00000000040140939900008000000043
:105DF000000C00401321000082000000000401405C
:105E00009321000085000000000401409309000078
:105E1000860000000004014093110000870000008C
:105E20000004014093190000FFFF0000FFFFFFFF87
:105E30000000000008000000005C004004020000B8
:105E4000160000000054004004020000180000008A
:105E500000540040040200001A00000000580040F6
:105E6000040200005100000000580040040200003D
:105E70007400000000580040040200007700000099
:105E8000005C004004020000FFFF0000FFFFFFFF76
:105E900000000000000000000044004093030000E8
:105EA0000B00000000100140930300001D000000E3
:105EB000004800409303000033000000004400400D
:105EC000930300003B0000000048004093030000E3
:105ED0006D00000000140140130400006F0000007A
:105EE0000014014013040000FFFF0000FFFFFFFF4C
:105EF0000000000007000000003001409302000095
:105F00001500000000300140930200001F00000057
:105F100000380040930200002300000000380040D9
:105F2000930200002C000000003C0040130300001E
:105F3000FFFF0000FFFFFFFF000000000000000067
:105F4000004C004013040000020000000044004028
:105F500093030000090000000010014093030000BB
:105F60000B000000001401401304000016000000A4
:105F700000100140930300001A0000000048004098
:105F800093030000260000000014014013040000E9
:105F90002A000000004C00401304000035000000FF
:105FA0000044004093030000380000000048004017
:105FB000930300006E000000001401401304000071
:105FC000FFFF0000FFFFFFFF0000000000000000D7
:105FD00000200140050000000100000000200140F9
:105FE000050800000200000000200140051000002C
:105FF000030000000020014005180000040000001C
:1060000000200140052000000500000000200140A4
:1060100005280000060000000020014005300000B7
:1060200007000000002001400538000010000000BB
:106030000020014005400000110000000020014048
:10604000054800002000000000200140055000002D
:10605000210000000020014005580000220000003F
:1060600000200140056000002300000000200140E6
:1060700005680000240000000020014005700000B9
:10608000250000000020014005780000FFFF00000F
:10609000FFFFFFFF0000000004000000003001408F
:1060A000830200000F000000003001408302000066
:1060B0001900000000380040830200001C000000AE
:1060C0000038004083020000FFFF0000FFFFFFFFD9
:1060D00000000000000000000000000001020304B6
:1060E000060708090000000001020304636F756CD5
:1060F00064206E6F742070696E6F7574000000000C
:1061000070696E6D6170206D69732D6D6174636867
:106110000000000070696E6D6170206E6F74206603
:106120006F756E6420666F72207065726970686545
:1061300072616C0070696E6D6170206E6F742066A4
:106140006F756E6420666F722066756E6374696F1A
:106150006E000000000000000000000000000000D1
:10616000ED2202082D23020805230208FD22020861
:10617000012302080D230208192302080000000071
:1061800000000000000000008D2902088929020893
:10619000BD290208F1290208ED290208F5290208A3
:1061A000F9290208D9230208FD230208C92302089D
:1061B000B1230208FCFFFFFF00000000F5230208E6
:1061C0002124020800000000000000000000000080
:1061D000AD240208B9240208652502080000000069
:1061E0002F737464696E00002F737464657272009B
:1061F0002F7374646F7574000000000000000000CD
:10620000BD040208BD040208BD040208BD04020862
:10621000BD040208BD0402087D250208B12502085C
:10622000DD250208000000003A257000457863650E
:106230007074696F6E000000000000000000000034
:106240008D29020889290208BD290208F1290208BE
:10625000ED290208F5290208F9290208FD2902089A
:10626000292A0208BD040208BD040208FCFFFFFF42
:1062700000000000212A02083D2A02080000000058
:10628000772B000043616E6E6F7420696E697469CC
:10629000616C697A652053504900000000000000DD
:1062A0000000000000000000C5300208F5300208C0
:1062B0000000000000000000BD040208BD04020848
:1062C000BD040208BD040208BD040208BD040208A2
:1062D0007D250208AD310208D9310208FCFFFFFF1D
:1062E00000000000D1310208053202080000000061
:1062F00062617369635F737472696E673A3A61745D
:106300000062617369635F737472696E673A3A63BE
:106310006F70790062617369635F737472696E672D
:106320003A3A636F6D706172650062617369635FB1
:10633000737472696E673A3A5F535F637265617432
:10634000650062617369635F737472696E673A3A7C
:1063500065726173650062617369635F737472690A
:106360006E673A3A5F4D5F7265706C6163655F613D
:1063700075780062617369635F737472696E673AFE
:106380003A696E736572740062617369635F7374F6
:1063900072696E673A3A7265706C6163650062613A
:1063A0007369635F737472696E673A3A6173736994
:1063B000676E0062617369635F737472696E673AD6
:1063C0003A617070656E640062617369635F7374D3
:1063D00072696E673A3A726573697A6500626173D1
:1063E00069635F737472696E673A3A5F535F636F94
:1063F0006E737472756374206E756C6C206E6F743E
:106400002076616C69640062617369635F737472A2
:10641000696E673A3A62617369635F737472696E39
:10642000670062617369635F737472696E673A3A99
:1064300073756273747200006937AC31682122335E
:10644000B40F14336821A2333863ED3EDA0F493FAD
:106450005E987B3FDA0FC93F6C6F676600000000F3
:10646000706F776600000000737172746600000040
:106470000000000000C0153F00000000DCCFD13557
:106480000000803F0000C03F000FC93F000F49409F
:1064900000CB9640000FC9400053FB4000CB164193
:1064A00000ED2F41000F49410031624100537B4113
:1064B000003A8A4100CB9641005CA34100EDAF4118
:1064C000007EBC41000FC94100A0D5410031E2412E
:1064D00000C2EE410053FB4100F20342003A0A427F
:1064E0000083104200CB164200141D42005C234280
:1064F00000A5294200ED2F4200363642007E3C4284
:1065000000C74242000F4942A2000000F90000000B
:10651000830000006E0000004E00000044000000F8
:106520001500000029000000FC000000270000000A
:1065300057000000D1000000F5000000340000000A
:10654000DD000000C0000000DB0000006200000071
:1065500095000000990000003C000000430000008E
:106560009000000041000000FE000000510000000B
:1065700063000000AB000000DE000000BB00000074
:10658000C500000061000000B7000000240000000A
:106590006E0000003A000000420000004D000000C4
:1065A000D2000000E00000000600000049000000EA
:1065B0002E000000EA00000009000000D1000000E9
:1065C000920000001C000000FE0000001D00000002
:1065D000EB0000001C000000B100000029000000DA
:1065E000A70000003E000000E8000000820000005C
:1065F00035000000F50000002E000000BB00000088
:106600004400000084000000E90000009C0000003D
:106610007000000026000000B40000005F000000D1
:106620007E000000410000003900000091000000E1
:10663000D600000039000000830000005300000075
:1066400039000000F40000009C00000084000000FD
:106650005F0000008B000000BD000000F90000009A
:10666000280000003B0000001F000000F8000000B0
:1066700097000000FF000000DE00000005000000A1
:10668000980000000F000000EF0000002F00000045
:10669000110000008B0000005A0000000A000000FA
:1066A0006D0000001F0000006D00000036000000BB
:1066B0007E000000CF00000027000000CB0000009B
:1066C00009000000B70000004F0000004600000075
:1066D0003F000000660000009E0000005F00000018
:1066E000EA0000002D0000007500000027000000F7
:1066F000BA000000C7000000EB000000E500000049
:10670000F10000007B0000003D00000007000000D9
:1067100039000000F70000008A000000520000006D
:1067200092000000EA0000006B000000FB00000087
:106730005F000000B10000001F0000008D0000009D
:106740005D0000000800000056000000030000008B
:106750003000000046000000FC0000007B0000004C
:106760006B000000AB000000F0000000CF00000054
:10677000BC000000200000009A000000F4000000AF
:10678000360000001D000000A9000000E30000002A
:1067900091000000610000005E000000E6000000C3
:1067A0001B000000080000006500000099000000C8
:1067B000850000005F00000014000000A000000041
:1067C00068000000400000008D000000FF00000095
:1067D000D8000000800000004D00000073000000A1
:1067E0002700000031000000060000000600000045
:1067F0001500000056000000CA00000073000000F1
:10680000A8000000C900000060000000E2000000D5
:106810007B000000C00000008C0000006B00000046
:106820000400000007000000090000000000C93F4C
:106830000000F0390000DA370000A2330000842E97
:106840000000502B0000C2270000D0220000C41F0F
:106850000000C61B00004417000000000000304389
:1068600000000000000030C3000000000000000035
:106870000000000000000000000000000000000018
:106880000000000000000000000000000000000008
:1068900000000000000000000000000000000000F8
:1068A00000000000000000000000000000000000E8
:1068B00000000000000000000000000000000000D8
:1068C000000000000000000043000000D80100208C
:1068D00035000000CEFBFFFFCB03000001000000ED
:1068E0000000000000000000BC89D897B2D29C3C98
:1068F00033A7A8D523F649393DA7F444FD0FA532A7
:106900009D978CCF08BA5B25436FAC64280668114D
:1069100034000000CEFBFFFFCB03000001000000AD
:1069200000000000232D302B2000686C4C006566B1
:106930006745464700494E4600696E66004E414E27
:10694000006E616E003031323334353637383941BC
:1069500042434445460030313233343536373839D6
:106960006162636465660065256C64008A6903087A
:106970008D69030890690308412D46612D663839F9
:1069800030313233343536375D002B2D0030300056
:10699000785800002020202020202020202828288F
:1069A00028282020202020202020202020202020D7
:1069B000202020208810101010101010101010101F
:1069C000101010100404040404040404040410103F
:1069D00010101010104141414141410101010101DC
:1069E0000101010101010101010101010101011088
:1069F00010101010104242424242420202020202B1
:106A00000202020202020202020202020202021058
:106A10001010102000000000000000000000000026
:106A20000000000000000000000000000000000066
:106A30000000000000000000000000000000000056
:106A40000000000000000000000000000000000046
:106A50000000000000000000000000000000000036
:106A60000000000000000000000000000000000026
:106A70000000000000000000000000000000000016
:106A80000000000000000000000000000000000006
:106A900000000000496E66696E697479004E614EAF
:106AA00000504F534958002E000000000000000025
:106AB000000000000000F03F000000000000244043
:106AC00000000000000059400000000000408F401E
:106AD000000000000088C34000000000006AF84089
:106AE0000000000080842E4100000000D0126341AD
:106AF0000000000084D797410000000065CDCD4123
:106B0000000000205FA00242000000E87648374203
:106B1000000000A2941A6D42000040E59C30A242A1
:106B20000000901EC4BCD64200003426F56B0C4316
:106B30000080E03779C3414300A0D88557347643BD
:106B400000C84E676DC1AB43003D9160E458E1431E
:106B5000408CB5781DAF154450EFE2D6E41A4B4493
:106B600092D54D06CFF08044F64AE1C7022DB544D8
:106B7000B49DD9794378EA440080E03779C3414332
:106B8000176E05B5B5B89346F5F93FE9034F384D93
:106B9000321D30F94877825A3CBF737FDD4F15753F
:106BA00005000000190000007D000000000000004A
:106BB0000000000080000000000000000000000055
:106BC00000000000000000000000000000000000C5
:106BD00000000000000000000000000000000000B5
:106BE00000000000000000000000000000000000A5
:106BF00000000000280700200024F400010100002C
:106C0000000000006868030888680308A868030893
:106C10000000000000000000000000000000000074
:106C2000C868030800000000000000000000000029
:106C30000000000000000000000000000000000054
:106C40000000000000000000000000000000000044
:106C50000000000000000000000000000000000034
:106C6000D801002093690308A76A0308296903086B
:106C700029690308296903082969030829690308A0
:106C80002969030829690308296903082969030890
:106C9000FFFFFFFFFFFFFFFFFFFFFFFFFFFF000002
:106CA000AD010008CD0300088D0B0008153F00085A
:086CB00089010008000000004A
:040000050802229536
:00000001FF
